Node Type,name,single,release_date,genre,notable,id,written_date,stage_name,notoriety_date,release_year,grau_saida,grau_entrada,grau_total
Song,Breaking These Chains,True,2017,Oceanus Folk,True,0,,,,2017.0,2,3,5
Person,Carlos Duffy,,,,,1,,,,,2,0,2
Person,Min Qin,,,,,2,,,,,2,0,2
Person,Xiuying Xie,,,,,3,,,,,1,0,1
RecordLabel,Nautical Mile Records,,,,,4,,,,,0,2,2
Song,Unshackled Heart,False,2026,Lo-Fi Electronica,True,5,,,,2026.0,14,4,18
Person,Luke Payne,,,,,6,,,,,1,0,1
Person,Xiulan Zeng,,,,,7,,,,,12,0,12
Person,David Franklin,,,,,8,,,,,4,0,4
RecordLabel,Colline-Cascade Studios,,,,,9,,,,,0,71,71
Song,No Limits Left,True,2020,Indie Folk,True,10,2020,,,2020.0,2,4,6
Person,Gang Long,,,,,11,,,,,3,0,3
Person,Yong Yi,,,,,12,,,,,2,0,2
Person,Li Yi,,,,,13,,,,,4,0,4
RecordLabel,Ipecac Echo,,,,,14,,,,,0,15,15
Song,Sovereign Soul,True,2027,Darkwave,False,15,,,,2027.0,3,7,10
Person,Timothy Shea,,,,,16,,,,,3,0,3
Person,Philippine Colin,,,,,17,,,,,2,0,2
Person,Connor Juarez,,,,,18,,,,,1,0,1
Person,Jordan Mullins,,,,,19,,,,,2,0,2
Person,Xiuying Meng,,,,,20,,,,,3,0,3
RecordLabel,Plenaod Groove,,,,,21,,,,,0,1,1
RecordLabel,Crimson Echo,,,,,22,,,,,0,5,5
RecordLabel,Montfort Melodies,,,,,23,,,,,0,1,1
RecordLabel,Echo Chamber Studios | ECS,,,,,24,,,,,0,18,18
RecordLabel,Elysian Soundworks,,,,,25,,,,,0,10,10
Song,"Clean Lungs, Clear Mind",False,2022,Speed Metal,True,26,,,,2022.0,7,7,14
Person,Anatol Dietz,,,,,27,,The Hollow Lantern,,,4,0,4
Person,Tracy Simpson,,,,,28,,,,,1,0,1
Person,Lorraine Martinez,,,,,29,,,,,9,0,9
Person,Megan Bennett,,,,,30,,,,,33,0,33
RecordLabel,Galil Groove,,,,,31,,,,,0,18,18
RecordLabel,Collective Harmony,,,,,32,,,,,0,74,74
RecordLabel,Ascend Audio,,,,,33,,,,,0,14,14
RecordLabel,Nexus Sonic,,,,,34,,,,,0,24,24
Album,Sober Streets,,2007,Blues Rock,True,35,,,,2007.0,2,3,5
Person,Alexis Church,,,,,36,,,,,1,0,1
Person,Hansh Ramanathan,,,,,37,,,,,4,0,4
RecordLabel,Roccastrada,,,,,38,,,,,0,2,2
Song,Healthier Than Yesterday,True,2010,Indie Folk,True,39,,,,2010.0,1,4,5
Person,Na Dong,,,,,40,,,,,5,0,5
RecordLabel,Pulse Wave Music,,,,,41,,,,,0,1,1
Song,Midnight Clarity,True,2020,Synthwave,True,42,,,,2020.0,2,6,8
Person,James Taylor,,,,,43,,,,,6,0,6
Person,Jennifer Smith,,,,,44,,,,,2,0,2
Person,Kyle Anderson,,,,,45,,,,,2,0,2
RecordLabel,Echo Vault Records,,,,,46,,,,,0,58,58
RecordLabel,Verdant Verse,,,,,47,,,,,0,3,3
Song,Arcane Whispers,False,2017,Indie Folk,True,48,,,,2017.0,3,7,10
Person,Xia Yang,,,,,49,,,,,1,0,1
Person,Tao Zeng,,,,,50,,,,,2,0,2
Person,Guiying Qin,,,,,51,,,,,1,0,1
Person,Na Guo,,,,,52,,,,,6,0,6
RecordLabel,Univalle Groove,,,,,53,,,,,0,14,14
Song,Starlight's Sorcerer,True,2003,Alternative Rock,True,54,2003,,,2003.0,3,4,7
Person,Miki Hasegawa,,,,,55,,,,,2,0,2
Person,Asuka Takahashi,,,,,56,,,,,6,0,6
Person,Miki Miura,,,,,57,,,,,2,0,2
RecordLabel,Verdant Echo Recordings,,,,,58,,,,,0,2,2
RecordLabel,Crystalline Echo,,,,,59,,,,,0,3,3
Song,Runes and Riddles,True,2023,Americana,True,60,,,,2023.0,4,9,13
Person,Mitchell Hernandez,,,,,61,,,,,1,0,1
Person,Christopher Harris,,,,,62,,,,,1,0,1
Person,Min Qiao,,,,,63,,,,,1,0,1
Person,April Morris,,,,,64,,,,,1,0,1
Person,Sara Parker,,,,,65,,,,,6,0,6
Person,Gang Su,,,,,66,,,,,1,0,1
Person,Guiying Pan,,,,,67,,,,,6,0,6
RecordLabel,Heidewerken Records,,,,,68,,,,,0,1,1
RecordLabel,Calende Sound,,,,,69,,,,,0,1,1
RecordLabel,Basilique Sonore,,,,,70,,,,,0,1,1
Album,Forgotten Incantation,,2017,Indie Folk,True,71,,,,2017.0,4,7,11
Person,Amy Mejia,,,,,72,,,,,2,0,2
Person,Yang Pan,,,,,73,,,,,1,0,1
Person,Min Hu,,,,,74,,,,,8,0,8
Person,Juan Feng,,,,,75,,,,,7,0,7
Person,Ming Ren,,,,,76,,,,,6,0,6
RecordLabel,Esche Sounds,,,,,77,,,,,0,1,1
RecordLabel,Sonic Marsala,,,,,78,,,,,0,2,2
RecordLabel,Mucambo Groove,,,,,79,,,,,0,96,96
RecordLabel,Ridge Echo Records,,,,,80,,,,,0,7,7
Song,Elektronische Schritte Mit Italienern,True,1997,Indie Pop,True,81,,,,1997.0,2,7,9
Person,Min Ye,,,,,82,,,,,7,0,7
Person,Loretta Roberts,,,,,83,,,,,5,0,5
RecordLabel,Botha Recordings,,,,,84,,,,,0,7,7
RecordLabel,Placard Records,,,,,85,,,,,0,5,5
Song,Retro-Rhythmen Der 80er,True,2013,Americana,True,86,2013,,,2013.0,2,6,8
Person,Jun Gu,,,,,87,,,,,2,0,2
Person,Yan Feng,,,,,88,,,,,1,0,1
Person,Xiuying Dong,,,,,89,,,,,3,0,3
Person,Xiulan Li,,,,,90,,,,,7,0,7
RecordLabel,Verdant Groove,,,,,91,,,,,0,28,28
Song,Synth-Pop Tanz Explosion,True,2023,Americana,True,92,,,2023,2023.0,4,10,14
Person,Jun Fan,,,,,93,,,,,3,0,3
Person,Yan Yuan,,,,,94,,,,,1,0,1
Person,Diana Johnson,,,,,95,,,,,1,0,1
Person,Tammy Washington,,,,,96,,,,,1,0,1
Person,Lei Zhou,,,,,97,,,,,1,0,1
Person,Yong Yu,,,,,98,,,,,3,0,3
Person,Miki Hayashi,,,,,99,,,,,8,0,8
RecordLabel,Nixon's Archive,,,,,100,,,,,0,5,5
RecordLabel,Tangerine Pulse,,,,,101,,,,,0,1,1
Song,Neon Nacht Bewegung,True,2000,Doom Metal,True,102,2000,,,2000.0,2,3,5
Person,Cristina Marenzio,,,,,103,,,,,2,0,2
Person,Enzio Caffarelli,,,,,104,,,,,2,0,2
RecordLabel,Meridian Sound Studios,,,,,105,,,,,0,5,5
Song,Borderless Horizons,True,2020,Blues Rock,True,106,,,,2020.0,6,6,12
Person,Pompeo Turchi,,,,,107,,,,,5,0,5
Person,Brandon Vasquez,,,,,108,,,,,6,0,6
Person,Audrey-Camille Nicolas,,,,,109,,,,,10,0,10
RecordLabel,Northern Horizon,,,,,110,,,,,0,7,7
RecordLabel,Aura Pulse,,,,,111,,,,,0,8,8
Song,Cartographic Dreams,True,2007,Lo-Fi Electronica,True,112,,,,2007.0,2,6,8
Person,Fang Zhong,,,,,113,,,,,3,0,3
Person,Jie Long,,,,,114,,,,,3,0,3
Person,Ping Meng,,,,,115,,,,,19,0,19
Person,Wei Ye,,,,,116,,,,,3,0,3
RecordLabel,Epoch Resonance Records,,,,,117,,,,,0,19,19
RecordLabel,Periáñez Pulse,,,,,118,,,,,0,35,35
RecordLabel,Eye of the Record,,,,,119,,,,,0,2,2
RecordLabel,Cue Script Recordings,,,,,120,,,,,0,12,12
Song,Invisible Lines,True,2025,Indie Folk,True,121,2025,,,2025.0,2,6,8
Person,Sabina Hrušková,,,,,122,,,,,1,0,1
Person,Naděžda Pešková,,,,,123,,,,,1,0,1
Person,Michal Žák,,,,,124,,,,,1,0,1
Person,Miluše Dušková,,,,,125,,,,,1,0,1
Person,Miloš Pokorný,,,,,126,,,,,5,0,5
RecordLabel,Real Rhythm,,,,,127,,,,,0,5,5
Song,Sovereign Echoes,True,2026,Indie Rock,True,128,2026,,,2026.0,4,8,12
Person,Kim Gonzalez,,,,,129,, Ray Phoenix,,,1,0,1
Person,Yang Gu,,,,,130,,,,,1,0,1
Person,Li Lin,,,,,131,,,,,1,0,1
Person,Jie Yu,,,,,132,,,,,1,0,1
Person,Juan Luo,,,,,133,,,,,1,0,1
Person,Steven Cordova,,,,,134,,,,,1,0,1
Person,Xia Chang,,,,,135,,,,,1,0,1
Person,Fang Kong,,,,,136,,,,,1,0,1
RecordLabel,Pascoli Sonoro,,,,,137,,,,,0,18,18
RecordLabel,Adriatic Resonance,,,,,138,,,,,0,60,60
Song,Whispers from the Rocking Chair,True,2023,Speed Metal,True,139,,,2023,2023.0,5,4,9
Person,Min Pan,,,,,140,,Oblivion Rhapsody,,,1,0,1
Person,Xia Wu,,,,,141,,,,,15,0,15
Person,Wei Tang,,,,,142,,,,,9,0,9
RecordLabel,Radiant Echo,,,,,143,,,,,0,31,31
Song,Echoes of Forgotten Memories,True,2020,Indie Folk,True,144,,,,2020.0,1,6,7
Person,Adrien Charles,,,,,145,,,,,6,0,6
Person,Na Tang,,,,,146,,,,,2,0,2
Person,Na Qian,,,,,147,,,,,5,0,5
Song,Grandfather's Faded Photographs,True,2010,Speed Metal,True,148,2010,,,2010.0,8,7,15
Person,Xia Fu,,,,,149,,,,,9,0,9
Person,Li Luo,,,,,150,,,,,16,0,16
Person,Gang Zhao,,,,,151,,,,,13,0,13
RecordLabel,Genius Wave,,,,,152,,,,,0,2,2
RecordLabel,Ember Crescent,,,,,153,,,,,0,15,15
RecordLabel,Coastal Cadence,,,,,154,,,,,0,5,5
Album,Tales Without Words,,2010,Indie Folk,True,155,,,2010,2010.0,4,10,14
Person,Andrzej Schottin-Mühle,,,,,156,,,,,2,0,2
Person,Daria Boucsein,,,,,157,,,,,2,0,2
Person,Orhan Krein,,,,,158,,,,,3,0,3
Person,Ashley Waters,,,,,159,,,,,1,0,1
Person,Hans-Theo Eckbauer-Dehmel,,,,,160,,,,,3,0,3
Person,Sophia Baracca-Solimena,,,,,161,,,,,2,0,2
Person,Mia Carsten,,,,,162,,,,,8,0,8
Person,Regina Hesse,,,,,163,,,,,18,0,18
RecordLabel,Vives Sonores,,,,,164,,,,,0,27,27
RecordLabel,Nový Zvuk,,,,,165,,,,,0,1,1
RecordLabel,Hidrossonica,,,,,166,,,,,0,10,10
RecordLabel,Novan Sound,,,,,167,,,,,0,2,2
RecordLabel,Cascata Sound,,,,,168,,,,,0,43,43
Album,Whispers of Spring's Memory,,2026,Avant-Garde Folk,True,169,,,,2026.0,5,4,9
Person,Chao Yu,,,,,170,,,,,5,0,5
Person,Chao Qiao,,,,,171,,,,,3,0,3
Person,Lei Liao,,,,,172,,,,,14,0,14
RecordLabel,Blue Bayou Sound,,,,,173,,,,,0,24,24
RecordLabel,Echo Chamber Records,,,,,174,,,,,0,224,224
RecordLabel,Lantern Cascade Records,,,,,175,,,,,0,3,3
Song,Faded Ribbons and Childhood Dreams,True,2023,Darkwave,True,176,,,,2023.0,3,4,7
Person,Jie Yan,,,,,177,,,,,1,0,1
Person,Li Mo,,,,,178,,,,,4,0,4
Person,Emily Huynh,,,,,179,,,,,1,0,1
Person,Gang Yang,,,,,180,,,,,1,0,1
RecordLabel,Sierra Rubio Sounds,,,,,181,,,,,0,32,32
Song,The Last Bloom of Innocence,True,2013,Synthpop,True,182,2013,,,2013.0,2,3,5
Person,Guiying Feng,,,,,183,,,,,1,0,1
Person,Heidi Perez,,,,,184,,,,,1,0,1
Person,Lei Xue,,,,,185,,,,,1,0,1
RecordLabel,Spanish Harmony,,,,,186,,,,,0,3,3
Song,Echoes of a Springtime Past,True,2020,Indie Folk,True,187,,,,2020.0,4,4,8
Person,Cecilia Scholz,,,,,188,,,,,2,0,2
Person,Alma Davids,,,,,189,,,,,2,0,2
Person,Peter Haering,,,,,190,,,,,12,0,12
RecordLabel,Republic Records,,,,,191,,,,,0,12,12
Song,Bright Horizon,True,2013,Americana,True,192,,,,2013.0,1,4,5
Person,Elizabeth Phillips,,,,,193,,,,,2,0,2
Person,Ming Xiang,,,,,194,,,,,2,0,2
RecordLabel,Howling Squash Productions,,,,,195,,,,,0,15,15
Song,Radiant Dreams,True,2017,Indie Folk,True,196,,,,2017.0,3,3,6
Person,Xia Ren,,,,,197,,,,,4,0,4
Person,Wei Wu,,,,,198,,,,,1,0,1
Person,Tao Wei,,,,,199,,,,,1,0,1
Song,Light My Way,True,2017,Indie Folk,True,200,,,,2017.0,2,11,13
Person,Fang Zou,,,,,201,,,,,3,0,3
Person,Guiying Pan,,,,,202,,,,,3,0,3
Person,Tao Yao,,,,,203,,,,,1,0,1
Person,Juan Sun,,,,,204,,,,,1,0,1
Person,Jun Wei,,,,,205,,,,,2,0,2
Person,Tao Liao,,,,,206,,,,,1,0,1
Person,Juan Jia,,,,,207,,,,,5,0,5
RecordLabel,Twilight Passage,,,,,208,,,,,0,42,42
RecordLabel,Charleville Sound,,,,,209,,,,,0,4,4
Song,Luminous Path,True,2029,Darkwave,True,210,,,2029,2029.0,13,6,19
Person,Jing Han,,,,,211,,,,,1,0,1
Person,Jun Yao,,,,,212,,,,,2,0,2
Person,Lei Xie,,,,,213,,,,,1,0,1
Person,Qiang Cai,,,,,214,,,,,2,0,2
Person,Qiang Huang,,,,,215,,,,,1,0,1
Song,Spurs and Wedding Rings,True,2029,Alternative Rock,True,216,,,,2029.0,4,2,6
Person,Honoré Foucher,,,,,217,,,,,8,0,8
RecordLabel,Kamiogawa Rhythms,,,,,218,,,,,0,157,157
Song,"Lasso My Heart, Cowboy",True,1997,Dream Pop,True,219,,,,1997.0,1,11,12
Person,Ewa Zwara,,,,,220,, Azure Wind,,,2,0,2
Person,Olaf Szumny,,,,,221,,,,,4,0,4
Person,Jakub Dziuda,,,,,222,,,,,8,0,8
Person,Borys Kościk,,,,,223,,,,,16,0,16
RecordLabel,Vizinada Vinyl,,,,,224,,,,,0,9,9
Song,Rodeo Romance,True,2013,Doom Metal,True,225,,,,2013.0,3,6,9
Person,Ping Mo,,,,,226,,,,,3,0,3
Person,Chao Bai,,,,,227,,,,,2,0,2
Person,Na Gao,,,,,228,,,,,1,0,1
Person,Willie Phelps,,,,,229,,,,,1,0,1
Person,Jing Zhong,,,,,230,,,,,1,0,1
RecordLabel,Divine Harmony Studios,,,,,231,,,,,0,1,1
RecordLabel,Garenne Sound,,,,,232,,,,,0,17,17
Song,"Boots, Dust, and True Love",True,2013,Doom Metal,False,233,,,,2013.0,3,6,9
Person,Beth Carpenter,,,,,234,,,,,3,0,3
Person,Shannon Gordon,,,,,235,,,,,12,0,12
Person,Kimberly Castillo,,,,,236,,,,,13,0,13
RecordLabel,Mi'kmaq Rhythms,,,,,237,,,,,0,12,12
RecordLabel,Arrondissement Records,,,,,238,,,,,0,27,27
Album,"Radiant Morning, Endless Delight",,2015,Dream Pop,True,239,2015,,,2015.0,2,7,9
Person,Matthieu-Daniel Launay,,,,,240,,,,,1,0,1
Person,Yan Jia,,,,,241,,,,,4,0,4
Person,Juan Cai,,,,,242,,,,,2,0,2
Person,Saira Sood,,,,,243,,,,,1,0,1
RecordLabel,Inflected,,,,,244,,,,,0,18,18
RecordLabel,Harmony of Hope Recordings,,,,,245,,,,,0,6,6
RecordLabel,Ribes Rhythms,,,,,246,,,,,0,10,10
RecordLabel,Sonic Surge Records,,,,,247,,,,,0,3,3
RecordLabel,Ardennes Echo,,,,,248,,,,,0,6,6
Song,Sunbeams of Joy Cascading,True,2010,Emo/Pop Punk,True,249,,,,2010.0,7,8,15
Person,Mareen Schacht,,,,,250,,,,,18,0,18
Person,Chantal Stadelmann,,,,,251,,,,,2,0,2
Person,Stephanie Morales,,,,,252,,,,,3,0,3
Person,Amanda Nelson,,,,,253,,,,,2,0,2
Person,Dörthe Dehmel,,,,,254,,,,,3,0,3
RecordLabel,Resonate Records,,,,,255,,,,,0,2,2
RecordLabel,Prismatic Echo,,,,,256,,,,,0,15,15
RecordLabel,Rachel's Rhythm,,,,,257,,,,,0,2,2
Song,When Happiness Breaks Through,True,2029,Dream Pop,True,258,2029,,,2029.0,3,3,6
Person,David Sloan,,,,,259,,,,,1,0,1
Person,Gerald Shepherd,,,,,260,,,,,1,0,1
Person,Shawn Hart,,,,,261,,,,,1,0,1
RecordLabel,Pulse Sonic,,,,,262,,,,,0,11,11
RecordLabel,Falier Sound,,,,,263,,,,,0,6,6
Album,Brilliant Beyond Measure,,2018,Dream Pop,True,264,,,,2018.0,2,7,9
Person,Wei Zhang,,,,,265,,,,,1,0,1
Person,Ping Meng,,,,,266,,,,,3,0,3
Person,Walter White,,,,,267,,,,,6,0,6
Person,Na Kang,,,,,268,,,,,2,0,2
Person,Xia Zhong,,,,,269,,,,,3,0,3
RecordLabel,Mate Melody,,,,,270,,,,,0,46,46
RecordLabel,Sorgue Sonics,,,,,271,,,,,0,19,19
Song,Undying Affection,True,2017,Desert Rock,True,272,2017,,,2017.0,3,4,7
Person,Tao Zou,,,,,273,,,,,3,0,3
Person,Li Xie,,,,,274,,,,,4,0,4
Person,Na Lai,,,,,275,,,,,1,0,1
Person,Kendra Miller,,,,,276,,,,,2,0,2
RecordLabel,Guyonne Grove,,,,,277,,,,,0,9,9
RecordLabel,Eastern Flight Records,,,,,278,,,,,0,21,21
Album,Constant Heart,,2026,Alternative Rock,True,279,,,2026,2026.0,3,3,6
Person,George Bailey,,,,,280,,,,,2,0,2
Person,William Tran,,,,,281,,,,,1,0,1
RecordLabel,Bluegrass Horizon Records,,,,,282,,,,,0,2,2
Song,Unbreakable Bond,True,2029,Dream Pop,True,283,,,2029,2029.0,6,8,14
Person,Liza Rijcken,,,,,284,,,,,1,0,1
Person,Ben Ponci,,,,,285,,,,,1,0,1
Person,Liza Mahieu-Groenestein,,,,,286,,,,,1,0,1
Person,Ryan van 't Houteveen-Luboch,,,,,287,,,,,1,0,1
Person,Gerlind Sager-Ortmann,,,,,288,,,,,4,0,4
Person,Liam de Vrome,,,,,289,,,,,2,0,2
RecordLabel,Freefall Music,,,,,290,,,,,0,3,3
RecordLabel,Northern Apex Records,,,,,291,,,,,0,17,17
Song,Eternal Flame,True,2016,Dream Pop,True,292,2016,,,2016.0,2,6,8
Person,Joseph Alvarez,,,,,293,,,,,1,0,1
Person,Xiulan Huang,,,,,294,,,,,1,0,1
Person,Xia Shen,,,,,295,,,,,1,0,1
Person,Juan Long,,,,,296,,,,,7,0,7
RecordLabel,Bon-Air Beats,,,,,297,,,,,0,7,7
Song,Roots and Horizons,True,2013,Indie Folk,True,298,,,,2013.0,3,17,20
Person,Ingbert Hertrampf,,,,,299,,,,,3,0,3
Person,Klaus-Günter Kensy,,,,,300,,,,,6,0,6
Person,Robert Peters,,,,,301,,,,,2,0,2
Person,Cindy Lübs,,,,,302,,,,,9,0,9
Person,Corinna Gute,,,,,303,,,,,15,0,15
Person,Belinda Knappe,,,,,304,,,,,19,0,19
Person,Bekir Bruder,,,,,305,,,,,18,0,18
RecordLabel,Riverflow Records,,,,,306,,,,,0,23,23
RecordLabel,Steinach Sound,,,,,307,,,,,0,1,1
Song,Heartland Anthem,True,2014,Dream Pop,True,308,2014,,,2014.0,1,4,5
Person,Jun Ye,,,,,309,,,,,2,0,2
Person,Min Long,,,,,310,,,,,1,0,1
RecordLabel,Reverie Records,,,,,311,,,,,0,1,1
Album,Borderless Pride,,2007,Synthwave,True,312,,,,2007.0,2,10,12
Person,Li Liao,,,,,313,,,,,1,0,1
Person,Cristian Bonilla,,,,,314,,,,,11,0,11
Person,Xiuying Guo,,,,,315,,,,,3,0,3
Person,Lei Xue,,,,,316,,,,,7,0,7
Person,Gang Bai,,,,,317,,,,,13,0,13
RecordLabel,Aveyron Sonics,,,,,318,,,,,0,2,2
RecordLabel,Arsizio Sonic,,,,,319,,,,,0,13,13
RecordLabel,MTJ Harmony,,,,,320,,,,,0,36,36
Song,Soil of My Soul,False,2025,Space Rock,True,321,2019,,,2025.0,5,6,11
Person,Kelly Long,,,,,322,,,,,1,0,1
Person,Janice Fuentes,,,,,323,,,,,2,0,2
Person,Samantha Padilla,,,,,324,,,,,1,0,1
Person,Ryan Pollard,,,,,325,,,,,1,0,1
Person,Laura Davis,,,,,326,,,,,1,0,1
RecordLabel,Crossroads Collective,,,,,327,,,,,0,6,6
RecordLabel,Univalle Music,,,,,328,,,,,0,1,1
Song,Decade's Melody of Memories,True,2025,Blues Rock,True,329,,,,2025.0,4,8,12
Person,Kerri Weeks,,,,,330,,,,,3,0,3
Person,Louis Armstrong,,,,,331,,,,,2,0,2
Person,David Hayes,,,,,332,,,,,6,0,6
Person,Lauren Foster,,,,,333,,,,,3,0,3
Person,Christopher Lee,,,,,334,,,,,6,0,6
RecordLabel,Vienna Echo,,,,,335,,,,,0,4,4
RecordLabel,Koski Resonance,,,,,336,,,,,0,1,1
RecordLabel,Bandmaster Music,,,,,337,,,,,0,2,2
RecordLabel,Bockelmann Soundworks,,,,,338,,,,,0,9,9
Album,Whispers of a Thousand Moons,,2027,Southern Gothic Rock,True,339,2027,,2027,2027.0,4,4,8
Person,Kornelia Raczkiewicz,,,,,340,,,,,1,0,1
Person,Dierk Bohlander,,,,,341,,,,,5,0,5
RecordLabel,Archival Resonance Records,,,,,342,,,,,0,51,51
RecordLabel,Briis Valley Studios,,,,,343,,,,,0,3,3
Album,Echoes from the Distant Years,,2013,Indie Rock,True,344,2013,,,2013.0,3,5,8
Person,Laila Rosenow-Mans,,,,,345,,,,,1,0,1
Person,Ulrich Klotz,,,,,346,,,,,2,0,2
Person,Frau Marianna Wernecke,,,,,347,,,,,4,0,4
RecordLabel,Botha Rhythms,,,,,348,,,,,0,5,5
Song,Rhythms of a Lingering Love,True,2028,Americana,True,349,2028,,,2028.0,3,10,13
Person,Michael Williamson,,,,,350,,,,,1,0,1
Person,Tao Tan,,,,,351,,,,,1,0,1
Person,Guiying Fang,,,,,352,,,,,2,0,2
Person,Li Zheng,,,,,353,,,,,2,0,2
Person,Qiang Zheng,,,,,354,,,,,1,0,1
Person,Juan Yin,,,,,355,,,,,10,0,10
Person,Ping Bai,,,,,356,,,,,1,0,1
RecordLabel,New York Harmony,,,,,357,,,,,0,26,26
Song,Endless Horizon,False,2027,Post-Apocalyptic Folk,True,358,,,2027,2027.0,6,6,12
Person,Wei Mao,,,,,359,,,,,2,0,2
Person,Wei Xiao,,,,,360,,,,,4,0,4
Person,Gang Chen,,,,,361,,,,,4,0,4
Person,Yong Yao,,,,,362,,,,,2,0,2
RecordLabel,Singleton Groove,,,,,363,,,,,0,29,29
RecordLabel,Arrayán,,,,,364,,,,,0,10,10
Song,Footprints Beyond Tomorrow,True,2021,Indie Rock,True,365,2021,,,2021.0,2,6,8
Person,Juan Meng,,,,,366,,,,,2,0,2
Person,Tao Yan,,,,,367,,,,,1,0,1
Person,Juan Zhu,,,,,368,,,,,2,0,2
Person,Ping Liang,,,,,369,,,,,2,0,2
RecordLabel,Wilderness Frequency,,,,,370,,,,,0,31,31
Song,Wandering Without End,True,2017,Synthwave,True,371,,,,2017.0,1,5,6
Person,Tao Cui,,,,,372,, FL∆ME,,,5,0,5
Person,Na Hu,,,,,373,,,,,1,0,1
Person,Tao Qin,,,,,374,,,,,1,0,1
RecordLabel,Midnight Groove,,,,,375,,,,,0,5,5
Song,Infinite Pathway,False,2030,Dream Pop,True,376,,,,2030.0,2,5,7
Person,Hildegund Wilmsen,,,,,377,,,,,2,0,2
Person,Rosalie Hettner-Warmer,,,,,378,,,,,3,0,3
Person,Jutta Matthäi,,,,,379,,,,,2,0,2
Person,Hanne-Lore Scholl-Heser,,,,,380,,,,,3,0,3
RecordLabel,Luminoso Recordings,,,,,381,,,,,0,4,4
Song,Last Call at the Goodbye Cafe,True,2027,Dream Pop,True,382,2027,,,2027.0,2,7,9
Person,Mackenzie Compton,,,,,383,,Arcana,,,1,0,1
Person,Hannah Wilkinson,,,,,384,,Leo Sinclair,,,1,0,1
Person,Cynthia Nash,,,,,385,,,,,1,0,1
Person,Sharon Holland,,,,,386,,,,,1,0,1
Person,Beverly Johnson,,,,,387,,,,,1,0,1
Person,Jun Song,,,,,388,,,,,2,0,2
RecordLabel,Neuendorf Sounds,,,,,389,,,,,0,5,5
RecordLabel,Guyon Seine Recordings,,,,,390,,,,,0,1,1
Song,Espresso Farewell,True,2030,Dream Pop,True,391,,,,2030.0,3,4,7
Person,Jing Yang,,,,,392,,,,,2,0,2
Person,Xia Li,,,,,393,,,,,1,0,1
Person,Min Jin,,,,,394,,,,,1,0,1
Song,Broken Mugs and Memories,True,2022,Post-Apocalyptic Folk,True,395,,,,2022.0,4,4,8
Person,Min Chang,,,,,396,,,,,1,0,1
Person,Qiang Meng,,,,,397,,,,,3,0,3
Person,Xia Chen,,,,,398,,,,,1,0,1
Person,Wei Bai,,,,,399,,,,,1,0,1
RecordLabel,Whitesmith Recordings,,,,,400,,,,,0,6,6
RecordLabel,Duumvirate Recordings,,,,,401,,,,,0,3,3
Song,The Final Brew,True,2011,Synthwave,True,402,,,,2011.0,3,6,9
Person,Dunja Reinhardt,,,,,403,,,,,6,0,6
Person,Eckehard Wagner,,,,,404,,,,,3,0,3
Person,Leyla Graf-Gotthard,,,,,405,,,,,28,0,28
RecordLabel,Heritage Sound Studios,,,,,406,,,,,0,22,22
Song,Scorched Lineage,True,2017,Doom Metal,True,407,2017,,,2017.0,3,4,7
Person,Barbara Russell,,,,,408,,,,,2,0,2
Person,William Warren,,,,,409,,,,,1,0,1
Person,Destiny Norman,,,,,410,,,,,3,0,3
RecordLabel,Verge,,,,,411,,,,,0,2,2
RecordLabel,Mela Melodia,,,,,412,,,,,0,1,1
Song,Embers of Inheritance,True,2013,Indie Pop,True,413,2013,,,2013.0,8,3,11
Person,Jimmy Brown,,,,,414,,,,,2,0,2
Person,Denise Bell,,,,,415,,,,,3,0,3
RecordLabel,Gagnef Groove,,,,,416,,,,,0,17,17
RecordLabel,Ipecac Grooves,,,,,417,,,,,0,1,1
RecordLabel,Sanctuary Pulse,,,,,418,,,,,0,31,31
Song,Crimson Birthright,True,1994,Doom Metal,True,419,,,,1994.0,1,4,5
Person,Jasmine Thompson,,,,,420,,,,,1,0,1
Person,Deanna Johnson,,,,,421,,,,,2,0,2
RecordLabel,Harmony Descent,,,,,422,,,,,0,8,8
Song,Flames of Descent,True,2000,Southern Gothic Rock,True,423,,,,2000.0,3,7,10
Person,Sherry Russell,,,,,424,,,,,3,0,3
Person,Hazel Kara,,,,,425,,,,,8,0,8
Person,Juan Hu,,,,,426,,,,,1,0,1
Person,Tammy Mcdonald,,,,,427,,,,,3,0,3
RecordLabel,Rumson Records,,,,,428,,,,,0,2,2
RecordLabel,Primrose Sounds,,,,,429,,,,,0,1,1
RecordLabel,Static Frequency,,,,,430,,,,,0,3,3
Album,Cobblestone Waltz,,2000,Americana,True,431,,,,2000.0,1,9,10
Person,Lei Zhou,,,,,432,,,,,1,0,1
Person,Ping Chen,,,,,433,,,,,2,0,2
Person,Juan Gao,,,,,434,,,,,4,0,4
Person,Juan Xu,,,,,435,,,,,3,0,3
Person,Deborah Rogers,,,,,436,,,,,2,0,2
RecordLabel,Foreign Affairs Recordings,,,,,437,,,,,0,28,28
Song,Parisian Shadows on the Hill,True,2010,Dream Pop,True,438,,,2010,2010.0,1,37,38
Person,Fang Zou,,,,,439,,,,,1,0,1
Person,Gang Cui,,,,,440,,,,,7,0,7
Person,Alisha Fuller,,,,,441,,,,,9,0,9
Person,John Ferguson,,,,,442,,,,,5,0,5
Person,Guiying Qin,,,,,443,,,,,8,0,8
RecordLabel,Adra Amplify,,,,,444,,,,,0,69,69
Album,Twilight at Saint-Genevieve,,2017,Psychedelic Rock,True,445,2017,,,2017.0,2,38,40
Person,Joseph Vargas,,,,,446,,,,,2,0,2
Person,Keith Harrison,,,,,447,,,,,1,0,1
RecordLabel,Strict Pulse,,,,,448,,,,,0,3,3
Song,Dancing Stones of Memory,True,2004,Southern Gothic Rock,True,449,,,,2004.0,3,4,7
Person,Jun Cao,,,,,450,,,,,8,0,8
Person,Gang Lei,,,,,451,,,,,4,0,4
Person,Juan Luo,,,,,452,,,,,1,0,1
RecordLabel,Stellar Serenade,,,,,453,,,,,0,1,1
Song,Celestial Blueprints,True,1998,Synthwave,True,454,1998,,,1998.0,2,15,17
Person,Yang Peng,,,,,455,,,,,13,0,13
Person,Yan Tang,,,,,456,,,,,5,0,5
Person,Min Cao,,,,,457,,,,,8,0,8
RecordLabel,Lithic Resonance,,,,,458,,,,,0,6,6
RecordLabel,Larchmont Sound,,,,,459,,,,,0,13,13
RecordLabel,Crossroads & Highways,,,,,460,,,,,0,20,20
Song,Hands That Weave Existence,True,2027,Americana,True,461,,,,2027.0,3,5,8
Person,Marie-Louise Wesack,,,,,462,,,,,2,0,2
Person,Alexei Gotthard,,,,,463,,,,,1,0,1
Person,Alma Vollbrecht,,,,,464,,,,,1,0,1
Person,Ildiko Wesack,,,,,465,,,,,1,0,1
RecordLabel,Daybreak Horizon Records,,,,,466,,,,,0,4,4
Song,Divine Architecture,True,2020,Post-Apocalyptic Folk,True,467,,,,2020.0,3,17,20
Person,Tao Dong,,,,,468,, Thunder Child,,,1,0,1
Person,Jing Yang,,,,,469,,,,,2,0,2
Person,Jun Qiu,,,,,470,,,,,1,0,1
Person,Juan Xiong,,,,,471,,,,,1,0,1
RecordLabel,Veredas Sonoras,,,,,472,,,,,0,2,2
Album,The Maker's Symphony,,2027,Synthwave,True,473,,,2027,2027.0,4,4,8
Person,Jie Hou,,,,,474,,,,,1,0,1
Person,Qiang Lai,,,,,475,,,,,1,0,1
Person,Xiuying Yuan,,,,,476,,,,,2,0,2
RecordLabel,Stage Collective Records,,,,,477,,,,,0,21,21
Song,Whispers of Green Hope,True,2018,Speed Metal,True,478,,,,2018.0,3,3,6
Person,Yong Fan,,,,,479,,,,,1,0,1
Person,Jun Wan,,,,,480,,,,,6,0,6
RecordLabel,Llangréu Records,,,,,481,,,,,0,7,7
Album,"Thawing Hearts, Blooming Dreams",,2004,Dream Pop,True,482,2004,,,2004.0,2,2,4
Person,Wei Su,,,,,483,,,,,4,0,4
Person,Min Zhou,,,,,484,,,,,1,0,1
Song,Resilience in Renewal,True,1998,Southern Gothic Rock,True,485,,,,1998.0,2,4,6
Person,Veronica Burns,,,,,486,,,,,1,0,1
Person,Andrew Lang,,,,,487,,,,,5,0,5
RecordLabel,Monticello Sound,,,,,488,,,,,0,39,39
RecordLabel,Windveer Records,,,,,489,,,,,0,6,6
RecordLabel,Sonora Nocturne,,,,,490,,,,,0,3,3
Song,After the Frost Surrenders,True,2029,Dream Pop,True,491,2029,,,2029.0,3,5,8
Person,Yang Pan,,,,,492,,,,,1,0,1
Person,Chao Shen,,,,,493,,,,,1,0,1
Person,Fang Wan,,,,,494,,,,,1,0,1
Person,Qiang Wu,,,,,495,,,,,5,0,5
RecordLabel,Cresnes Studios,,,,,496,,,,,0,13,13
Song,Rollin' Through the Groove,True,2000,Indie Folk,True,497,,,,2000.0,3,5,8
Person,Joshua Brewer,,,,,498,,,,,1,0,1
Person,Wei Li,,,,,499,,,,,1,0,1
Person,Chao Jin,,,,,500,,,,,2,0,2
Person,Wei Meng,,,,,501,,,,,1,0,1
RecordLabel,Shelby Horizon Records,,,,,502,,,,,0,1,1
RecordLabel,Cernusco Sonic,,,,,503,,,,,0,1,1
Song,Never Stop the Boogie,True,2028,Dream Pop,True,504,2028,,,2028.0,3,6,9
Person,Juan Shi,,,,,505,, Storm,,,1,0,1
Person,Erin Mitchell,,,,,506,,,,,2,0,2
Person,Li Lei,,,,,507,,,,,1,0,1
Person,Tao He,,,,,508,,,,,4,0,4
RecordLabel,Campania Soundworks,,,,,509,,,,,0,14,14
Album,Endless Rhythm Ride,,2028,Alternative Rock,True,510,,,,2028.0,3,5,8
Person,Mateusz Mikoda,,,,,511,,,,,4,0,4
Person,Aniela Wszoła,,,,,512,,,,,2,0,2
Person,Tobiasz Haponiuk,,,,,513,,,,,2,0,2
RecordLabel,Sketch Sonic,,,,,514,,,,,0,45,45
RecordLabel,Urban Echo Records,,,,,515,,,,,0,3,3
Song,Choogle On Down the Road (First Draft),True,2023,Doom Metal,True,516,2023,,,2023.0,2,3,5
Person,Chiyo Nakajima,,,,,517,,,,,2,0,2
Person,Tsubasa Sasaki,,,,,518,,,,,1,0,1
RecordLabel,Highland Echo Records,,,,,519,,,,,0,3,3
Song,Beta Version,True,1991,Synthwave,True,520,,,,1991.0,1,5,6
Person,Nisa van de Biezenbos,,,,,521,,,,,2,0,2
Person,Yara Robbrechts Bruijne,,,,,522,,,,,1,0,1
Person,Sophie Broeckx,,,,,523,,,,,1,0,1
RecordLabel,Navigatör Skivbolag,,,,,524,,,,,0,2,2
Song,Experimental Model,True,2007,Doom Metal,True,525,2007,,,2007.0,2,7,9
Person,Yumiko Ito,,,,,526,,,,,4,0,4
Person,Kenichi Matsuda,,,,,527,,,,,1,0,1
Person,Tomoya Shimizu,,,,,528,,,,,1,0,1
Person,Mai Sato,,,,,529,,,,,4,0,4
RecordLabel,Peak Limit Records,,,,,530,,,,,0,6,6
RecordLabel,Kyoto Arc,,,,,531,,,,,0,1,1
RecordLabel,Elche Echo Records,,,,,532,,,,,0,12,12
Album,Rough Schematic,,2023,Dream Pop,True,533,2020,,,2023.0,3,12,15
Person,Jie Shen,,,,,534,,,,,1,0,1
Person,Guiying Pan,,,,,535,,,,,2,0,2
Person,Juan Zeng,,,,,536,,,,,1,0,1
Person,Jie Yao,,,,,537,,,,,2,0,2
Person,Na Hu,,,,,538,,,,,2,0,2
Person,Chao Yang,,,,,539,,,,,2,0,2
Person,Rei Ito,,,,,540,,,,,5,0,5
RecordLabel,Latium Sonics,,,,,541,,,,,0,14,14
RecordLabel,World Sonic,,,,,542,,,,,0,9,9
Song,Lonesome Till Dawn,True,2020,Doom Metal,True,543,,,,2020.0,2,10,12
Person,Gisa Hettner-Adler,,,,,544,,,,,1,0,1
Person,Herr Heinz-Walter Scheuermann,,,,,545,,,,,5,0,5
Person,Emmy Bonbach,,,,,546,,,,,6,0,6
Person,Hilmar Hänel,,,,,547,,,,,5,0,5
RecordLabel,Lanterne,,,,,548,,,,,0,11,11
RecordLabel,Verdana Sounds,,,,,549,,,,,0,30,30
Song,Sleepless Without You,True,1999,Southern Gothic Rock,True,550,,,,1999.0,2,6,8
Person,Szymon Pyć,,,,,551,,,,,49,0,49
RecordLabel,Phantom Trace,,,,,552,,,,,0,38,38
Song,Midnight's Restless Echo,True,2013,Oceanus Folk,True,553,,,,2013.0,1,5,6
Person,William Lynch,,,,,554,,,,,1,0,1
Person,Justin Morse,,,,,555,,,,,2,0,2
Person,Eduardo Gonzalez,,,,,556,,,,,1,0,1
RecordLabel,Enlightened Horizon Records,,,,,557,,,,,0,4,4
Song,Insomnia's Lonely Whisper,True,2027,Alternative Rock,True,558,,,,2027.0,4,6,10
Person,Christine Bonnin-Morel,,,,,559,,,,,4,0,4
Person,Charlotte Lefèvre,,,,,560,,,,,4,0,4
Person,Rémy Denis de Duhamel,,,,,561,,,,,6,0,6
Person,Antoine Perrot-Léger,,,,,562,,,,,6,0,6
Song,Destination You,True,2026,Synthwave,True,563,2026,,,2026.0,4,6,10
Person,Yan Su,,,,,564,,,,,4,0,4
Person,Wei Mo,,,,,565,,,,,3,0,3
Person,Tao Yang,,,,,566,,,,,8,0,8
Person,Juan Yan,,,,,567,,,,,5,0,5
RecordLabel,Harmonic Capital Recordings,,,,,568,,,,,0,42,42
Song,Wanderlust and Desire,True,2025,Dream Pop,True,569,2022,,,2025.0,3,5,8
Person,Lei Ma,,,,,570,,,,,2,0,2
Person,Erin Fox,,,,,571,,,,,5,0,5
Person,Scott Nichols,,,,,572,,,,,2,0,2
Person,Jie Zheng,,,,,573,,,,,2,0,2
RecordLabel,Harmonic Horizon,,,,,574,,,,,0,2,2
RecordLabel,Alta Cascata,,,,,575,,,,,0,55,55
RecordLabel,Sonic Horizon Records,,,,,576,,,,,0,2,2
Album,Roadmap to Your Heart,,2027,Space Rock,True,577,2027,,,2027.0,6,3,9
Person,Wei Gao,,,,,578,,,,,1,0,1
Person,Lei Fu,,,,,579,,,,,4,0,4
RecordLabel,Auric Membrane,,,,,580,,,,,0,4,4
Song,Travel Plans (With You),True,1997,Dream Pop,True,581,,,,1997.0,2,4,6
Person,Sophia Dippel,,,,,582,,,,,2,0,2
Person,Concetta Klotz,,,,,583,,,,,4,0,4
RecordLabel,Diplomatic Grace Records,,,,,584,,,,,0,5,5
Song,Temporal Whispers,True,2024,Post-Apocalyptic Folk,True,585,,,,2024.0,2,6,8
Person,John Barnes,,,,,586,,,,,1,0,1
Person,Kelly Cummings,,,,,587,,,,,1,0,1
Person,Min Yan,,,,,588,,,,,2,0,2
RecordLabel,Resonant Cascade,,,,,589,,,,,0,2,2
Song,Clockwork Memories,False,2029,Dream Pop,True,590,2029,,,2029.0,5,6,11
Person,Jun Cui,,,,,591,,,,,2,0,2
Person,Xiulan Shen,,,,,592,,,,,9,0,9
Person,Li Lei,,,,,593,,,,,9,0,9
Person,Na Fan,,,,,594,,,,,9,0,9
Person,Chao Zou,,,,,595,,,,,2,0,2
RecordLabel,Devotional Pulse Records,,,,,596,,,,,0,14,14
Album,Fragments of Daylight,,2025,Jazz Surf Rock,True,597,2025,,,2025.0,1,4,5
Person,Kayla Campbell,,,,,598,,,,,4,0,4
Person,Stacey Bruce,,,,,599,,,,,1,0,1
Song,Silent Chronology,True,2028,Dream Pop,True,600,2028,,,2028.0,6,10,16
Person,Kayla Taylor,,,,,601,, K.O. James,,,1,0,1
Person,Jason Roberts,,,,,602,,,,,2,0,2
Person,Gary Wallace,,,,,603,,,,,1,0,1
Person,Linda Ward,,,,,604,,,,,2,0,2
Person,Lindsay Marsh,,,,,605,,,,,1,0,1
Person,Isabella Cook,,,,,606,,,,,1,0,1
Person,Shannon Romero,,,,,607,,,,,1,0,1
Person,Mary Griffin,,,,,608,,,,,1,0,1
RecordLabel,Verdant Realm Records,,,,,609,,,,,0,2,2
RecordLabel,Global Harmony,,,,,610,,,,,0,5,5
Song,Steep and Ancestral,False,2014,Indie Folk,True,611,2014,,,2014.0,5,10,15
Person,Elizabeth Saunders,,,,,612,,,,,6,0,6
Person,Jonathan Snyder,,,,,613,,,,,1,0,1
Person,Xiulan He,,,,,614,,,,,4,0,4
Person,Shawn Wilson,,,,,615,,,,,2,0,2
Person,Jermaine York,,,,,616,,,,,1,0,1
Person,Tao Yang,,,,,617,,,,,18,0,18
RecordLabel,Luminar Records,,,,,618,,,,,0,2,2
RecordLabel,Sclafani Sound Studios,,,,,619,,,,,0,2,2
RecordLabel,99Ascent,,,,,620,,,,,0,98,98
Song,Leaves of Legacy,True,2023,Doom Metal,False,621,,,,2023.0,3,2,5
Person,Andrew Snyder,,,,,622,,,,,6,0,6
RecordLabel,Kuvalta Records,,,,,623,,,,,0,5,5
RecordLabel,Lilybaeum Recordings,,,,,624,,,,,0,10,10
Song,Ceramic Memories,True,2023,Indie Folk,True,625,,,,2023.0,5,7,12
Person,Kornel Troka,,,,,626,,,,,2,0,2
Person,Liwia Olbrych,,,,,627,,,,,8,0,8
Person,Nicole Sudak,,,,,628,,,,,6,0,6
Person,Marcelina Ogłaza,,,,,629,,,,,2,0,2
RecordLabel,Mer Melody,,,,,630,,,,,0,1,1
RecordLabel,Nebula Resonance,,,,,631,,,,,0,2,2
Song,Brewing Heritage,True,2012,Alternative Rock,True,632,,,,2012.0,3,11,14
Person,Guiying Shi,,,,,633,,,,,10,0,10
Person,Jie Hu,,,,,634,,,,,5,0,5
RecordLabel,Echoes of Seoul,,,,,635,,,,,0,21,21
Album,"Oh, Steven",,1999,Synthwave,True,636,,,,1999.0,2,5,7
Person,Ping Zhang,,,,,637,, Zara Moon,,,1,0,1
Person,Guiying Gu,,,,,638,,,,,1,0,1
Person,Ming Yan,,,,,639,,,,,3,0,3
RecordLabel,Kemono Harmony,,,,,640,,,,,0,6,6
RecordLabel,Colli Armonici,,,,,641,,,,,0,2,2
Album,Whispers to Steven,,2010,Darkwave,True,642,2010,,,2010.0,3,11,14
Person,Min Chang,,,,,643,,,,,2,0,2
Person,Qiang Shi,,,,,644,,,,,3,0,3
Person,Lei Yi,,,,,645,,,,,1,0,1
Person,Hans-H. Jacobi Jäckel,,,,,646,,,,,1,0,1
Person,Jie Gu,,,,,647,,,,,3,0,3
Person,Jie Zheng,,,,,648,,,,,5,0,5
Person,Na Pan,,,,,649,,,,,5,0,5
Person,Gang Liao,,,,,650,,,,,1,0,1
RecordLabel,Memory Tide,,,,,651,,,,,0,3,3
RecordLabel,Rockville Records,,,,,652,,,,,0,40,40
Album,Dear Steven (Before You Know),,2023,Psychedelic Rock,True,653,,,2023,2023.0,2,10,12
Person,Guiying Zhou,,,,,654,,,,,3,0,3
Person,Lei Fan,,,,,655,,,,,2,0,2
Person,Yang Cui,,,,,656,,,,,4,0,4
Person,Min Liao,,,,,657,,,,,3,0,3
Person,Min Xie,,,,,658,,,,,3,0,3
Person,Li Mo,,,,,659,,,,,1,0,1
Person,Xiuying Mao,,,,,660,,,,,2,0,2
RecordLabel,Louis Legacy Records,,,,,661,,,,,0,1,1
Album,Waiting for Steven,,2028,Indie Folk,True,662,2021,,,2028.0,3,10,13
Person,Ping He,,,,,663,,,,,2,0,2
Person,Ping Xie,,,,,664,,,,,1,0,1
Person,Mary Harris,,,,,665,,,,,2,0,2
Person,Tanya Webb,,,,,666,,,,,1,0,1
Person,Ping Wei,,,,,667,,,,,2,0,2
Person,Xia Ye,,,,,668,,,,,1,0,1
Person,Adam Hinton,,,,,669,,,,,1,0,1
RecordLabel,Velvet Grove,,,,,670,,,,,0,7,7
RecordLabel,Nebeský Tón,,,,,671,,,,,0,24,24
RecordLabel,Radiant Echo Records,,,,,672,,,,,0,3,3
Song,Paternal Echoes,True,2023,Doom Metal,True,673,,,,2023.0,3,12,15
Person,Anna Shaw,,,,,674,,,,,2,0,2
Person,Jake Marchal,,,,,675,,,,,1,0,1
Person,Brandon Bartlett,,,,,676,,,,,7,0,7
Person,Kristin Miranda,,,,,677,,,,,3,0,3
Person,Nathan Bryant,,,,,678,,,,,7,0,7
Person,James Reyes,,,,,679,,,,,5,0,5
Person,Todd Maldonado,,,,,680,,,,,3,0,3
RecordLabel,Mellon Sonic,,,,,681,,,,,0,2,2
RecordLabel,Avernes Sound,,,,,682,,,,,0,11,11
Album,Whispers of a Father's Heart,,2025,Jazz Surf Rock,True,683,,,2025,2025.0,5,6,11
Person,Gang Zhao,,,,,684,,,,,2,0,2
Person,Fang Wu,,,,,685,,,,,2,0,2
Person,Yang Zheng,,,,,686,,,,,3,0,3
Person,Gang Chen,,,,,687,,,,,3,0,3
Person,Ming Xiao,,,,,688,,,,,1,0,1
RecordLabel,Kamiogawa Grooves,,,,,689,,,,,0,9,9
Album,Lullaby of Generations,,1994,Alternative Rock,True,690,,,,1994.0,2,3,5
Person,Blake Rodriguez,,,,,691,,,,,3,0,3
Person,Carrie Martin,,,,,692,,,,,2,0,2
RecordLabel,Sanctus Resonance,,,,,693,,,,,0,1,1
RecordLabel,Nocturne Collective,,,,,694,,,,,0,4,4
Song,Roots and Rhythms,True,2012,Avant-Garde Folk,True,695,,,2012,2012.0,3,3,6
Person,Fang Chen,,,,,696,,,,,4,0,4
Person,Yong Zheng,,,,,697,,,,,28,0,28
RecordLabel,Sonora Liminal,,,,,698,,,,,0,22,22
Song,Horizon's Whisper,True,2023,Dream Pop,True,699,,,,2023.0,1,7,8
Person,Michelle Shepard,,,,,700,,,,,1,0,1
Person,Jonathan Williams,,,,,701,,,,,1,0,1
Person,Noah Overeem,,,,,702,,,,,7,0,7
Person,Makayla Stone,,,,,703,,,,,7,0,7
RecordLabel,MTJ Horizon,,,,,704,,,,,0,7,7
Song,Midnight Visions,False,2020,Alternative Rock,True,705,2020,,,2020.0,6,6,12
Person,Karl-Josef Reinhardt,,,,,706,,,,,1,0,1
Person,Kelsey Campbell,,,,,707,,,,,10,0,10
Person,Karin Dippel,,,,,708,,,,,5,0,5
Person,Ida Lachmann,,,,,709,,,,,4,0,4
RecordLabel,West Rhythm Records,,,,,710,,,,,0,9,9
RecordLabel,Echo Chamber,,,,,711,,,,,0,8,8
RecordLabel,Pinula Pulse,,,,,712,,,,,0,3,3
Album,Sleepwalker's Anthem,,2027,Dream Pop,True,713,,,,2027.0,4,6,10
Person,Jie Cai,,,,,714,, Lotus Grey,,,2,0,2
Person,Li Wei,,,,,715,,,,,2,0,2
Person,Charlene Lopez,,,,,716,,,,,4,0,4
Person,Ping Lin,,,,,717,,,,,2,0,2
Person,Lei Gu,,,,,718,,,,,2,0,2
RecordLabel,Thyrnau Tunes,,,,,719,,,,,0,2,2
Song,Ethereal Wanderer,True,2023,Oceanus Folk,True,720,,,2023,2023.0,3,8,11
Person,Ryan Devan,,,,,721,,,,,1,0,1
Person,Onkar Kata,,,,,722,,,,,1,0,1
Person,Tiya Sani,,,,,723,,,,,1,0,1
Person,Tara Kota,,,,,724,,,,,2,0,2
Person,Yuvraj  Dar,,,,,725,,,,,1,0,1
Person,Kimaya Srinivasan,,,,,726,,,,,1,0,1
Person,Ela Batra,,,,,727,,,,,1,0,1
RecordLabel,Equatorial Echo,,,,,728,,,,,0,19,19
RecordLabel,Nixon's Vinyl,,,,,729,,,,,0,6,6
RecordLabel,Sereno Sounds,,,,,730,,,,,0,1,1
Song,Don't Hold Me Down,True,1997,Lo-Fi Electronica,True,731,,,1997,1997.0,3,3,6
Person,Krista Wallace,,,,,732,,,,,4,0,4
Person,Denise Knight,,,,,733,,,,,3,0,3
RecordLabel,Seine River Rhythms,,,,,734,,,,,0,4,4
RecordLabel,Alpine Horizon,,,,,735,,,,,0,2,2
Album,Unbound,,2026,Doom Metal,True,736,,,,2026.0,3,10,13
Person,Na Wu,,,,,737,,,,,1,0,1
Person,Yong Du,,,,,738,,,,,2,0,2
Person,Lei Qiao,,,,,739,,,,,2,0,2
Person,Xiulan Ye,,,,,740,,,,,1,0,1
Person,Jun Du,,,,,741,,,,,3,0,3
Person,Erin Kim,,,,,742,,,,,1,0,1
RecordLabel,Archival Imprints,,,,,743,,,,,0,38,38
RecordLabel,Svadhyaya Sangeet Prakashan,,,,,744,,,,,0,42,42
RecordLabel,Empoli Echo,,,,,745,,,,,0,44,44
Song,"Let Me Go, Let Me Rise",True,2027,Oceanus Folk,True,746,,,,2027.0,4,3,7
Person,Yang Gong,,,,,747,,,,,1,0,1
Person,Xiuying Liang,,,,,748,,,,,2,0,2
RecordLabel,Sovereign Sound Studios,,,,,749,,,,,0,43,43
Song,Sands of Her Inheritance,False,2028,Alternative Rock,True,750,,,,2028.0,3,4,7
Person,Christian Gray,,,,,751,,,,,1,0,1
Person,Xia Xiong,,,,,752,,,,,2,0,2
Person,Lei Yan,,,,,753,,,,,13,0,13
Person,Na Shao,,,,,754,,,,,4,0,4
RecordLabel,Sonoria Lumina,,,,,755,,,,,0,3,3
RecordLabel,Lilnuaj,,,,,756,,,,,0,23,23
Song,Mirage of Memories,True,2023,Oceanus Folk,True,757,,,,2023.0,3,9,12
Person,Rhonda Brown,,,,,758,,Omnira,,,1,0,1
Person,Mary Medina,,,,,759,,,,,1,0,1
Person,Laura Gibbs,,,,,760,,,,,1,0,1
Person,Raymond Mccoy,,,,,761,,,,,1,0,1
Person,Brandy Reyes,,,,,762,,,,,1,0,1
RecordLabel,Sant'Service Music,,,,,763,,,,,0,1,1
Song,Windswept Bloodline,True,2021,Dream Pop,True,764,2021,,,2021.0,1,5,6
RecordLabel,Vestec Sound Studios,,,,,765,,,,,0,1,1
Song,Daughters of the Scorched Earth,True,2017,Psychedelic Rock,True,766,2017,,,2017.0,4,8,12
Person,Jie He,,,,,767,,,,,4,0,4
Person,Jun Tan,,,,,768,,,,,4,0,4
Person,Florian van Santen-Sanders,,,,,769,,,,,11,0,11
Person,Na Zheng,,,,,770,,,,,2,0,2
Person,Juan Wei,,,,,771,,,,,1,0,1
RecordLabel,Septentrion Sound,,,,,772,,,,,0,4,4
Song,Whispers in Mother's Arms,True,2022,Indie Folk,True,773,2022,,,2022.0,8,6,14
Person,Tao Liu,,,,,774,,,,,1,0,1
Person,Virginia Stuart,,,,,775,,,,,1,0,1
Person,David Hebert,,,,,776,,,,,1,0,1
Person,Xiulan Qiao,,,,,777,,,,,3,0,3
Person,Yong Su,,,,,778,,,,,1,0,1
Person,Yang Zhao,,,,,779,,,,,11,0,11
RecordLabel,Crimson Echo Records,,,,,780,,,,,0,2,2
Song,Lullaby of Gentle Hands,True,2025,Alternative Rock,True,781,,,,2025.0,3,5,8
Person,Sara Seguí Vallés,,,,,782,,,,,1,0,1
Person,Mar Abril Balaguer,,,,,783,,,,,2,0,2
Person,Evangelina Bautista Catalá,,,,,784,,,,,2,0,2
RecordLabel,Seam Records,,,,,785,,,,,0,2,2
RecordLabel,Quadraro Records,,,,,786,,,,,0,2,2
Song,Soft Echoes of Comfort,True,2028,Psychedelic Rock,True,787,2028,,,2028.0,4,8,12
Person,Mandy Mendoza,,,,,788,,,,,1,0,1
Person,Mark Shepard,,,,,789,,,,,2,0,2
Person,Walter Sexton,,,,,790,,,,,1,0,1
Person,Andrew Jenkins,,,,,791,,,,,2,0,2
Person,Jeffrey Lee,,,,,792,,,,,1,0,1
Person,David Williams,,,,,793,,,,,1,0,1
Person,Brandon Cohen,,,,,794,,,,,1,0,1
RecordLabel,Progressive Discourse,,,,,795,,,,,0,1,1
RecordLabel,Luceni Legends,,,,,796,,,,,0,3,3
RecordLabel,Vertical Ascent Records,,,,,797,,,,,0,1,1
RecordLabel,Lille Echoes,,,,,798,,,,,0,5,5
Song,Sanctuary of Maternal Warmth,True,2024,Space Rock,True,799,,,,2024.0,6,3,9
Person,Qiang Lai,,,,,800,,,,,2,0,2
Person,Yan Duan,,,,,801,,,,,3,0,3
Album,Whispers in the Embrace,,2000,Indie Rock,True,802,,,2000,2000.0,1,5,6
Person,Breanna Wright,,,,,803,,,,,4,0,4
Person,Kenneth Armstrong,,,,,804,,,,,2,0,2
RecordLabel,Solstice Sound,,,,,805,,,,,0,2,2
Song,Holding Closer Than Words,True,2002,Southern Gothic Rock,True,806,2002,,2002,2002.0,3,4,7
Person,Megan Sandoval,,,,,807,,,,,2,0,2
Person,Pavlína Macháčková,,,,,808,,,,,5,0,5
RecordLabel,Verdante,,,,,809,,,,,0,2,2
Album,Silence Between Heartbeats,,2028,Space Rock,True,810,2028,,2028,2028.0,3,12,15
Person,Jun Jiang,,,,,811,,,,,3,0,3
Person,Xia Lu,,,,,812,,,,,3,0,3
Person,Xia Du,,,,,813,,,,,3,0,3
Person,Juan He,,,,,814,,,,,1,0,1
Person,Yan Xiong,,,,,815,,,,,2,0,2
Person,Ping Ren,,,,,816,,,,,3,0,3
Person,Jing Tian,,,,,817,,,,,3,0,3
Person,Lei Fu,,,,,818,,,,,1,0,1
Person,Juan Xiao,,,,,819,,,,,3,0,3
Person,Chao Qiu,,,,,820,,,,,2,0,2
Song,Gravity of Your Nearness,True,2007,Indie Folk,True,821,,,,2007.0,2,8,10
Person,William Mcbride,,,,,822,,,,,1,0,1
Person,Tao Cheng,,,,,823,,,,,2,0,2
Person,Ming Gu,,,,,824,,,,,2,0,2
Person,Xiuying Dong,,,,,825,,,,,2,0,2
RecordLabel,Social Welfare Sounds,,,,,826,,,,,0,1,1
Song,When Pigs Fly,True,2006,Lo-Fi Electronica,True,827,,,,2006.0,5,50,55
Person,Ming Sun,,,,,828,,,,,6,0,6
Person,Xiulan Ren,,,,,829,,,,,5,0,5
Album,Just You Wait and See,,2024,Psychedelic Rock,True,830,,,,2024.0,4,3,7
Person,Kyle Cook,,,,,831,,,,,2,0,2
Person,Albert White,,,,,832,,,,,1,0,1
Album,Someday Never Comes,,2010,Indie Rock,True,833,,,,2010.0,3,6,9
Person,Jessica Bernard,,,,,834,,,,,1,0,1
Person,Franck Prévost de la Bertrand,,,,,835,,,,,8,0,8
Person,Adrien Techer du Voisin,,,,,836,,,,,3,0,3
RecordLabel,Zenith Records,,,,,837,,,,,0,2,2
RecordLabel,Nurhaliza Sound,,,,,838,,,,,0,4,4
Song,Mark My Words,True,2024,Indie Rock,True,839,,,,2024.0,1,6,7
Person,Guiying Jiang,,,,,840,,,,,2,0,2
Person,Ping Ding,,,,,841,,,,,1,0,1
Song,Diamond Dreams,True,2023,Doom Metal,True,842,,,,2023.0,7,7,14
Person,Konstantinos Wende,,,,,843,,,,,2,0,2
Person,Tobias Etzold-Dörr,,,,,844,,,,,6,0,6
Person,Kläre Schacht-Mielcarek,,,,,845,,,,,6,0,6
Song,Polished Perfection,True,2017,Doom Metal,True,846,2017,,,2017.0,3,7,10
Person,Robert Harris,,,,,847,,,,,2,0,2
Person,Douglas Griffin,,,,,848,,,,,1,0,1
Person,Anastasios Hölzenbecher-Henschel,,,,,849,,,,,1,0,1
Person,Leo Eberth,,,,,850,,,,,8,0,8
RecordLabel,Second Wave Collective,,,,,851,,,,,0,26,26
Song,Clarity and Carats,False,2028,Space Rock,True,852,2024,,,2028.0,4,15,19
Person,Li Kong,,,,,853,,Syntara,,,1,0,1
Person,Jing Ren,,,,,854,,,,,1,0,1
Person,Ping Meng,,,,,855,,,,,1,0,1
Person,Fang Hao,,,,,856,,,,,1,0,1
Person,Juan Qiu,,,,,857,,,,,2,0,2
Person,Ping Mo,,,,,858,,,,,1,0,1
Person,Wei Cao,,,,,859,,,,,1,0,1
Person,Jie Lai,,,,,860,,,,,1,0,1
Person,Min Ma,,,,,861,,,,,1,0,1
Person,Jie Shao,,,,,862,,,,,2,0,2
Person,Jie Cui,,,,,863,,,,,3,0,3
Person,Na Yin,,,,,864,,,,,1,0,1
RecordLabel,Sâles Soundtrack,,,,,865,,,,,0,12,12
Album,Uncut Treasure,,2024,Doom Metal,True,866,2024,,,2024.0,3,6,9
Person,Anna Fechner,,,,,867,,,,,2,0,2
Person,Beatrice Albers,,,,,868,,,,,1,0,1
Person,Tillmann Klemm,,,,,869,,,,,3,0,3
Person,Janine Berger,,,,,870,,,,,4,0,4
Song,Confident Whispers,True,2024,Synthwave,True,871,2024,,,2024.0,3,5,8
Person,Marina Acedo Montaña,,,,,872,,,,,4,0,4
Person,Angelita Belda Enríquez,,,,,873,,,,,6,0,6
Person,Paco Yáñez Bravo,,,,,874,,,,,2,0,2
RecordLabel,Horizont Wax,,,,,875,,,,,0,4,4
Song,Bold Without Apology,False,2010,Indie Rock,True,876,,,,2010.0,3,9,12
Person,Qiang Zhou,,,,,877,,,,,5,0,5
Person,Jing Kang,,,,,878,,,,,24,0,24
RecordLabel,Verdant Horizon,,,,,879,,,,,0,48,48
Album,Unapologetic Heart,,2000,Emo/Pop Punk,False,880,2000,,,2000.0,3,9,12
Person,Juan Xu,,,,,881,,,,,1,0,1
Person,Yan Jin,,,,,882,,,,,11,0,11
Person,Yang Peng,,,,,883,,,,,9,0,9
RecordLabel,Haute-Corse Records,,,,,884,,,,,0,30,30
RecordLabel,Prairie Echo Records,,,,,885,,,,,0,3,3
Song,Loud and Clear,True,2023,Oceanus Folk,True,886,2023,,,2023.0,1,10,11
Person,Wei Liao,,,,,887,, B.D. Wolf,,,2,0,2
Person,Gang Shao,,,,,888,,,,,3,0,3
Person,Tao Dai,,,,,889,,,,,4,0,4
Person,Xiulan Lin,,,,,890,,,,,2,0,2
Person,Jie Fan,,,,,891,,,,,6,0,6
Album,Shadows of Masculinity,,2020,Desert Rock,True,892,,,,2020.0,3,11,14
Person,Fang Gong,,,,,893,,,,,1,0,1
Person,Jing Qin,,,,,894,,,,,1,0,1
Person,Jennifer Rice,,,,,895,,,,,2,0,2
Person,Yang Zhong,,,,,896,,,,,1,0,1
Person,Brian Johnson,,,,,897,,,,,7,0,7
Person,Elizabeth Chase,,,,,898,,,,,1,0,1
RecordLabel,Riverside Resonance Records,,,,,899,,,,,0,1,1
RecordLabel,Pula Pulse Records,,,,,900,,,,,0,1,1
Song,Approaching Silhouettes,False,2029,Space Rock,False,901,2029,,,2029.0,3,6,9
Person,Min Zou,,,,,902,,,,,1,0,1
Person,Xia Wang,,,,,903,,,,,1,0,1
Person,Min Duan,,,,,904,,,,,3,0,3
Person,Daniel Mitchell,,,,,905,,,,,3,0,3
Song,The Male Procession,True,2029,Dream Pop,True,906,2025,,,2029.0,6,6,12
Person,Jun Jiang,,,,,907,,,,,2,0,2
Person,Juan Kang,,,,,908,,,,,2,0,2
Person,Min Tao,,,,,909,,,,,6,0,6
Person,Isabella Turner,,,,,910,,,,,1,0,1
RecordLabel,Urban Artifact Sound,,,,,911,,,,,0,30,30
Song,Footsteps of Men,True,2017,Indie Folk,False,912,,,,2017.0,2,7,9
Person,Seth Smith,,,,,913,,,,,1,0,1
Person,Stephanie Wilson,,,,,914,,,,,1,0,1
Person,Deborah Hayes,,,,,915,,,,,2,0,2
RecordLabel,Assembly Sound,,,,,916,,,,,0,1,1
Album,Shifting Horizons,,2017,Psychedelic Rock,True,917,,,,2017.0,14,8,22
Person,Mark Thomas,,,,,918,,,,,1,0,1
Person,Alexandra Levy,,,,,919,,,,,4,0,4
Person,Antonio Fuentes,,,,,920,,,,,1,0,1
Person,Michael Dean,,,,,921,,,,,2,0,2
Album,Metamorphosis Protocol,,2026,Jazz Surf Rock,True,922,2026,,,2026.0,4,4,8
Person,Hélène Lecomte-Techer,,,,,923,,,,,3,0,3
RecordLabel,Pine Harmony,,,,,924,,,,,0,7,7
Song,Liminal Passage,True,2027,Indie Folk,False,925,2021,,,2027.0,5,5,10
Person,Gang Su,,,,,926,,,,,1,0,1
Person,Na Wu,,,,,927,,,,,2,0,2
Person,Qiang Qian,,,,,928,,,,,1,0,1
Person,Ming Chen,,,,,929,,,,,1,0,1
Person,Xiuying Duan,,,,,930,,,,,1,0,1
RecordLabel,Tremolo Cascata,,,,,931,,,,,0,1,1
RecordLabel,Resonant Horizon Recordings,,,,,932,,,,,0,1,1
Song,Crossroads of Change,True,1998,Dream Pop,True,933,,,,1998.0,3,15,18
Person,Jun Zhou,,,,,934,,,,,8,0,8
Person,Chao Zhu,,,,,935,,,,,1,0,1
Person,Fang Zhong,,,,,936,,,,,5,0,5
Person,Ming Yan,,,,,937,,,,,2,0,2
RecordLabel,Eternal Horizon Studios,,,,,938,,,,,0,23,23
RecordLabel,Cooltempo Collective,,,,,939,,,,,0,22,22
Song,Latidos del Corazón (Heartbeats),True,2028,Lo-Fi Electronica,True,940,,,,2028.0,7,5,12
Person,Na Yao,,,,,941,,,,,6,0,6
Person,Jun Zeng,,,,,942,,,,,1,0,1
Person,Kevin Carney,,,,,943,,,,,6,0,6
RecordLabel,Bertelsmann Bydžov Studios,,,,,944,,,,,0,1,1
Song,Sentimientos Sin Palabras (Feelings Without Words),True,2017,Doom Metal,True,945,,,,2017.0,2,5,7
Person,Eva-Marie Seidel-Otto,,,,,946,,,,,4,0,4
Person,Joerg Schleich,,,,,947,,,,,1,0,1
Person,Mirja Jacob,,,,,948,,,,,3,0,3
Person,Hans-Josef Killer,,,,,949,,,,,3,0,3
RecordLabel,Windfield Recordings,,,,,950,,,,,0,4,4
Album,Emociones en Color (Emotions in Color),,2025,Dream Pop,True,951,,,,2025.0,5,12,17
Person,Ming Gu,,,,,952,, BLVCK MOON,,,1,0,1
Person,Xiulan Hu,,,,,953,,,,,1,0,1
Person,Isabella Smith,,,,,954,,,,,2,0,2
Person,Na Peng,,,,,955,,,,,2,0,2
Person,Xiulan Lei,,,,,956,,,,,1,0,1
Person,Sean Harrison,,,,,957,,,,,1,0,1
Person,Ping Gong,,,,,958,,,,,1,0,1
Person,Qiang Fang,,,,,959,,,,,8,0,8
Person,Sabrina Jenkins,,,,,960,,,,,1,0,1
RecordLabel,Provisional Harmony,,,,,961,,,,,0,2,2
Song,El Eco de Mis Sentidos (The Echo of My Senses),True,2013,Indie Folk,True,962,,,,2013.0,3,4,7
Person,Yang Zhang,,,,,963,,,,,2,0,2
Person,Anouk Rivière,,,,,964,,,,,1,0,1
Person,Kayla Grimes,,,,,965,,,,,1,0,1
Song,Strings of Silence,False,2003,Lo-Fi Electronica,True,966,2003,,,2003.0,1,33,34
Person,Chao Yao,,,,,967,,,,,4,0,4
Person,Ping Bai,,,,,968,,,,,9,0,9
RecordLabel,Swiss Rhythm Studios,,,,,969,,,,,0,9,9
Song,Wooden Heart,True,2022,Alternative Rock,True,970,,,2022,2022.0,6,3,9
Person,Andrea Ramirez,,,,,971,,,,,1,0,1
Person,Robin Jones,,,,,972,,,,,8,0,8
RecordLabel,Bicameral Beats,,,,,973,,,,,0,5,5
Song,Choreographed Echoes,True,2023,Psychedelic Rock,True,974,,,,2023.0,4,8,12
Person,Fang Cui,,,,,975,,,,,2,0,2
Person,Wendy Porter,,,,,976,,,,,1,0,1
Person,Yong Han,,,,,977,,,,,2,0,2
Person,Ming Zhao,,,,,978,,,,,1,0,1
RecordLabel,Center Sound,,,,,979,,,,,0,42,42
Song,Shadows of Maybe,True,2020,Indie Folk,True,980,,,,2020.0,3,4,7
Person,Kelly Marshall,,,,,981,,,,,1,0,1
Person,Tao Cui,,,,,982,,,,,1,0,1
Person,Lei Zhao,,,,,983,,,,,1,0,1
Person,Jie Zhu,,,,,984,,,,,4,0,4
Song,Uncertain Heartlines,True,2025,Dream Pop,True,985,,,,2025.0,5,4,9
Person,Carl Benjamin,,,,,986,,DOLLAH V,,,1,0,1
Person,Karl-Otto Käster,,,,,987,,,,,5,0,5
Album,Between Yes and No,,2020,Space Rock,True,988,,,,2020.0,2,7,9
Person,Matthew Moss,,,,,989,,,,,2,0,2
Person,Elizabeth Johnson,,,,,990,,,,,3,0,3
Person,Dale Stewart,,,,,991,,,,,2,0,2
Person,Robert Jennings,,,,,992,,,,,2,0,2
RecordLabel,Ambient Terrain,,,,,993,,,,,0,3,3
RecordLabel,we.are+,,,,,994,,,,,0,1,1
Song,The Unwritten Answer,True,2024,Psychedelic Rock,True,995,,,2024,2024.0,2,5,7
Person,Ruth Hernandez,,,,,996,,,,,3,0,3
RecordLabel,Loyal Meridian Underground,,,,,997,,,,,0,1,1
RecordLabel,Alpine Echo Studios,,,,,998,,,,,0,1,1
Song,"Gray Lungs, Aged Soul",True,2027,Americana,True,999,,,,2027.0,3,8,11
Person,Juan Peng,,,,,1000,,,,,1,0,1
Person,Scott Daniel,,,,,1001,,,,,1,0,1
Person,Li Wu,,,,,1002,,,,,2,0,2
Person,Ming Cheng,,,,,1003,,,,,1,0,1
Person,Tao Mo,,,,,1004,,,,,2,0,2
Person,Ping Tan,,,,,1005,,,,,4,0,4
RecordLabel,Indigenous Echo,,,,,1006,,,,,0,2,2
Song,Nicotine Memories,True,2027,Indie Rock,True,1007,,,,2027.0,2,5,7
Person,Valerio Zapata-Rico,,,,,1008,,,,,2,0,2
Person,Cecilia Parejo Carrillo,,,,,1009,,,,,1,0,1
Person,Belén de Trillo,,,,,1010,,,,,1,0,1
RecordLabel,Patriarca Soundworks,,,,,1011,,,,,0,1,1
Album,Sunset and Cigarettes,,2016,Synthpop,True,1012,,,,2016.0,3,4,7
Person,Lei Wei,,,,,1013,,,,,4,0,4
Person,Li Wan,,,,,1014,,,,,4,0,4
Person,Xiuying Kang,,,,,1015,,,,,1,0,1
RecordLabel,Ravine Sound,,,,,1016,,,,,0,7,7
RecordLabel,Cadenza Recordings,,,,,1017,,,,,0,5,5
Song,Wrinkled Rebellion,True,2008,Alternative Rock,True,1018,,,,2008.0,2,18,20
Person,William Mcfarland,,,,,1019,,,,,2,0,2
Person,Theresa Pena,,,,,1020,,,,,1,0,1
Person,Przemysław Grupa,,,,,1021,,,,,7,0,7
RecordLabel,Siberian Sound Collective,,,,,1022,,,,,0,11,11
RecordLabel,Tinsmith Records,,,,,1023,,,,,0,31,31
Song,Whispers from the Gold Rush,True,2029,Dream Pop,False,1024,,,,2029.0,6,8,14
Person,Julien Collin-Texier,,,,,1025,,,,,2,0,2
Person,Sylvie-Chantal Schmitt,,,,,1026,,,,,2,0,2
Person,Claudine Leleu,,,,,1027,,,,,3,0,3
Person,Augustin Raymond,,,,,1028,,,,,2,0,2
Person,Antoine du Adam,,,,,1029,,,,,3,0,3
Person,Chantal Gérard,,,,,1030,,,,,2,0,2
RecordLabel,Celestial Skies,,,,,1031,,,,,0,6,6
RecordLabel,Vortex Groove,,,,,1032,,,,,0,1,1
Song,Forty-Niners' Lament,True,2028,Dream Pop,False,1033,,,,2028.0,3,17,20
Person,John Ray,,,,,1034,,,,,2,0,2
Person,Tonya Andrews,,,,,1035,,,,,1,0,1
Person,David Johnson,,,,,1036,,,,,3,0,3
Person,Danielle Peters,,,,,1037,,,,,1,0,1
Person,Amanda Davidson,,,,,1038,,,,,1,0,1
Person,Kelli Rojas,,,,,1039,,,,,1,0,1
Person,Jacqueline Young,,,,,1040,,,,,3,0,3
Person,Cassandra Norris,,,,,1041,,,,,1,0,1
Person,Kyle Hill,,,,,1042,,,,,4,0,4
Person,Katherine Castillo,,,,,1043,,,,,1,0,1
Person,Cody Moore,,,,,1044,,,,,2,0,2
Person,Mary Gonzalez,,,,,1045,,,,,1,0,1
Person,Barbara Hall,,,,,1046,,,,,1,0,1
Person,Rebecca Taylor,,,,,1047,,,,,2,0,2
RecordLabel,Sanctus Sonora,,,,,1048,,,,,0,2,2
RecordLabel,Guyonne Grooves,,,,,1049,,,,,0,16,16
RecordLabel,Surefire Sounds,,,,,1050,,,,,0,1,1
Song,Dust and Dreams of '49,True,2010,Dream Pop,True,1051,,,,2010.0,3,4,7
Person,Augustin Besnard-Imbert,,,,,1052,,,,,6,0,6
Person,Dominique Perret,,,,,1053,,,,,4,0,4
RecordLabel,Verdant Echo Studios,,,,,1054,,,,,0,1,1
RecordLabel,Ember Sound Studios,,,,,1055,,,,,0,2,2
RecordLabel,Verdict Sounds,,,,,1056,,,,,0,1,1
Album,Sutter's Mill Memories,,2019,Indie Folk,True,1057,,,,2019.0,3,9,12
Person,Chao Kong,,,,,1058,,,,,1,0,1
Person,Yong Song,,,,,1059,,,,,1,0,1
Person,Yang Yuan,,,,,1060,,,,,1,0,1
Person,Gabriel Olson,,,,,1061,,,,,1,0,1
Album,Captured in Margins,,2023,Indie Folk,True,1062,,,,2023.0,3,6,9
Person,Valérie Valette,,,,,1063,,,,,1,0,1
Person,Audrey-Suzanne Ribeiro,,,,,1064,,,,,6,0,6
Person,Auguste de la Laroche,,,,,1065,,,,,1,0,1
Person,Franck Hernandez Le Leclerc,,,,,1066,,,,,8,0,8
RecordLabel,Provisional Sound,,,,,1067,,,,,0,4,4
RecordLabel,Plaza Rhythm,,,,,1068,,,,,0,10,10
Song,Behind the Picture Glass,True,2026,Synthwave,True,1069,,,,2026.0,4,8,12
Person,Jun Wang,,,,,1070,,,,,1,0,1
Person,Gang Zhou,,,,,1071,,,,,2,0,2
Person,Tao Mo,,,,,1072,,,,,2,0,2
Person,Xiulan Gong,,,,,1073,,,,,2,0,2
Person,Jing Cui,,,,,1074,,,,,24,0,24
RecordLabel,Hanseatic Harmony,,,,,1075,,,,,0,1,1
Song,Snapshot Shadows,True,2025,Dream Pop,True,1076,,,,2025.0,2,4,6
Person,Kaylee Quinn,,,,,1077,,,,,2,0,2
Person,Na Yan,,,,,1078,,,,,1,0,1
Person,Qiang Yuan,,,,,1079,,,,,8,0,8
Album,Trapped in the Border,,2029,Post-Apocalyptic Folk,True,1080,2026,,,2029.0,7,8,15
Person,Ping He,,,,,1081,,,,,2,0,2
Person,Juan Hu,,,,,1082,,,,,1,0,1
Person,Ping Xia,,,,,1083,,,,,2,0,2
Person,Qiang Bai,,,,,1084,,,,,8,0,8
Person,Lupe Miró,,,,,1085,,,,,14,0,14
Person,Chao Qiu,,,,,1086,,,,,10,0,10
RecordLabel,Malgrat Soundscape,,,,,1087,,,,,0,7,7
Song,Munzur'un Fısıltıları (Whispers of the Munzur),True,1991,Synthpop,True,1088,1987,,,1991.0,2,9,11
Person,Denise Schroeder,,,,,1089,,,,,6,0,6
Person,Sydney Adams,,,,,1090,,,,,6,0,6
Song,Alevi Dağlarının Türküsü (Ballad of the Alevi Mountains),False,2026,Space Rock,True,1091,,,2026,2026.0,2,5,7
Person,Fang Deng,,,,,1092,,,,,1,0,1
Person,Li Gong,,,,,1093,,,,,6,0,6
Person,Xiulan Tang,,,,,1094,,,,,5,0,5
RecordLabel,Aldehuela Groove,,,,,1095,,,,,0,8,8
Album,Kan ve Toprak Arasında (Between Blood and Land),,2019,Emo/Pop Punk,True,1096,2019,,,2019.0,9,4,13
Person,Corey Ramirez,,,,,1097,,,,,1,0,1
Person,Guiying Bai,,,,,1098,,,,,29,0,29
Person,Wei Ding,,,,,1099,,,,,12,0,12
RecordLabel,Monticello Sounds,,,,,1100,,,,,0,2,2
Album,Sessiz Çığlıklar (Silent Screams),,1995,Avant-Garde Folk,True,1101,,,,1995.0,3,7,10
Person,Sylvie Scholz,,,,,1102,,,,,4,0,4
Person,Ekkehard Förster,,,,,1103,,,,,11,0,11
RecordLabel,Lyre/aim Records,,,,,1104,,,,,0,5,5
RecordLabel,StarRoc Records,,,,,1105,,,,,0,8,8
Song,Destiny's Dice,True,2004,Doom Metal,True,1106,,,,2004.0,2,7,9
Person,Shari Willis,,,,,1107,,,,,2,0,2
Person,Sophie Lebrun,,,,,1108,,,,,2,0,2
Person,Eric Shaw,,,,,1109,,,,,1,0,1
Person,Benoît Blanc,,,,,1110,,,,,1,0,1
RecordLabel,Chester Groove,,,,,1111,,,,,0,3,3
RecordLabel,Pure & Radiant,,,,,1112,,,,,0,1,1
Album,One More Roll,,1991,Americana,True,1113,,,,1991.0,3,7,10
Person,Jonathan Wyatt,,,,,1114,,,,,2,0,2
Person,Jacob Brown,,,,,1115,,,,,4,0,4
RecordLabel,Soliloquy Sounds,,,,,1116,,,,,0,6,6
Song,Turning Point,True,1989,Alternative Rock,True,1117,,,,1989.0,2,2,4
Person,Ping Liao,,,,,1118,, Scarlet Thorn,,,6,0,6
RecordLabel,Pulse Stream Records,,,,,1119,,,,,0,3,3
Song,Serendipity's Smile,False,2018,Dream Pop,True,1120,,,,2018.0,2,4,6
Song,The Tiny Toe's Journey,True,1997,Southern Gothic Rock,True,1121,1997,,1997,1997.0,2,8,10
Person,Sherry Martin,,,,,1122,,,,,1,0,1
Person,Ronnie Cook,,,,,1123,,,,,3,0,3
RecordLabel,Prism Audio,,,,,1124,,,,,0,4,4
Song,Footprints of Innocence,True,2013,Symphonic Metal,True,1125,2013,,,2013.0,2,7,9
Person,Eugenia Lindner,,,,,1126,,,,,1,0,1
Person,Herr Ulrich Gieß,,,,,1127,,,,,2,0,2
Person,Sandra Peterson,,,,,1128,,,,,3,0,3
RecordLabel,Siren Sonic,,,,,1129,,,,,0,3,3
Song,Whispers from a Child's Step,True,2017,Alternative Rock,True,1130,,,2017,2017.0,3,3,6
Person,Reinhild Krein,,,,,1131,,,,,3,0,3
Person,Mehdi Hering,,,,,1132,,,,,2,0,2
RecordLabel,Continental Sound Syndicate,,,,,1133,,,,,0,1,1
RecordLabel,Medoc Music,,,,,1134,,,,,0,7,7
Song,"Soft Sole, Tender Soul",True,2000,Dream Pop,True,1135,,,,2000.0,2,3,5
Song,Solo Flight,False,2027,Dream Pop,True,1136,,,,2027.0,3,3,6
Person,Chao Tian,,,,,1137,,,,,2,0,2
Person,Angela Wallace,,,,,1138,,,,,3,0,3
Person,Crystal Cruz,,,,,1139,,,,,3,0,3
Song,Party of One,True,2018,Lo-Fi Electronica,True,1140,,,,2018.0,16,5,21
Person,Tamara Solis,,,,,1141,,,,,7,0,7
Person,Sandra Green,,,,,1142,,,,,4,0,4
Person,Michelle Williams,,,,,1143,,,,,4,0,4
RecordLabel,Caucasian Imprint,,,,,1144,,,,,0,3,3
Song,Unattached,True,2020,Dream Pop,False,1145,,,,2020.0,3,11,14
Person,Rick House,,,,,1146,,,,,1,0,1
Person,Victoria Williams,,,,,1147,,,,,2,0,2
Person,Patricia Rodriguez,,,,,1148,,,,,1,0,1
Person,Casey Green,,,,,1149,,,,,1,0,1
Person,Angela Thompson,,,,,1150,,,,,1,0,1
Person,Fritz Schuster,,,,,1151,,,,,1,0,1
Person,George Jones,,,,,1152,,,,,4,0,4
Person,Susan Rogers,,,,,1153,,,,,1,0,1
Person,Ronald Rice,,,,,1154,,,,,1,0,1
RecordLabel,Cascina Sonora,,,,,1155,,,,,0,2,2
Song,Loving Myself First,True,2022,Synthwave,True,1156,,,,2022.0,9,5,14
Person,Lei Feng,,,,,1157,,,,,2,0,2
Person,Juan Zheng,,,,,1158,,,,,2,0,2
Person,James Simon,,,,,1159,,,,,1,0,1
Person,Jie Wen,,,,,1160,,,,,2,0,2
RecordLabel,Afirmativa Sounds,,,,,1161,,,,,0,4,4
Song,Battlefield Mascara,True,2013,Indie Folk,True,1162,,,,2013.0,3,8,11
Person,Todd Mcbride,,,,,1163,,,,,1,0,1
Person,Min Shi,,,,,1164,,,,,1,0,1
Person,Xia Fang,,,,,1165,,,,,2,0,2
Person,Lonnie Estrada,,,,,1166,,,,,1,0,1
Person,Kimberly Knight,,,,,1167,,,,,2,0,2
RecordLabel,Ville Vinyl,,,,,1168,,,,,0,7,7
RecordLabel,Virtuoso Archives,,,,,1169,,,,,0,3,3
Song,Camouflage Courage,True,2004,Emo/Pop Punk,True,1170,,,,2004.0,6,3,9
Person,Ivana Vávrová,,,,,1171,,,,,3,0,3
Song,Crimson Stripes,True,2017,Doom Metal,True,1172,,,,2017.0,2,6,8
Person,Lilian Gieß,,,,,1173,,,,,3,0,3
Person,Herr Rudolph Schaaf,,,,,1174,,,,,1,0,1
Person,Mario Stumpf,,,,,1175,,,,,3,0,3
Person,Marvin Holzapfel,,,,,1176,,,,,2,0,2
Song,Warrior's Makeup,True,2026,Desert Rock,True,1177,,,,2026.0,3,7,10
Person,Xiulan Xue,,,,,1178,,,,,1,0,1
Person,Wei Fang,,,,,1179,,,,,1,0,1
Person,Guiying Liao,,,,,1180,,,,,11,0,11
Person,Gang Jia,,,,,1181,,,,,2,0,2
Person,Yan Zou,,,,,1182,,,,,8,0,8
RecordLabel,Mírov Sounds,,,,,1183,,,,,0,8,8
RecordLabel,Neon Pulse Recordings,,,,,1184,,,,,0,10,10
Song,Cobblestone Crown,True,2026,Dream Pop,True,1185,,,,2026.0,2,4,6
Person,Kenneth Lopez,,,,,1186,,,,,1,0,1
Person,Scott Gutierrez,,,,,1187,,,,,1,0,1
Person,Taylor Poole,,,,,1188,,,,,2,0,2
RecordLabel,Verde Sonido,,,,,1189,,,,,0,1,1
Song,Spinning Threads of Power,False,2032,Alternative Rock,True,1190,,,,2032.0,5,4,9
Person,Amanda Cole,,,,,1191,,,,,1,0,1
Person,Brittany Harvey,,,,,1192,,,,,2,0,2
Person,Elizabeth Parker,,,,,1193,,,,,3,0,3
RecordLabel,Solstice Sounds,,,,,1194,,,,,0,22,22
Album,The Mill Town Monarch,,2026,Dream Pop,True,1195,2026,,,2026.0,2,15,17
Person,Na Pan,,,,,1196,,,,,5,0,5
Person,Xia Ding,,,,,1197,,,,,7,0,7
Person,Qiang He,,,,,1198,,,,,11,0,11
Person,Jun Zhang,,,,,1199,,,,,2,0,2
Person,Qiang Zhao,,,,,1200,,,,,9,0,9
Person,Xiuying Fan,,,,,1201,,,,,9,0,9
Person,Emily Nelson,,,,,1202,,,,,11,0,11
RecordLabel,Péronne Pulse,,,,,1203,,,,,0,25,25
RecordLabel,StarRoc Music,,,,,1204,,,,,0,1,1
Album,Lancashire's Forgotten Sovereign,,2022,Southern Gothic Rock,False,1205,2022,,,2022.0,3,3,6
Person,Jędrzej Przeniosło,,,,,1206,,,,,3,0,3
RecordLabel,Resonance Arts,,,,,1207,,,,,0,1,1
Song,Springtime Sonata,True,2028,Space Rock,True,1208,,,,2028.0,9,4,13
Person,Michelle Castro,,,,,1209,,,,,1,0,1
Person,Guiying Duan,,,,,1210,,,,,2,0,2
Person,Fang Wen,,,,,1211,,,,,2,0,2
RecordLabel,Echo Sound Studios,,,,,1212,,,,,0,1,1
Album,Blossoming Crescendo,,1991,Dream Pop,True,1213,,,,1991.0,3,3,6
Person,Chad Garcia,,,,,1214,,,,,3,0,3
Person,Shawn Saunders,,,,,1215,,,,,2,0,2
RecordLabel,Acreage Sounds,,,,,1216,,,,,0,3,3
Song,Pastoral Harmony,True,2017,Indie Folk,True,1217,,,,2017.0,2,4,6
Person,Li He,,,,,1218,,,,,1,0,1
Person,Yan Cai,,,,,1219,,,,,14,0,14
Person,Jie Lai,,,,,1220,,,,,10,0,10
Album,Verdant Overture,,2029,Dream Pop,True,1221,2029,,,2029.0,3,8,11
Person,Jing Qin,,,,,1222,,,,,3,0,3
Person,Gang Yin,,,,,1223,,,,,6,0,6
Person,Richard Smith,,,,,1224,,,,,1,0,1
Person,Min Kong,,,,,1225,,,,,2,0,2
Person,Tracy Ibarra,,,,,1226,,,,,1,0,1
Person,Jun Xia,,,,,1227,,,,,11,0,11
RecordLabel,Rustic Grove Sound,,,,,1228,,,,,0,8,8
Song,Hay and Hooves,True,2013,Dream Pop,True,1229,,,,2013.0,2,5,7
Person,Qiang Cheng,,,,,1230,,,,,1,0,1
Person,Tao Qiao,,,,,1231,,,,,1,0,1
Person,Li Gao,,,,,1232,,,,,3,0,3
Person,Yang Yu,,,,,1233,,,,,3,0,3
RecordLabel,Kemono Beats,,,,,1234,,,,,0,6,6
RecordLabel,Serra Soundtrack,,,,,1235,,,,,0,4,4
Song,Whispers Between Wooden Stalls,True,2013,Doom Metal,True,1236,2013,,,2013.0,4,10,14
Person,Yang Zou,,,,,1237,,,,,2,0,2
Person,Yan Qin,,,,,1238,,,,,16,0,16
Person,Li Cui,,,,,1239,,,,,2,0,2
Person,Tao Gao,,,,,1240,,,,,2,0,2
Person,Fang Su,,,,,1241,,,,,7,0,7
Song,Manger's Midnight Lullaby,True,2020,Dream Pop,True,1242,,,,2020.0,2,9,11
RecordLabel,Sonoro Estrellas,,,,,1243,,,,,0,1,1
Album,Stable Secrets at Dawn,,2009,Indie Rock,True,1244,,,2009,2009.0,1,13,14
Person,Jing Lin,,,,,1245,,,,,1,0,1
Person,Amber Allen,,,,,1246,,,,,2,0,2
Person,Yan Chen,,,,,1247,,,,,1,0,1
Person,Gang Cao,,,,,1248,,,,,4,0,4
Song,Velvet Rebel,True,2010,Indie Pop,True,1249,,,,2010.0,2,4,6
Person,Robin Webster,,,,,1250,,,,,11,0,11
Person,Eugenia Mitschke,,,,,1251,,,,,15,0,15
Person,Clayton Reed,,,,,1252,,,,,11,0,11
Song,Leather Skin Confession,True,2022,Oceanus Folk,True,1253,2022,,,2022.0,2,2,4
Person,Ping Zhao,,,,,1254,,,,,1,0,1
Person,Xiulan Hao,,,,,1255,,,,,3,0,3
Song,Soft Edge of Defiance,True,2029,Dream Pop,True,1256,,,,2029.0,3,2,5
Person,Paul Ashley,,,,,1257,,,,,1,0,1
Person,Cynthia Pierce,,,,,1258,,,,,1,0,1
Song,Brushed Attitude,True,2018,Dream Pop,True,1259,,,2018,2018.0,3,7,10
Person,Colleen Sandoval,,,,,1260,,,,,1,0,1
Person,Caroline Reilly,,,,,1261,,,,,5,0,5
Person,Susan Wong,,,,,1262,,,,,2,0,2
Person,Lori Waters,,,,,1263,,,,,6,0,6
RecordLabel,Estival Sound,,,,,1264,,,,,0,15,15
Album,Opinions May Vary,,2001,Lo-Fi Electronica,True,1265,2001,,,2001.0,3,7,10
Person,Xia Zeng,,,,,1266,,,,,1,0,1
Person,Wei Cao,,,,,1267,,,,,2,0,2
RecordLabel,Hafling Heights,,,,,1268,,,,,0,1,1
Song,Not Everyone's Convinced,True,2024,Indie Folk,True,1269,2018,,,2024.0,3,10,13
Person,Fang Liang,,,,,1270,,,,,5,0,5
Person,Yang Jin,,,,,1271,,,,,1,0,1
Person,Qiang Zeng,,,,,1272,,,,,2,0,2
Person,Gang Wen,,,,,1273,,,,,6,0,6
Person,Xiulan Kang,,,,,1274,,,,,2,0,2
Person,Gang Shen,,,,,1275,,,,,15,0,15
Person,Yong Dong,,,,,1276,,,,,15,0,15
Person,Min Kong,,,,,1277,,,,,10,0,10
RecordLabel,Starlight Grooves,,,,,1278,,,,,0,7,7
Song,Perspectives Diverge,True,2023,Synthwave,True,1279,,,,2023.0,4,5,9
Person,Yan Tan,,,,,1280,, Atlas II,,,1,0,1
Person,Ming Bai,,,,,1281,,,,,1,0,1
Person,Yang Bai,,,,,1282,,,,,2,0,2
Person,Tao Peng,,,,,1283,,,,,8,0,8
RecordLabel,Barbizon Sound,,,,,1284,,,,,0,4,4
RecordLabel,Honeydew Harmony,,,,,1285,,,,,0,6,6
Song,They're Not Entirely Sure,True,2027,Dream Pop,True,1286,2027,,,2027.0,6,6,12
Person,Justin Ellison,,,,,1287,,,,,1,0,1
Person,Xiulan Liao,,,,,1288,,,,,2,0,2
Person,Juan Meng,,,,,1289,,,,,1,0,1
Person,Na Wang,,,,,1290,,,,,1,0,1
RecordLabel,Coastline Collective,,,,,1291,,,,,0,3,3
RecordLabel,Compass Cuts,,,,,1292,,,,,0,1,1
Album,Street Corner Hustle,,2009,Southern Gothic Rock,True,1293,,,,2009.0,4,9,13
Person,Urszula Stochmal,,,,,1294,,,,,31,0,31
Person,Marek Oleksa,,,,,1295,,,,,9,0,9
Person,Arkadiusz Ciesielka,,,,,1296,,,,,1,0,1
RecordLabel,Pulse Horizon Studios,,,,,1297,,,,,0,2,2
Song,Concrete Kingdom,True,2026,Dream Pop,True,1298,,,2026,2026.0,5,7,12
Person,Gang Ye,,,,,1299,,,,,1,0,1
Person,Xia Liang,,,,,1300,,,,,1,0,1
Person,Lei Han,,,,,1301,,,,,1,0,1
Person,Ming Xue,,,,,1302,,,,,3,0,3
Person,Min Duan,,,,,1303,,,,,3,0,3
Person,Rüdiger Graf,,,,,1304,,,,,18,0,18
RecordLabel,Nordic Vault Records,,,,,1305,,,,,0,1,1
RecordLabel,Pixel Reflection,,,,,1306,,,,,0,2,2
Album,Neighborhood Legends,,2020,Psychedelic Rock,True,1307,,,,2020.0,3,3,6
Person,Loretta Börner,,,,,1308,,,,,1,0,1
Person,Evi Dietz,,,,,1309,,,,,1,0,1
Album,Alleys and Ambition,,2029,Jazz Surf Rock,True,1310,,,,2029.0,6,4,10
Person,Juan Zhang,,,,,1311,,,,,1,0,1
Person,Barbara Weitzel,,,,,1312,,,,,7,0,7
Song,Radiance of the Heart,True,2029,Synthwave,True,1313,,,,2029.0,5,7,12
Person,Chao Yang,,,,,1314,,Neon Moth,,,2,0,2
Person,Tao Long,,,,,1315,,,,,1,0,1
Person,Guiying Zheng,,,,,1316,,,,,2,0,2
Person,Ping Jin,,,,,1317,,,,,1,0,1
Person,Ming Yao,,,,,1318,,,,,2,0,2
RecordLabel,Green Fuel Records,,,,,1319,,,,,0,21,21
Song,Harmony's Embrace,True,2000,Synthwave,True,1320,2000,,,2000.0,1,10,11
Person,Wieland Käster,,,,,1321,,,,,1,0,1
Person,Fedor Bolzmann,,,,,1322,,,,,3,0,3
Person,Jennifer Faust,,,,,1323,,,,,1,0,1
Person,Cemil Linke,,,,,1324,,,,,2,0,2
RecordLabel,Sony Indie,,,,,1325,,,,,0,2,2
Song,Sunlight of Serenity,False,1996,Jazz Surf Rock,True,1326,,,,1996.0,3,19,22
Person,Fang Zou,,,,,1327,,,,,16,0,16
Person,Yong Hao,,,,,1328,,,,,1,0,1
Person,Yang Xiang,,,,,1329,,,,,2,0,2
Person,Jie Wen,,,,,1330,,,,,1,0,1
RecordLabel,Valenciano Tracks,,,,,1331,,,,,0,28,28
RecordLabel,Sant Pere Sounds,,,,,1332,,,,,0,2,2
Song,Blossoming Smiles,True,2010,Jazz Surf Rock,True,1333,,,,2010.0,5,10,15
Person,Arthur Sparks,,,,,1334,,,,,1,0,1
Person,Ming Long,,,,,1335,,,,,14,0,14
Person,Yong Lu,,,,,1336,,,,,4,0,4
Person,Guiying Ding,,,,,1337,,,,,3,0,3
RecordLabel,Mussomeli Melodies,,,,,1338,,,,,0,1,1
RecordLabel,Little Pine Records,,,,,1339,,,,,0,2,2
Song,Whispers of Forbidden Flight,True,2017,Dream Pop,False,1340,,,,2017.0,1,4,5
Person,Jessica Stewart,,,,,1341,,,,,7,0,7
RecordLabel,Harvest Grove Records,,,,,1342,,,,,0,3,3
Album,Permitted Shadows,,2010,Doom Metal,True,1343,,,,2010.0,3,8,11
Person,Jun Wan,,,,,1344,,,,,2,0,2
Person,Gang Du,,,,,1345,,,,,1,0,1
Person,Xiuying Huang,,,,,1346,,,,,15,0,15
Person,Guiying Cao,,,,,1347,,,,,9,0,9
Person,Jing Kang,,,,,1348,,,,,7,0,7
RecordLabel,Nighthawk Records,,,,,1349,,,,,0,8,8
Song,Margins of Escape,True,2007,Dream Pop,True,1350,,,,2007.0,2,8,10
Person,Ping Ma,,,,,1351,,,,,1,0,1
Person,Yong Chang,,,,,1352,,,,,1,0,1
Person,Jun Xia,,,,,1353,,,,,1,0,1
Person,Wei Cao,,,,,1354,,,,,1,0,1
Person,Yan Shao,,,,,1355,,,,,2,0,2
Person,Xia Peng,,,,,1356,,,,,1,0,1
RecordLabel,Peaceful Vision Records,,,,,1357,,,,,0,1,1
Song,If Freedom Were an Open Door,True,2027,Dream Pop,True,1358,2027,,,2027.0,4,6,10
Person,Yong Chen,,,,,1359,,,,,2,0,2
Person,Jie Deng,,,,,1360,,,,,3,0,3
Person,Elizabeth Mccarthy,,,,,1361,,,,,3,0,3
Person,Xia Du,,,,,1362,,,,,2,0,2
Person,Fang Gao,,,,,1363,,,,,3,0,3
Song,Echoes of a Puppet State,True,2003,Speed Metal,True,1364,,,,2003.0,4,5,9
Person,Valerie Brown,,,,,1365,,,,,3,0,3
Person,Julie Griffin,,,,,1366,,,,,2,0,2
Person,Cheryl Malone,,,,,1367,,,,,3,0,3
RecordLabel,BAS Beats,,,,,1368,,,,,0,5,5
RecordLabel,Starlight Soundscape,,,,,1369,,,,,0,2,2
Album,Borderlands of Imperial Dreams,,2013,Doom Metal,True,1370,,,,2013.0,4,4,8
Person,Jiya Raman,,,,,1371,, Golden Wolfe,,,1,0,1
Person,Aayush Cheema,,,,,1372,,,,,1,0,1
Person,Wolfgang Bärer-Holt,,,,,1373,,,,,1,0,1
Person,Nayantara Dugal,,,,,1374,,,,,1,0,1
Song,Manchurian Requiem,True,1990,Synthwave,True,1375,,,,1990.0,2,3,5
Person,Dawn Ramsey,,,,,1376,,,,,4,0,4
Person,Li Fu,,,,,1377,,,,,3,0,3
Album,Flags of Borrowed Sovereignty,,2028,Psychedelic Rock,True,1378,2028,,,2028.0,2,6,8
Person,Jason Jones,,,,,1379,,Oblivion Waltz,,,1,0,1
Person,Alex Bridges,,,,,1380,,,,,2,0,2
Person,Adam Carter,,,,,1381,,,,,1,0,1
Person,David Richardson,,,,,1382,,,,,2,0,2
RecordLabel,Zodiaco Recordings,,,,,1383,,,,,0,4,4
Song,Mercy's Gentle Whisper,True,2028,Alternative Rock,True,1384,2028,,,2028.0,2,3,5
Person,Xiulan Liu,,,,,1385,,,,,2,0,2
Person,Fang Tang,,,,,1386,,,,,1,0,1
RecordLabel,Goodwill Sounds,,,,,1387,,,,,0,1,1
Album,Divine Compassion's Embrace,,1989,Indie Folk,True,1388,,,,1989.0,3,6,9
Person,Yvette Cohen,,,,,1389,,,,,1,0,1
Person,David Choi,,,,,1390,,,,,1,0,1
Person,Scott Schwartz,,,,,1391,,,,,2,0,2
Person,Bradley Gray,,,,,1392,,,,,2,0,2
RecordLabel,Northstar Sound,,,,,1393,,,,,0,4,4
RecordLabel,Coastal Harmony Studios,,,,,1394,,,,,0,1,1
Song,Hallowed Tears of Grace,True,2023,Dream Pop,True,1395,,,,2023.0,3,7,10
Person,Yan Wen,,,,,1396,,,,,1,0,1
Person,Yan Xiao,,,,,1397,,,,,1,0,1
Person,Tao Shen,,,,,1398,,,,,3,0,3
Person,Jeffrey Watson,,,,,1399,,,,,4,0,4
Person,Juan Wang,,,,,1400,,,,,1,0,1
RecordLabel,Westgrund,,,,,1401,,,,,0,3,3
Album,Eternal Comfort's Sigh,,2029,Indie Folk,True,1402,,,,2029.0,6,6,12
Person,Qiang Zhang,,,,,1403,,,,,2,0,2
Person,Richard Obrien,,,,,1404,,,,,2,0,2
Person,Wesley Walker,,,,,1405,,,,,2,0,2
Person,Yang Yu,,,,,1406,,,,,3,0,3
Album,Rearview Mirror,,2023,Desert Rock,True,1407,2023,,,2023.0,3,8,11
Person,Amanda Hunter,,,,,1408,, Frost Maven,,,1,0,1
Person,Fang Liang,,,,,1409,,,,,2,0,2
Person,Guiying Yan,,,,,1410,,,,,11,0,11
Song,Unpack My Heart,False,2013,Southern Gothic Rock,True,1411,,,2013,2013.0,7,5,12
Song,Miles Beyond Yesterday,True,1984,Indie Pop,True,1412,,,,1984.0,1,5,6
Person,Feliciano Noguera-Vallejo,,,,,1413,, M¥TH,,,3,0,3
Person,Diya Swamy,,,,,1414,,VYBE LORD,,,5,0,5
RecordLabel,Compass Records,,,,,1415,,,,,0,9,9
Album,Clean Slate,,2017,Americana,True,1416,2013,,,2017.0,2,5,7
Person,Mohamed Sastre Godoy,,,,,1417,,,,,2,0,2
Person,Baudelio Anglada-Valenzuela,,,,,1418,,,,,3,0,3
Person,Lauren Powell,,,,,1419,,,,,2,0,2
Person,Prudencio Nilo Arjona Huguet,,,,,1420,,,,,3,0,3
RecordLabel,Puits Sonore,,,,,1421,,,,,0,2,2
Song,Radiant Grin,True,1984,Indie Rock,True,1422,,,,1984.0,1,3,4
Person,Halil Neuschäfer,,,,,1423,,,,,1,0,1
Person,Josephine Kabus,,,,,1424,,,,,1,0,1
Song,Sunlit Laughter,True,2023,Doom Metal,True,1425,,,,2023.0,2,5,7
Person,Susan Rodriguez,,,,,1426,,,,,2,0,2
Person,Miss Cynthia Myers,,,,,1427,,,,,1,0,1
Person,Fang Pan,,,,,1428,,,,,2,0,2
Person,Li Yang,,,,,1429,,,,,6,0,6
RecordLabel,Mucambo Music,,,,,1430,,,,,0,1,1
Song,Gleaming Happiness,False,2017,Darkwave,True,1431,,,,2017.0,1,5,6
Person,David White,,,,,1432,,,,,1,0,1
Person,Justin King,,,,,1433,,,,,4,0,4
RecordLabel,Nonesuch Collective,,,,,1434,,,,,0,5,5
Song,Luminous Beam,True,2023,Oceanus Folk,True,1435,,,,2023.0,3,9,12
Person,Jun Wen,,,,,1436,,,,,3,0,3
Person,Ping Sun,,,,,1437,,,,,5,0,5
Person,Jie Cui,,,,,1438,,,,,6,0,6
RecordLabel,Roman Echo,,,,,1439,,,,,0,6,6
Album,Diabolic Dance,,2004,Blues Rock,True,1440,2004,,2004,2004.0,5,9,14
Person,Astrid Lecoq,,,,,1441,,,,,5,0,5
Person,Élodie Albert,,,,,1442,,,,,5,0,5
Person,Sayuri Sato,,,,,1443,,,,,3,0,3
Person,Martine Normand,,,,,1444,,,,,9,0,9
Person,Maggie Faivre,,,,,1445,,,,,5,0,5
RecordLabel,Terzal Tones,,,,,1446,,,,,0,1,1
Song,Infernal Waltz,False,2020,Doom Metal,True,1447,,,,2020.0,3,10,13
Person,Francisco Campbell,,,,,1448,,,,,1,0,1
Person,Amanda Blake,,,,,1449,,,,,4,0,4
Person,Michelle Byrd,,,,,1450,,,,,3,0,3
Person,Michael Gordon,,,,,1451,,,,,1,0,1
Person,Valerie Matthews,,,,,1452,,,,,1,0,1
Person,Maria Merritt,,,,,1453,,,,,2,0,2
Person,William Rodriguez,,,,,1454,,,,,1,0,1
Song,Lucifer's Rhythm,True,1994,Synthwave,True,1455,,,,1994.0,2,6,8
Person,Piotr Wacław,,,,,1456,, W¥LD,,,2,0,2
Person,Mateusz Perczak,,,,,1457,,,,,1,0,1
Person,Peter Collins,,,,,1458,,,,,1,0,1
Person,Marcel Derek,,,,,1459,,,,,5,0,5
RecordLabel,Camden Air Music,,,,,1460,,,,,0,2,2
Album,Hellbound Harmony,,1991,Dream Pop,True,1461,1991,,1991,1991.0,2,7,9
Person,Li Qiu,,,,,1462,,,,,2,0,2
Person,Yan Song,,,,,1463,,,,,1,0,1
Person,Yong Tian,,,,,1464,,,,,1,0,1
Person,Lei Duan,,,,,1465,,,,,13,0,13
Song,Waterlogged Memories,False,2015,Lo-Fi Electronica,True,1466,2008,,,2015.0,7,7,14
Person,Yan Long,,,,,1467,,,,,8,0,8
Person,Ping Tao,,,,,1468,,,,,1,0,1
RecordLabel,Orb Octave,,,,,1469,,,,,0,15,15
Song,Cobblestones and Shadows,True,2004,Doom Metal,True,1470,,,,2004.0,3,5,8
Person,Johannes Linke,,,,,1471,,,,,2,0,2
Person,Donald Choi,,,,,1472,,,,,7,0,7
Person,Raymond Hornich-Jacob,,,,,1473,,,,,1,0,1
Person,Tonya Brown,,,,,1474,,,,,7,0,7
RecordLabel,Nautilus Records,,,,,1475,,,,,0,19,19
Song,Whispers of a Washed Continent,True,2013,Americana,True,1476,,,,2013.0,2,7,9
Person,Jivika Mahal,,,,,1477,,,,,4,0,4
Person,Anaya Barman,,,,,1478,,,,,2,0,2
Person,Zara Anand,,,,,1479,,,,,2,0,2
Person,Damini Kata,,,,,1480,,,,,2,0,2
RecordLabel,Altopiano Records,,,,,1481,,,,,0,54,54
RecordLabel,Equinox Resonance,,,,,1482,,,,,0,3,3
Song,Fragments of a Drowned Landscape,True,2027,Psychedelic Rock,True,1483,,,,2027.0,5,5,10
Person,Adam Allen,,,,,1484,, The Dawn,,,2,0,2
Person,Janina Kałek,,,,,1485,,,,,5,0,5
Person,Mary Walker,,,,,1486,,,,,1,0,1
Person,Julie Taylor,,,,,1487,,,,,1,0,1
RecordLabel,Fizz Recordings,,,,,1488,,,,,0,1,1
Song,Perfection's Reflection,True,2023,Oceanus Folk,True,1489,2023,,,2023.0,5,8,13
Person,Yong Shen,,,,,1490,,,,,7,0,7
Person,Yong Lai,,,,,1491,,,,,7,0,7
Person,Juan Yu,,,,,1492,,,,,7,0,7
Person,Lei Jin,,,,,1493,,,,,8,0,8
Person,Qiang Song,,,,,1494,,,,,4,0,4
Song,Radiant Beyond Compare,True,2004,Doom Metal,True,1495,1997,,2004,2004.0,2,12,14
Person,Francesco Lachmann-Ruppert,,,,,1496,,,,,1,0,1
Person,Horst Barkholz,,,,,1497,,,,,6,0,6
Person,Silvana Radisch,,,,,1498,,,,,3,0,3
Person,Bernfried Stolze,,,,,1499,,,,,7,0,7
RecordLabel,Provisional Groove,,,,,1500,,,,,0,1,1
RecordLabel,Imperial Archives Recordings,,,,,1501,,,,,0,7,7
Song,The Crown of Elegance,False,2018,Psychedelic Rock,True,1502,,,,2018.0,3,10,13
Person,Brandon Simmons,,,,,1503,,,,,1,0,1
Person,Danielle Wright,,,,,1504,,,,,1,0,1
Person,Tammy Norris,,,,,1505,,,,,1,0,1
Person,Anne Cobb,,,,,1506,,,,,1,0,1
RecordLabel,Silver Horizon Recordings,,,,,1507,,,,,0,3,3
Song,Symphony of Grace,True,2018,Doom Metal,True,1508,2018,,,2018.0,3,9,12
Person,Qiang Peng,,,,,1509,,,,,1,0,1
Person,Tao Dai,,,,,1510,,,,,6,0,6
Person,Devin Berger,,,,,1511,,,,,1,0,1
Person,Craig Cameron,,,,,1512,,,,,4,0,4
Person,Na Zhong,,,,,1513,,,,,3,0,3
Person,Li Chang,,,,,1514,,,,,1,0,1
Song,Regal Harmonies of the Palace,True,2029,Doom Metal,True,1515,,,,2029.0,5,5,10
Person,Juan Qian,,,,,1516,,,,,1,0,1
Person,Brandon Banks,,,,,1517,,,,,1,0,1
Person,Juan Feng,,,,,1518,,,,,2,0,2
Person,Min Lei,,,,,1519,,,,,16,0,16
Song,Courtly Melodies at Versailles,False,2023,Lo-Fi Electronica,True,1520,2023,,,2023.0,2,5,7
Person,Yang Deng,,,,,1521,,,,,2,0,2
Person,Xiulan Chang,,,,,1522,,,,,2,0,2
Person,Chao Qian,,,,,1523,,,,,1,0,1
Song,Baroque Whispers of the Throne,True,2009,Psychedelic Rock,True,1524,2009,,,2009.0,2,6,8
Person,Brian Mclaughlin,,,,,1525,,,,,1,0,1
Person,Christina Bowers,,,,,1526,,,,,2,0,2
Person,Carl Jones,,,,,1527,,,,,2,0,2
RecordLabel,Agata Records,,,,,1528,,,,,0,11,11
Song,Imperial Symphonies Unveiled,True,2010,Southern Gothic Rock,True,1529,2010,,,2010.0,2,9,11
Person,Deborah Lucas,,,,,1530,,,,,21,0,21
Person,Margarita Henschel,,,,,1531,,,,,5,0,5
RecordLabel,World Pulse Records,,,,,1532,,,,,0,21,21
Song,Rastgele (Randomly),True,1999,Alternative Rock,True,1533,1999,,,1999.0,2,9,11
Person,Holly Gonzalez,,,,,1534,,,,,5,0,5
Person,Chad Hampton,,,,,1535,,,,,14,0,14
Person,Ronnie Rodriguez,,,,,1536,,,,,1,0,1
RecordLabel,Prism Echo Studios,,,,,1537,,,,,0,10,10
RecordLabel,Radiant Sounds Collective,,,,,1538,,,,,0,13,13
Song,Şans Eseri (By Chance),True,2019,Indie Pop,True,1539,,,,2019.0,4,9,13
Person,Greca Matteotti-Jovinelli,,,,,1540,,,,,1,0,1
Person,Harro Trapp-Caspar,,,,,1541,,,,,6,0,6
RecordLabel,Pachyderm Sounds,,,,,1542,,,,,0,2,2
RecordLabel,Horizon Echo Studios,,,,,1543,,,,,0,7,7
Song,Tesadüfün Dansı (Dance of Coincidence),True,2007,Southern Gothic Rock,True,1544,,,,2007.0,2,6,8
Song,Beklenmedik Karşılaşma (Unexpected Encounter),True,2013,Dream Pop,True,1545,2007,,,2013.0,1,7,8
Person,Sarah Rivera,,,,,1546,,,,,1,0,1
Person,Qiang Lu,,,,,1547,,,,,5,0,5
Person,Brittany Moreno,,,,,1548,,,,,1,0,1
RecordLabel,Digital Airlines,,,,,1549,,,,,0,1,1
Song,Whispers in Minor Intervals,False,2023,Americana,True,1550,,,,2023.0,2,7,9
Person,Fang Xia,,,,,1551,,,,,1,0,1
Person,Lei Ye,,,,,1552,,,,,2,0,2
Person,Sarah Collins,,,,,1553,,,,,1,0,1
Person,Jing Hou,,,,,1554,,,,,1,0,1
Person,Juan Meng,,,,,1555,,,,,1,0,1
Person,Yumiko Ito,,,,,1556,,,,,3,0,3
Song,Echoes of Ancient Modes,True,2004,Doom Metal,False,1557,2004,,,2004.0,2,13,15
Person,Anthony Clark,,,,,1558,,,,,1,0,1
Person,Stilla Seifert,,,,,1559,,,,,1,0,1
Person,Jochen Becker,,,,,1560,,,,,1,0,1
Person,Timothy Simpson,,,,,1561,,,,,2,0,2
Person,Jonathan Wade,,,,,1562,,,,,1,0,1
Person,Michael Snow,,,,,1563,,,,,3,0,3
Person,Rhonda Ward,,,,,1564,,,,,1,0,1
Person,Tilly Eigenwillig,,,,,1565,,,,,1,0,1
Person,Douglas Haynes,,,,,1566,,,,,1,0,1
Person,John Mitchell,,,,,1567,,,,,1,0,1
Person,Deborah Matthews,,,,,1568,,,,,1,0,1
RecordLabel,Drama Circle Records,,,,,1569,,,,,0,11,11
RecordLabel,Plenary Sound,,,,,1570,,,,,0,14,14
Song,Twilight's Harmonic Descent,False,2026,Indie Rock,True,1571,,,,2026.0,9,13,22
Person,Ryan Kala,,,,,1572,,,,,2,0,2
Person,Rosalia Bloch,,,,,1573,,,,,2,0,2
Person,Heinz-Joachim Anders,,,,,1574,,,,,2,0,2
Person,Joseph Dixon,,,,,1575,,,,,4,0,4
Person,Edward Hamilton,,,,,1576,,,,,1,0,1
Person,Megan Diaz,,,,,1577,,,,,1,0,1
Person,Rita Hänel,,,,,1578,,,,,2,0,2
Person,Liliana Heidrich,,,,,1579,,,,,5,0,5
Person,Sharon Delgado,,,,,1580,,,,,2,0,2
Person,Alexandra Sauer-Ditschlerin,,,,,1581,,,,,3,0,3
Person,Alex Mathis,,,,,1582,,,,,1,0,1
RecordLabel,Terra Rossa Sounds,,,,,1583,,,,,0,2,2
RecordLabel,Aldehuela Recordings,,,,,1584,,,,,0,9,9
Song,Stringed Lamentations in Gray,True,2007,Dream Pop,True,1585,2007,,,2007.0,3,3,6
Person,Christopher Ward,,,,,1586,,,,,3,0,3
RecordLabel,Verdant Frontier Recordings,,,,,1587,,,,,0,4,4
Album,Strategic Surrender,,2029,Americana,True,1588,,,,2029.0,3,8,11
Person,Juan Yao,,,,,1589,,,,,1,0,1
Person,Fang Du,,,,,1590,,,,,2,0,2
Person,Fang Xu,,,,,1591,,,,,1,0,1
Person,Jie Yin,,,,,1592,,,,,1,0,1
Person,Qiang Chang,,,,,1593,,,,,2,0,2
Person,Xiulan Gong,,,,,1594,,,,,1,0,1
RecordLabel,Meridian Sound,,,,,1595,,,,,0,20,20
Song,The King's Last Move,True,2005,Indie Pop,True,1596,,,,2005.0,2,4,6
Person,Walentina Ernst-Klingelhöfer,,,,,1597,,,,,3,0,3
Person,Nikolas Naser,,,,,1598,,,,,3,0,3
RecordLabel,Cultural Harmony,,,,,1599,,,,,0,4,4
Song,Pawns and Prophets,True,2025,Space Rock,True,1600,,,,2025.0,2,5,7
Person,Caleb Long,,,,,1601,,,,,1,0,1
Person,Juan Fu,,,,,1602,,,,,1,0,1
Person,Matthew Hall,,,,,1603,,,,,2,0,2
RecordLabel,Abbaye Resonance,,,,,1604,,,,,0,2,2
Song,Checkmate in Silence,True,2000,Synthwave,True,1605,,,,2000.0,2,3,5
Person,Jun Zheng,,,,,1606,,,,,3,0,3
Person,Lei Gu,,,,,1607,,,,,2,0,2
Album,Espresso of Existence,,1999,Indie Folk,True,1608,1996,,,1999.0,2,7,9
Person,Igor Rychcik,,,,,1609,,,,,2,0,2
Person,Marianna Stefanik,,,,,1610,,,,,4,0,4
Song,Philosophical Brew,False,2015,Indie Rock,True,1611,2015,,,2015.0,2,26,28
Person,Rita Iannucci,,,,,1612,,,,,8,0,8
Person,Luciana Iacovelli,,,,,1613,,,,,2,0,2
Person,Michelangelo Nolcini,,,,,1614,,,,,8,0,8
Person,Nada Pechel,,,,,1615,,,,,5,0,5
RecordLabel,BMG Horizon Sound,,,,,1616,,,,,0,13,13
Song,Dialogues over Darjeeling,True,2017,Americana,True,1617,,,,2017.0,2,3,5
Person,Qiang Hou,,,,,1618,,,,,1,0,1
Person,Tao Zou,,,,,1619,,,,,2,0,2
Album,Thoughts in a Teacup,,2026,Indie Folk,True,1620,2026,,,2026.0,2,5,7
Person,Yong Zhang,,,,,1621,,,,,2,0,2
Person,Qiang Fan,,,,,1622,,,,,2,0,2
Person,Jie Gong,,,,,1623,,,,,1,0,1
Person,Chao Guo,,,,,1624,,,,,2,0,2
RecordLabel,Monarch Recordings,,,,,1625,,,,,0,13,13
Song,Toga Dreams and Marble Schemes,True,2020,Indie Folk,True,1626,,,,2020.0,3,6,9
Person,Xiuying Huang,,,,,1627,,,,,1,0,1
Person,Yong Fu,,,,,1628,,,,,3,0,3
Song,Legionary's Lament,True,2023,Desert Rock,True,1629,,,,2023.0,5,6,11
Person,Nath Henry,,,,,1630,,Revel,,,2,0,2
Person,Odette Dupuy,,,,,1631,,,,,1,0,1
Person,Xavier Baron,,,,,1632,,,,,1,0,1
Person,Guillaume Petitjean,,,,,1633,,,,,2,0,2
RecordLabel,Echo Eleven Recordings,,,,,1634,,,,,0,1,1
Song,Ruins of Imperial Passion,True,2026,Synthpop,True,1635,,,,2026.0,3,5,8
Person,Gabrielle Richardson,,,,,1636,,,,,4,0,4
Person,Juan Hall,,,,,1637,,,,,3,0,3
Person,Bryan Smith,,,,,1638,,,,,2,0,2
Person,Walfried Ernst,,,,,1639,,,,,2,0,2
RecordLabel,Navio Sound,,,,,1640,,,,,0,1,1
RecordLabel,Spon Records,,,,,1641,,,,,0,2,2
Song,Whispers from the Colosseum Stands,True,2013,Desert Rock,True,1642,,,,2013.0,1,12,13
Person,Xia Yao,,,,,1643,,,,,3,0,3
Person,Fang Tao,,,,,1644,,,,,4,0,4
Person,Yong Yu,,,,,1645,,,,,2,0,2
Person,Xiulan Mo,,,,,1646,,,,,1,0,1
Person,Wei Gao,,,,,1647,,,,,1,0,1
Person,Ping Tian,,,,,1648,,,,,7,0,7
Person,Lei He,,,,,1649,,,,,5,0,5
Person,Daniel Lyons,,,,,1650,,,,,17,0,17
Person,Jun Yu,,,,,1651,,,,,5,0,5
Album,Tusks and Mud,,2027,Synthwave,True,1652,2027,,2027,2027.0,4,8,12
Person,Charo Cañas Saez,,,,,1653,,,,,1,0,1
Person,Concepción Ripoll,,,,,1654,,,,,2,0,2
Person,Cayetana Bernal-Ocaña,,,,,1655,,,,,1,0,1
Person,Alfonso Albero Cervera,,,,,1656,,,,,1,0,1
Person,Abigaíl Tovar Sainz,,,,,1657,,,,,1,0,1
Person,Anastasio Jiménez Ferrer,,,,,1658,,,,,1,0,1
RecordLabel,Chung Dynasty Records,,,,,1659,,,,,0,2,2
RecordLabel,Crude Harmony,,,,,1660,,,,,0,1,1
Song,Bristle and Grunt,True,2013,Doom Metal,True,1661,,,,2013.0,3,6,9
Person,Yan Wen,,,,,1662,,,,,9,0,9
Person,Xiulan Zhao,,,,,1663,,,,,3,0,3
Person,Min Jia,,,,,1664,,,,,10,0,10
Song,Savanna's Ugly Beauty,True,2026,Oceanus Folk,True,1665,,,,2026.0,3,3,6
Person,Gang Pan,,,,,1666,,,,,1,0,1
Person,Tao Kong,,,,,1667,,,,,1,0,1
Person,Chao Mo,,,,,1668,,,,,1,0,1
RecordLabel,DFBR Recordings,,,,,1669,,,,,0,9,9
RecordLabel,Pebble Press Recordings,,,,,1670,,,,,0,1,1
Album,Scarred Snout Serenade,,2026,Darkwave,True,1671,,,,2026.0,3,8,11
Person,Herr Karl-Josef Roskoth,,,,,1672,,The Phantom Axiom,,,2,0,2
Person,Élise François-Berthelot,,,,,1673,,,,,1,0,1
Person,Doris Becker,,,,,1674,,,,,1,0,1
Person,Noël Loiseau,,,,,1675,,,,,1,0,1
Person,Siegmar Heintze,,,,,1676,,,,,1,0,1
Person,Henriette Duval,,,,,1677,,,,,1,0,1
Person,Thibault Ollivier,,,,,1678,,,,,1,0,1
RecordLabel,Palazzo Sounds,,,,,1679,,,,,0,3,3
Song,Riddle of the Frozen Princess,True,2027,Space Rock,True,1680,,,,2027.0,9,4,13
Person,Lei Dong,,,,,1681,,,,,1,0,1
Person,Wei Mao,,,,,1682,,,,,1,0,1
Person,Jing Zhong,,,,,1683,,,,,2,0,2
Song,Crimson Challenge at Midnight,False,2020,Dream Pop,True,1684,,,,2020.0,3,3,6
Person,Mckenzie Cuevas,,,,,1685,,,,,1,0,1
Person,Sandra Horton,,,,,1686,,,,,2,0,2
RecordLabel,La Crestière,,,,,1687,,,,,0,5,5
RecordLabel,Rundfunk Records,,,,,1688,,,,,0,2,2
Album,The Three Impossible Questions,,2010,Synthwave,True,1689,2010,,,2010.0,3,6,9
Person,Ping Xiang,,,,,1690,,,,,1,0,1
Person,April Brown,,,,,1691,,,,,2,0,2
Person,Jing Chang,,,,,1692,,,,,2,0,2
Song,Blood and Imperial Desire,False,2025,Psychedelic Rock,True,1693,2025,,,2025.0,2,6,8
Person,Gang Guo,,,,,1694,,,,,1,0,1
Person,Wei Xue,,,,,1695,,,,,1,0,1
Person,Ming He,,,,,1696,,,,,1,0,1
Person,Xiuying Yuan,,,,,1697,,,,,1,0,1
Person,Xiulan Ren,,,,,1698,,,,,2,0,2
RecordLabel,Emre Wavelength,,,,,1699,,,,,0,2,2
Song,Wingspan of the Andes,True,2016,Southern Gothic Rock,True,1700,,,,2016.0,1,4,5
Person,Carsten Heinz,,,,,1701,,,,,2,0,2
Song,Thermals and Shadows,True,2010,Dream Pop,True,1702,,,,2010.0,1,7,8
Person,Igor Goliasz,,,,,1703,,,,,2,0,2
Person,Malwina Kaźmierczyk,,,,,1704,,,,,1,0,1
Person,Artur Garbacik,,,,,1705,,,,,2,0,2
Person,Konrad Klinkosz,,,,,1706,,,,,2,0,2
Person,Bartek Tatarczyk,,,,,1707,,,,,2,0,2
RecordLabel,Simina Sound,,,,,1708,,,,,0,2,2
Song,Peaks of Solitude,True,2026,Synthwave,True,1709,,,,2026.0,3,6,9
Person,Ping Bai,,,,,1710,,,,,1,0,1
Person,Gang Tan,,,,,1711,,,,,2,0,2
Person,Chao Han,,,,,1712,,,,,3,0,3
Person,Guiying Jiang,,,,,1713,,,,,3,0,3
Person,Fang Song,,,,,1714,,,,,3,0,3
Song,Guardian of the Mountain Winds,True,2029,Dream Pop,True,1715,2023,,,2029.0,9,10,19
Person,Kimberly Snyder,,,,,1716,, Slate,,,42,0,42
Person,Michael Washington,,,,,1717,,,,,2,0,2
Person,Joshua Herring,,,,,1718,,,,,20,0,20
Person,Gerald Mullins,,,,,1719,,,,,18,0,18
Person,Andrew Montgomery,,,,,1720,,,,,4,0,4
Person,Casey Wright,,,,,1721,,,,,1,0,1
RecordLabel,Atco Axis,,,,,1722,,,,,0,29,29
Song,Carousel of Judgment,True,2020,Dream Pop,True,1723,,,2020,2020.0,2,7,9
Person,Xiuying Lin,,,,,1724,,,,,1,0,1
Person,Bethany Thompson,,,,,1725,,,,,2,0,2
Person,Min Fan,,,,,1726,,,,,1,0,1
Person,Li Zhou,,,,,1727,,,,,1,0,1
Person,Alois Jäntsch-Hecker,,,,,1728,,,,,2,0,2
Album,Midway Mirage,,2013,Dream Pop,True,1729,,,,2013.0,2,8,10
Person,Debra Bates,,,,,1730,, NXGHT,,,1,0,1
Person,Melanie Barker,,,,,1731,,,,,1,0,1
Person,Brianna Tucker,,,,,1732,,,,,1,0,1
Person,Matthew Hickman,,,,,1733,,,,,1,0,1
Person,Christina Berry,,,,,1734,,,,,1,0,1
Person,Jeffery Koch,,,,,1735,,,,,1,0,1
Person,Nicole Gray,,,,,1736,,,,,1,0,1
RecordLabel,Regal Reverence Records,,,,,1737,,,,,0,6,6
Song,Ticket to Impartiality,True,2017,Doom Metal,True,1738,,,2017,2017.0,3,6,9
Person,Andrew Peters,,,,,1739,,,,,1,0,1
RecordLabel,Urutone Records,,,,,1740,,,,,0,15,15
RecordLabel,Campania Tracks,,,,,1741,,,,,0,1,1
Song,Ferris Wheel of Chance,True,2017,Indie Folk,True,1742,,,,2017.0,3,8,11
Person,Xiulan Wei,,,,,1743,,,,,6,0,6
Person,Xia Lu,,,,,1744,,,,,1,0,1
Person,Lei Yi,,,,,1745,,,,,6,0,6
Person,Paul Brown,,,,,1746,,,,,1,0,1
Person,Teresa Ellis,,,,,1747,,,,,1,0,1
Song,Shadows of the Imperial Throne,False,2023,Dream Pop,True,1748,,,,2023.0,2,12,14
Person,Jeffrey Herring,,,,,1749,,,,,3,0,3
Person,Lori Delgado,,,,,1750,,,,,2,0,2
Person,Levi Stewart,,,,,1751,,,,,1,0,1
Person,Tao Cui,,,,,1752,,,,,6,0,6
Person,Christopher Andrews,,,,,1753,,,,,2,0,2
Person,Ashley Yang,,,,,1754,,,,,2,0,2
RecordLabel,Nordic Pulse Records,,,,,1755,,,,,0,1,1
RecordLabel,Pure Springs Audio,,,,,1756,,,,,0,2,2
Song,Whispers from Alexander's Chambers,True,2010,Avant-Garde Folk,True,1757,,,2010,2010.0,3,6,9
Person,Michael Boyd,,,,,1758,,,,,15,0,15
Song,Crown and Conquest,True,2024,Space Rock,True,1759,2024,,,2024.0,2,7,9
Person,Lei Kong,,,,,1760,,,,,1,0,1
Person,Xia Cai,,,,,1761,,,,,1,0,1
Person,Qiang Bai,,,,,1762,,,,,2,0,2
Song,The Macedonian Crescendo,True,2022,Dream Pop,True,1763,2022,,2022,2022.0,1,11,12
Person,Fang Tao,,,,,1764,,,,,2,0,2
Person,Na Meng,,,,,1765,,,,,2,0,2
Person,Wei Su,,,,,1766,,,,,1,0,1
Person,Richard White,,,,,1767,,,,,1,0,1
Person,Yan Yan,,,,,1768,,,,,1,0,1
Person,Fang Jiang,,,,,1769,,,,,2,0,2
Person,Tao Huang,,,,,1770,,,,,2,0,2
RecordLabel,Silverlight Sound,,,,,1771,,,,,0,2,2
Song,Heavy Eyelids of Twilight,False,2010,Southern Gothic Rock,True,1772,,,,2010.0,7,8,15
Album,Slumber's Burden,,2030,Darkwave,True,1773,,,,2030.0,7,6,13
Person,Paula Wilson,,,,,1774,,,,,5,0,5
Person,Steven Branch,,,,,1775,,,,,4,0,4
Person,Brittany Wright,,,,,1776,,,,,1,0,1
Person,Judith Hunter,,,,,1777,,,,,5,0,5
Person,Rachel Wilson,,,,,1778,,,,,4,0,4
Song,Dreaming Before Dawn,True,2017,Indie Folk,True,1779,,,2017,2017.0,3,11,14
Person,Nikolaos Jäkel,,,,,1780,,,,,1,0,1
Person,Peggy Krebs,,,,,1781,,,,,3,0,3
Person,Alexa Albers-Säuberlich,,,,,1782,,,,,3,0,3
Song,Weighted Whispers of Exhaustion,False,2024,Doom Metal,True,1783,,,,2024.0,2,3,5
Person,Min Tian,,,,,1784,,,,,1,0,1
Person,Ping Zeng,,,,,1785,,,,,14,0,14
RecordLabel,Haute-Corse Harmony,,,,,1786,,,,,0,1,1
Song,Nordic Bliss,True,2026,Indie Folk,True,1787,,,,2026.0,3,3,6
Person,Melissa Harris,,,,,1788,,,,,3,0,3
Person,Thomas Jones,,,,,1789,,,,,1,0,1
RecordLabel,Montagne Sonore,,,,,1790,,,,,0,2,2
Song,Stockholm Sunshine,True,2010,Lo-Fi Electronica,True,1791,,,,2010.0,4,5,9
Person,Danielle Walsh,,,,,1792,,,,,3,0,3
Person,Yang Hou,,,,,1793,,,,,2,0,2
Person,Xiulan Wei,,,,,1794,,,,,1,0,1
RecordLabel,Ornica Sound,,,,,1795,,,,,0,14,14
RecordLabel,Forward Sound,,,,,1796,,,,,0,11,11
Song,Scandinavian Dreams,True,2028,Americana,True,1797,,,,2028.0,9,9,18
Person,Ping Xia,,,,,1798,,,,,1,0,1
Person,Steve Guzman,,,,,1799,,,,,1,0,1
Person,Qiang Chang,,,,,1800,,,,,2,0,2
Person,Fang Shen,,,,,1801,,,,,2,0,2
Person,Chao Wan,,,,,1802,,,,,8,0,8
Person,Na Duan,,,,,1803,,,,,1,0,1
Album,Midsummer Memories,,2013,Indie Folk,True,1804,,,,2013.0,10,4,14
Person,Vedika Dar,,,,,1805,,,,,2,0,2
Person,Ahana Babu,,,,,1806,,,,,1,0,1
Song,Clearly Complicated,True,2009,Emo/Pop Punk,True,1807,2003,,,2009.0,2,3,5
Person,Renato Holsten,,,,,1808,,,,,2,0,2
Person,Ottomar Spieß,,,,,1809,,,,,2,0,2
Song,Undeniable Subtext,True,2028,Lo-Fi Electronica,True,1810,,,,2028.0,2,2,4
Person,Nanami Sakamoto,,,,,1811,,,,,2,0,2
RecordLabel,Emre Echo Records,,,,,1812,,,,,0,1,1
Album,"No Doubt, No Filter",,2023,Indie Rock,True,1813,2023,,,2023.0,4,3,7
Album,Transparent Intentions,,2006,Southern Gothic Rock,True,1814,,,,2006.0,5,5,10
Person,Konrad Goss,,,,,1815,,,,,6,0,6
Person,Kornel Preś,,,,,1816,,,,,6,0,6
Album,The Ballad of Billy's Bravado,,1997,Indie Rock,True,1817,,,,1997.0,3,5,8
Person,Sarah James,,,,,1818,,,,,4,0,4
Person,Michele Kim,,,,,1819,,,,,2,0,2
Person,Susan Mcclain,,,,,1820,,,,,4,0,4
RecordLabel,Maelstrom Records,,,,,1821,,,,,0,9,9
RecordLabel,Chung Heritage Records,,,,,1822,,,,,0,3,3
Album,Rebel Without a Pause,,2029,Oceanus Folk,True,1823,,,,2029.0,6,5,11
Person,Li Bai,,,,,1824,,,,,1,0,1
Person,Lei Peng,,,,,1825,,,,,1,0,1
Person,Ping Feng,,,,,1826,,,,,1,0,1
Person,Donna Ryan,,,,,1827,,,,,2,0,2
Person,Li Deng,,,,,1828,,,,,1,0,1
RecordLabel,Pulse Platters,,,,,1829,,,,,0,2,2
Song,Trouble's Favorite Son,True,2029,Post-Apocalyptic Folk,True,1830,2029,,,2029.0,5,9,14
Person,Jing Tian,,,,,1831,,,,,1,0,1
Person,Jun Yin,,,,,1832,,,,,1,0,1
Person,Brian Gross,,,,,1833,,,,,1,0,1
Person,Jing Shao,,,,,1834,,,,,1,0,1
Person,Yan Lei,,,,,1835,,,,,2,0,2
RecordLabel,Full Frame Records,,,,,1836,,,,,0,1,1
Song,Bad to the Bone Billy,True,2013,Alternative Rock,True,1837,2013,,,2013.0,2,6,8
Person,Carolyn Schultz,,,,,1838,,,,,9,0,9
Person,Miguel Johnston,,,,,1839,,,,,7,0,7
RecordLabel,Resonanz Klang Verlag,,,,,1840,,,,,0,2,2
Song,Ripples and Whispers,True,2010,Indie Folk,True,1841,,,,2010.0,2,148,150
Person,Guiying Lu,,,,,1842,,,,,2,0,2
Person,Chao Tan,,,,,1843,,,,,5,0,5
Person,Juan Gao,,,,,1844,,,,,1,0,1
Song,Shoreline Secrets,True,2010,Synthpop,True,1845,2010,,,2010.0,1,4,5
Person,Friedrich-Wilhelm Ullmann,,,,,1846,,,,,4,0,4
Person,Violetta Peukert,,,,,1847,,,,,1,0,1
Person,Ulrike Ziegert,,,,,1848,,,,,2,0,2
Song,Waves Beneath My Feet,True,2027,Indie Folk,True,1849,,,,2027.0,6,5,11
Person,Ping Sun,,,,,1850,,,,,2,0,2
Person,Gang Pan,,,,,1851,,,,,6,0,6
RecordLabel,Orge Resonance,,,,,1852,,,,,0,22,22
Song,Reflections on the Water's Rim,True,2011,Avant-Garde Folk,True,1853,,,,2011.0,3,13,16
Person,Mary Rodriguez,,,,,1854,,,,,2,0,2
Person,Marie James,,,,,1855,,,,,3,0,3
RecordLabel,Dharma Groove,,,,,1856,,,,,0,10,10
Song,Melancholy's Strings,False,2006,Indie Rock,True,1857,2006,,,2006.0,1,17,18
Person,Li Lu,,,,,1858,,,,,12,0,12
Album,Shadows of the Minor Scale,,2017,Oceanus Folk,True,1859,,,2017,2017.0,2,4,6
Person,Xia Yan,,,,,1860,,,,,2,0,2
Person,Xiulan Dong,,,,,1861,,,,,1,0,1
Person,Na Zhong,,,,,1862,,,,,2,0,2
Song,Whispers of a Forgotten Melody,False,2013,Oceanus Folk,False,1863,2013,,,2013.0,5,8,13
Person,Ming Song,,,,,1864,,,,,1,0,1
Person,Tao Zhao,,,,,1865,,,,,1,0,1
Person,Na Peng,,,,,1866,,,,,5,0,5
Person,Nadia van Dooren-de Jode Vastraedsd,,,,,1867,,,,,3,0,3
Person,Lei Tao,,,,,1868,,,,,1,0,1
Song,Echoes from the Dark Chord,True,2013,Indie Rock,True,1869,2013,,2013,2013.0,2,7,9
Person,Fang Xie,,,,,1870,,,,,1,0,1
Person,Jie Cai,,,,,1871,,,,,4,0,4
Person,Yang Gao,,,,,1872,,,,,1,0,1
Person,Li Ma,,,,,1873,,,,,5,0,5
Song,Dusty Miles,False,2023,Dream Pop,True,1874,,,,2023.0,4,8,12
Person,Jing Ding,,,,,1875,,Solara,,,2,0,2
Person,Ming Dai,,,,,1876,,,,,1,0,1
Person,Xiulan Yi,,,,,1877,,,,,8,0,8
Person,Wei Gao,,,,,1878,,,,,5,0,5
RecordLabel,Fassa Sounds,,,,,1879,,,,,0,21,21
Album,Escape Velocity,,2023,Alternative Rock,True,1880,,,,2023.0,6,3,9
Person,Hridaan Kaur,,,,,1881,,,,,5,0,5
Person,Rohan Shanker,,,,,1882,,,,,4,0,4
RecordLabel,Fascino Harmony,,,,,1883,,,,,0,3,3
Album,Nowhere's Child,,2010,Doom Metal,False,1884,2010,,,2010.0,2,12,14
Person,Hridaan Chacko,,,,,1885,,,,,1,0,1
Person,Adah Barad,,,,,1886,,,,,2,0,2
Person,Rania Bahri,,,,,1887,,,,,1,0,1
Song,Backroad FreedomCumhuriyet'in İzinde (On the Path of the Republic),True,2017,Indie Folk,True,1888,,,,2017.0,3,5,8
Person,Lawrence Larson,,,,,1889,,,,,2,0,2
Person,Rachel Hall,,,,,1890,,,,,1,0,1
Person,Rachel Hill,,,,,1891,,,,,7,0,7
RecordLabel,Sound Spectrum,,,,,1892,,,,,0,33,33
RecordLabel,Sonic Mosaic,,,,,1893,,,,,0,41,41
RecordLabel,Terral Sounds,,,,,1894,,,,,0,7,7
Song,Yeni Doğan Devrim (Newborn Revolution),True,2025,Desert Rock,True,1895,2025,,,2025.0,3,3,6
Person,Na Tao,,,,,1896,,,,,2,0,2
Person,Li Shao,,,,,1897,,,,,2,0,2
Song,Atatürk'ün Sesi (The Voice of Atatürk),True,2028,Dream Pop,True,1898,,,2028,2028.0,3,4,7
Person,Juan Xue,,,,,1899,,Velvet Alibi,,,2,0,2
Person,Jun Guo,,,,,1900,,,,,2,0,2
Person,Lei Kong,,,,,1901,,,,,1,0,1
Song,Özgürlük Şarkısı (Song of Freedom),True,2017,Americana,True,1902,,,,2017.0,4,4,8
Person,Brandon Horton,,,,,1903,,,,,2,0,2
Person,Cynthia Hoover,,,,,1904,,,,,1,0,1
Person,Brian Melton,,,,,1905,,,,,1,0,1
RecordLabel,Nishi Grooves,,,,,1906,,,,,0,6,6
Song,Echoes of Mirth,False,2021,Synthwave,True,1907,2021,,2021,2021.0,5,9,14
Person,Yong Cao,,,,,1908,,H3X MOBB,,,2,0,2
Person,Ming Lai,,,,,1909,,,,,1,0,1
Person,Min Wen,,,,,1910,,,,,1,0,1
Person,Min Peng,,,,,1911,,,,,2,0,2
Person,Yan Lin,,,,,1912,,,,,6,0,6
Album,Scattered Giggles,,1993,Indie Pop,True,1913,,,1993,1993.0,2,4,6
Person,Ewelina Jeszke,,,,,1914,,,,,13,0,13
Song,Fragments of Joy,True,2023,Synthwave,True,1915,2023,,2023,2023.0,10,12,22
Person,Benjamin Lee,,,,,1916,,Logan Drake,,,1,0,1
Person,Taylor Reed,,,,,1917,,,,,1,0,1
Person,Kelly Stewart,,,,,1918,,,,,11,0,11
Person,Tina Hobbs,,,,,1919,,,,,3,0,3
Album,Whispers of Laughter,,2020,Doom Metal,True,1920,,,2020,2020.0,4,5,9
Person,Jonathan Marquez,,,,,1921,,,,,2,0,2
Person,Matthäus Hendriks,,,,,1922,,,,,1,0,1
Person,Giesela Kuhl,,,,,1923,,,,,2,0,2
Person,Ida Hentschel,,,,,1924,,,,,9,0,9
RecordLabel,Vertical Altitude,,,,,1925,,,,,0,5,5
RecordLabel,Grafson Groove,,,,,1926,,,,,0,1,1
Album,Footprints in Silence,,2011,Dream Pop,True,1927,,,,2011.0,4,8,12
Person,Zara Trivedi,,,,,1928,,,,,4,0,4
Person,Rhea Wali,,,,,1929,,,,,6,0,6
Person,Nitya Dass,,,,,1930,,,,,1,0,1
Person,Anahi Sachdeva,,,,,1931,,,,,2,0,2
Person,Shaan Sanghvi,,,,,1932,,,,,15,0,15
Song,Wandering Miles,True,2025,Avant-Garde Folk,True,1933,,,,2025.0,10,2,12
Person,Aleksander Przybyś,,,,,1934,,,,,8,0,8
Song,Solitary Stride,True,1986,Psychedelic Rock,True,1935,,,,1986.0,2,4,6
Person,Lucas Aguilar,,,,,1936,,,,,1,0,1
Person,Rodney Moss,,,,,1937,,,,,2,0,2
RecordLabel,Jewel Tone Records,,,,,1938,,,,,0,7,7
Song,Paths Untrodden,True,2026,Space Rock,True,1939,,,,2026.0,5,6,11
Person,Lei Shen,,,,,1940,,,,,1,0,1
Person,Yang Tang,,,,,1941,,,,,6,0,6
Person,Yan Han,,,,,1942,,,,,7,0,7
Album,Throne of Mercy,,2020,Lo-Fi Electronica,True,1943,2020,,,2020.0,9,7,16
Person,Na Zhong,,,,,1944,, P.K. Steel,,,1,0,1
Person,Jie Shi,,,,,1945,, WXNDER,,,1,0,1
Person,Guiying Tian,,,,,1946,,,,,2,0,2
Person,Juan Shi,,,,,1947,,,,,1,0,1
RecordLabel,Orbital Sound,,,,,1948,,,,,0,3,3
Song,Royal Celestial Blessing,True,2010,Symphonic Metal,True,1949,,,,2010.0,2,7,9
Person,Xiulan Yao,,,,,1950,,,,,1,0,1
Person,Baptist Adolph,,,,,1951,,,,,2,0,2
Person,Yang Wan,,,,,1952,,,,,30,0,30
Person,Xiuying Dai,,,,,1953,,,,,5,0,5
Person,Yong Fu,,,,,1954,,,,,7,0,7
Song,Prayers for the Crown,False,1985,Emo/Pop Punk,True,1955,,,,1985.0,2,17,19
Person,Dominic Riehl,,,,,1956,,,,,5,0,5
RecordLabel,Sovereign Ledger Sound,,,,,1957,,,,,0,2,2
Song,Divine Protection of Our Monarch,False,2026,Jazz Surf Rock,True,1958,,,2026,2026.0,3,7,10
Person,Indranil Bedi,,,,,1959,,,,,1,0,1
Person,Gatik Soni,,,,,1960,,,,,2,0,2
Person,Navya Barad,,,,,1961,,,,,2,0,2
Person,Myra Devan,,,,,1962,,,,,1,0,1
Person,Sana Sunder,,,,,1963,,,,,1,0,1
RecordLabel,Nyx Echo,,,,,1964,,,,,0,1,1
RecordLabel,Urban Atelier Collective,,,,,1965,,,,,0,1,1
Song,Whispers Among the Emerald Branches,True,2023,Synthwave,True,1966,,,,2023.0,7,4,11
Person,Jing Long,,,,,1967,,,,,2,0,2
Person,Ping Zhou,,,,,1968,,,,,4,0,4
Person,Jie Chen,,,,,1969,,,,,2,0,2
Song,Footsteps in the Forest's Embrace,False,2027,Darkwave,True,1970,,,2027,2027.0,3,7,10
Person,George Russell,,,,,1971,, August,,,1,0,1
Person,Cynthia Lewis,,,,,1972,,,,,1,0,1
Person,Amanda Moore,,,,,1973,,,,,1,0,1
Person,Carlos Anderson,,,,,1974,,,,,2,0,2
Person,Joshua Best,,,,,1975,,,,,1,0,1
Person,Jun Cui,,,,,1976,,,,,2,0,2
Album,Verdant Paths of Memory,,2000,Indie Folk,True,1977,,,,2000.0,3,10,13
Person,Hailey Timmerman-van der Berg,,,,,1978,,,,,1,0,1
Person,Anouk Schatteleijn,,,,,1979,,,,,5,0,5
Person,Bas Jansen,,,,,1980,,,,,1,0,1
Person,Lily Sprong,,,,,1981,,,,,1,0,1
Person,Travis Williams,,,,,1982,,,,,8,0,8
RecordLabel,Desert Frequency,,,,,1983,,,,,0,2,2
Song,Twilight in the Woodland Clearing,True,2029,Desert Rock,True,1984,,,2029,2029.0,7,7,14
Person,Adrian Blevins,,,,,1985,,,,,1,0,1
Person,Nancy Wright,,,,,1986,,,,,2,0,2
Person,Anthony Silva,,,,,1987,,,,,2,0,2
Person,Krystal Moody,,,,,1988,,,,,1,0,1
RecordLabel,Mirov Melody Records,,,,,1989,,,,,0,2,2
RecordLabel,Svítání Sounds,,,,,1990,,,,,0,4,4
Album,Fading Leaves of Memory,,2024,Americana,True,1991,,,,2024.0,2,7,9
Person,Derek Smith,,,,,1992,,,,,5,0,5
Person,Christina Johnson,,,,,1993,,,,,6,0,6
Person,Julie Davis,,,,,1994,,,,,5,0,5
Person,Cynthia Murphy,,,,,1995,,,,,6,0,6
Song,Twilight's Gentle Embrace,True,2026,Dream Pop,True,1996,2026,,,2026.0,3,5,8
Person,Jie Tian,,,,,1997,,,,,1,0,1
Person,Yang Yuan,,,,,1998,,,,,1,0,1
Person,Tao Shi,,,,,1999,,,,,1,0,1
Person,Min Lai,,,,,2000,,,,,1,0,1
Person,Na Deng,,,,,2001,,,,,7,0,7
Song,Silver Threads and Quiet Moments,True,2004,Doom Metal,True,2002,2000,,,2004.0,2,11,13
Person,Jeremy Alvarez,,,,,2003,,,,,2,0,2
Person,Martino Michelangeli,,,,,2004,,,,,8,0,8
Person,Coriolano Luria-Scialpi,,,,,2005,,,,,3,0,3
Person,Filippo Pelli,,,,,2006,,,,,18,0,18
Person,Luigina Camuccini,,,,,2007,,,,,3,0,3
RecordLabel,Saignelegier Records,,,,,2008,,,,,0,19,19
Album,The Wisdom of Weathered Seasons,,2028,Space Rock,True,2009,,,,2028.0,5,4,9
Person,Yong Kong,,,,,2010,,,,,1,0,1
Person,Xiulan Fu,,,,,2011,,,,,1,0,1
Person,Jing Tan,,,,,2012,,,,,5,0,5
Song,Shrapnel Memories,True,2017,Synthwave,True,2013,,,,2017.0,3,6,9
Person,Jie Deng,,,,,2014,,,,,1,0,1
Person,Fang Yuan,,,,,2015,,,,,1,0,1
Person,Juan Lai,,,,,2016,,,,,3,0,3
Person,Yang Kong,,,,,2017,,,,,1,0,1
RecordLabel,Bellecourt Sounds,,,,,2018,,,,,0,6,6
Song,Detonation Point,True,2029,Dream Pop,True,2019,,,2029,2029.0,2,7,9
Person,Ping Guo,,,,,2020,,,,,1,0,1
Person,Xiuying Xiang,,,,,2021,,,,,1,0,1
Person,Wei He,,,,,2022,,,,,2,0,2
Person,Qiang Tang,,,,,2023,,,,,25,0,25
Person,Juan Zou,,,,,2024,,,,,7,0,7
RecordLabel,Provincial Signature Records,,,,,2025,,,,,0,1,1
Song,Scattered Light,False,2023,Indie Pop,True,2026,,,,2023.0,4,4,8
Person,Božena Dušková,,,,,2027,,,,,1,0,1
Person,Emin Mentzel,,,,,2028,,,,,1,0,1
RecordLabel,Bilhom Rhythms,,,,,2029,,,,,0,2,2
Album,Aftershock Silence,,2028,Dream Pop,True,2030,2021,,,2028.0,4,6,10
Person,Yan Yang,,,,,2031,,,,,1,0,1
Person,Jie Song,,,,,2032,,,,,1,0,1
Person,Xiuying Kong,,,,,2033,,,,,1,0,1
Album,Hearts Like Honey,,2010,Jazz Surf Rock,True,2034,2010,,,2010.0,3,6,9
Person,Maryse-Margaux Pinto,,,,,2035,,,,,1,0,1
Person,Guy Arnaud,,,,,2036,,,,,1,0,1
Person,Rico Weimer,,,,,2037,,,,,1,0,1
Person,Todd Lopez,,,,,2038,,,,,1,0,1
RecordLabel,Starlight Frequency,,,,,2039,,,,,0,1,1
RecordLabel,Jaguaribe Sonics,,,,,2040,,,,,0,3,3
RecordLabel,Horizon Sonic,,,,,2041,,,,,0,3,3
Album,Angel with Rough Wings,,1998,Blues Rock,True,2042,,,,1998.0,3,6,9
Person,Herr Serge Tröst,,,,,2043,,,,,3,0,3
Person,Silvia Sölzer-van der Dussen,,,,,2044,,,,,4,0,4
Person,Lilo Cichorius,,,,,2045,,,,,8,0,8
RecordLabel,Sonic Larch,,,,,2046,,,,,0,1,1
RecordLabel,Horizon Pulse Records,,,,,2047,,,,,0,5,5
Song,Rare Kind of Grace,True,1995,Jazz Surf Rock,True,2048,,,,1995.0,1,5,6
Person,Mitchell Flowers,,,,,2049,,,,,1,0,1
Person,Na Lai,,,,,2050,,,,,9,0,9
Person,Na Li,,,,,2051,,,,,1,0,1
Person,Lei Huang,,,,,2052,,,,,1,0,1
Song,Treasured Beyond Measure,True,2019,Emo/Pop Punk,True,2053,,,,2019.0,2,4,6
Person,Xiulan Shao,,,,,2054,,,,,1,0,1
Person,Lei Gong,,,,,2055,,,,,3,0,3
Person,Yan Zou,,,,,2056,,,,,1,0,1
Song,Algorithmic Whispers,True,2023,Indie Folk,True,2057,,,,2023.0,2,5,7
Person,Yang Dai,,,,,2058,,,,,2,0,2
Person,Yang Gu,,,,,2059,,,,,1,0,1
Person,Qiang Qin,,,,,2060,,,,,1,0,1
Album,Self-Generating Narratives,,2028,Dream Pop,True,2061,,,,2028.0,5,5,10
Person,Cynthia Moore,,,,,2062,,,,,1,0,1
Person,Sarah Hunter,,,,,2063,,,,,1,0,1
Person,Jill Gardner,,,,,2064,,,,,1,0,1
Person,Ashley Guzman,,,,,2065,,,,,2,0,2
Person,Joshua Watson,,,,,2066,,,,,1,0,1
RecordLabel,Harmonic Pulse Records,,,,,2067,,,,,0,1,1
Song,Mechanical Memoirs,True,1996,Southern Gothic Rock,True,2068,1996,,,1996.0,3,11,14
Person,Andrew Williams,,,,,2069,,,,,26,0,26
Person,Jay Walters,,,,,2070,,,,,47,0,47
RecordLabel,Viterbo Sounds,,,,,2071,,,,,0,14,14
RecordLabel,Thyrnau Sound,,,,,2072,,,,,0,45,45
Song,Automated Introspections,True,1994,Doom Metal,True,2073,,,,1994.0,1,6,7
Person,Jean Buisson,,,,,2074,,,,,2,0,2
Person,Yang Tang,,,,,2075,,,,,3,0,3
Person,Stacey Campbell,,,,,2076,,,,,2,0,2
RecordLabel,Boğaz Ses,,,,,2077,,,,,0,18,18
Song,Dawning Breaths,False,2026,Indie Pop,True,2078,,,2029,2026.0,5,3,8
Person,Jason Mendoza,,,,,2079,,,,,1,0,1
Person,Ellen Ford,,,,,2080,,,,,7,0,7
RecordLabel,Gabriel Groove,,,,,2081,,,,,0,18,18
Song,Illuminated Moments,True,1997,Synthwave,True,2082,,,,1997.0,2,5,7
Person,Jun Lin,,,,,2083,,,,,1,0,1
Person,Ping Yu,,,,,2084,,,,,2,0,2
Person,Jun He,,,,,2085,,,,,2,0,2
RecordLabel,Akademia Sound,,,,,2086,,,,,0,48,48
Album,Sunlight's Whisper,,2017,Dream Pop,True,2087,2013,,,2017.0,2,6,8
Person,Na Mo,,,,,2088,,,,,2,0,2
Person,Wei Liao,,,,,2089,,,,,3,0,3
Person,Min Lin,,,,,2090,,,,,1,0,1
Person,Juan Ma,,,,,2091,,,,,2,0,2
RecordLabel,Crimson Wave Music,,,,,2092,,,,,0,1,1
Song,Awakening Horizons,False,2020,Darkwave,True,2093,2020,,,2020.0,5,7,12
Person,Erik Harris,,,,,2094,,,,,2,0,2
Person,Wei Pan,,,,,2095,,,,,1,0,1
Person,Nicholas Riddle,,,,,2096,,,,,2,0,2
Person,Xiulan Zheng,,,,,2097,,,,,2,0,2
Person,Ming Zou,,,,,2098,,,,,2,0,2
Song,Stone Cold Truth,True,2023,Doom Metal,True,2099,2017,,,2023.0,6,4,10
Person,Traude Salz,,,,,2100,,,,,2,0,2
Person,Rebekka Lehmann,,,,,2101,,,,,6,0,6
Album,Granite Heartbeat,,2025,Americana,True,2102,,,,2025.0,4,5,9
Person,Fang Yu,,,,,2103,,,,,1,0,1
Person,Yan Jiang,,,,,2104,,,,,1,0,1
Person,Min Gu,,,,,2105,,,,,2,0,2
RecordLabel,Willow Street Records,,,,,2106,,,,,0,3,3
Song,Bedrock Rebellion,True,2007,Dream Pop,True,2107,,,,2007.0,3,5,8
Person,Ryan Doyle,,,,,2108,,,,,9,0,9
Person,Marcia Davis,,,,,2109,,,,,7,0,7
Person,Catherine Clay,,,,,2110,,,,,32,0,32
RecordLabel,Chancel Resonance,,,,,2111,,,,,0,18,18
Song,Solid Ground Anthem,False,2013,Blues Rock,True,2112,2013,,,2013.0,3,5,8
Person,Nicholas Morgan,,,,,2113,,,,,2,0,2
Person,Kevin Richardson,,,,,2114,,,,,1,0,1
Person,Henrik Seifert,,,,,2115,,,,,1,0,1
Person,James Williams,,,,,2116,,,,,1,0,1
RecordLabel,Miyagino Sound,,,,,2117,,,,,0,26,26
RecordLabel,Naucalpan Rhythms,,,,,2118,,,,,0,2,2
RecordLabel,Osaka Resonance,,,,,2119,,,,,0,4,4
Song,Energy Surge,True,2017,Indie Folk,True,2120,2017,,,2017.0,2,4,6
Person,Charles Jordan,,,,,2121,,,,,2,0,2
Person,Cody Mathis,,,,,2122,,,,,1,0,1
Person,Billy Tyler,,,,,2123,,,,,2,0,2
Song,Vitality Override,True,2024,Synthwave,True,2124,,,,2024.0,5,3,8
Person,Kevin Thomas,,,,,2125,,,,,1,0,1
Person,Richard Ward,,,,,2126,,,,,1,0,1
Person,Emily Werner,,,,,2127,,,,,1,0,1
RecordLabel,Triumph Sounds,,,,,2128,,,,,0,4,4
RecordLabel,Tritone Recordings,,,,,2129,,,,,0,5,5
Song,Positive Pulse,True,2029,Dream Pop,True,2130,,,,2029.0,3,11,14
Person,Xiuying Gu,,,,,2131,, Monroe,,,1,0,1
Person,Xiuying Yu,,,,,2132,, D.C. Rain,,,1,0,1
Person,Fang Du,,,,,2133,,,,,1,0,1
Person,Megan Raymond,,,,,2134,,,,,1,0,1
Person,Xiulan Qin,,,,,2135,,,,,1,0,1
Person,Xia Lei,,,,,2136,,,,,1,0,1
Person,Qiang Shi,,,,,2137,,,,,1,0,1
Person,Juan Yao,,,,,2138,,,,,1,0,1
Person,Xia Tan,,,,,2139,,,,,1,0,1
Person,Yong Zhang,,,,,2140,,,,,1,0,1
Person,Tao Qiu,,,,,2141,,,,,1,0,1
RecordLabel,Pere Pulse Records,,,,,2142,,,,,0,2,2
Album,Momentum Amplified,,2029,Indie Folk,True,2143,,,,2029.0,3,4,7
Person,Yong Yi,,,,,2144,,YNG LUX,,,2,0,2
Person,Trevor Gonzales,,,,,2145,,,,,1,0,1
Person,Li Liu,,,,,2146,,,,,2,0,2
RecordLabel,Northshore Sound,,,,,2147,,,,,0,11,11
Album,Rolling Out,,2019,Southern Gothic Rock,True,2148,,,,2019.0,2,6,8
Person,Rudolf Malý,,,,,2149,,,,,3,0,3
Person,Marlene Rose,,,,,2150,,,,,2,0,2
Person,Vito Stroh,,,,,2151,,,,,8,0,8
RecordLabel,New Starý Records,,,,,2152,,,,,0,11,11
Album,Wheels in Motion,,2017,Oceanus Folk,True,2153,,,,2017.0,1,10,11
Person,Juan Wen,,,,,2154,, Shadow Fox,,,2,0,2
Person,Wei Guo,,,,,2155,,,,,2,0,2
Person,Chao Wu,,,,,2156,,,,,1,0,1
Person,Min Xue,,,,,2157,,,,,1,0,1
Person,Min Yu,,,,,2158,,,,,1,0,1
Person,Jing Xu,,,,,2159,,,,,1,0,1
RecordLabel,Silverlight Recordings,,,,,2160,,,,,0,17,17
Song,Departure Protocol,False,2017,Desert Rock,True,2161,,,,2017.0,3,5,8
Person,Jing Qian,,,,,2162,,,,,2,0,2
Person,Xiulan Gong,,,,,2163,,,,,1,0,1
Person,Jie Luo,,,,,2164,,,,,1,0,1
Person,Jing Tian,,,,,2165,,,,,1,0,1
RecordLabel,Sarkar Sound,,,,,2166,,,,,0,1,1
Song,Journey's Calling,False,2007,Lo-Fi Electronica,True,2167,2007,,,2007.0,3,18,21
Person,Yang Liu,,,,,2168,,,,,1,0,1
Song,Brake Lights and Broken Hearts,True,2026,Oceanus Folk,True,2169,2026,,,2026.0,4,7,11
Person,Sonia Weeks,,,,,2170,,,,,1,0,1
Person,Lisa Martin,,,,,2171,,,,,3,0,3
Person,Monica Nelson,,,,,2172,,,,,7,0,7
Person,Richard Frazier,,,,,2173,,,,,1,0,1
Song,"Crimson Signal, Silent Warning",True,1990,Indie Pop,False,2174,,,,1990.0,2,4,6
Song,Intersection of Regret,False,2010,Synthwave,True,2175,,,2010,2010.0,3,8,11
Person,Yang Lai,,,,,2176,,,,,2,0,2
Person,Ping Qin,,,,,2177,,,,,2,0,2
Person,Fang Mo,,,,,2178,,,,,1,0,1
Person,Li Yang,,,,,2179,,,,,1,0,1
Person,Gang Xiang,,,,,2180,,,,,2,0,2
RecordLabel,Montfort Sounds,,,,,2181,,,,,0,2,2
Song,Red Line Rebellion,True,1991,Dream Pop,False,2182,,,,1991.0,2,6,8
Person,James Palmer,,,,,2183,,,,,2,0,2
Person,Robert Hughes,,,,,2184,,,,,1,0,1
RecordLabel,Meiji Records,,,,,2185,,,,,0,1,1
Album,Purchased by Grace,,2010,Doom Metal,True,2186,2004,,,2010.0,4,9,13
Person,Kelly Boyd,,,,,2187,,,,,2,0,2
Person,Mannat Chad,,,,,2188,,,,,1,0,1
Person,Ojas Ramakrishnan,,,,,2189,,,,,2,0,2
Person,Advik Shroff,,,,,2190,,,,,1,0,1
Person,Pihu Sunder,,,,,2191,,,,,2,0,2
Person,Dharmajan Lad,,,,,2192,,,,,1,0,1
RecordLabel,Rogue Pixel,,,,,2193,,,,,0,1,1
RecordLabel,Parazinho Beats,,,,,2194,,,,,0,3,3
RecordLabel,Studio Pulse,,,,,2195,,,,,0,1,1
RecordLabel,Stillwater Sound,,,,,2196,,,,,0,14,14
Album,Hallowed Transaction,,2017,Doom Metal,True,2197,,,,2017.0,2,5,7
Person,Yoko Hashimoto,,,,,2198,,,,,1,0,1
Person,Kaori Ito,,,,,2199,,,,,1,0,1
Person,Naoko Sato,,,,,2200,,,,,2,0,2
RecordLabel,Resonant Diocese,,,,,2201,,,,,0,1,1
Album,The Price of Redemption,,1999,Speed Metal,True,2202,,,,1999.0,2,7,9
Person,Kimberly Dominguez,,,,,2203,,,,,2,0,2
RecordLabel,Sinewsound,,,,,2204,,,,,0,17,17
RecordLabel,Ribes Rhythm,,,,,2205,,,,,0,5,5
Album,Bought and Belonging,,2011,Southern Gothic Rock,True,2206,,,,2011.0,2,3,5
Person,Brian Wright,,,,,2207,,,,,22,0,22
Song,Infamy's Aria,True,2019,Emo/Pop Punk,True,2208,,,,2019.0,5,4,9
Person,Charles Delaunay,,,,,2209,,,,,2,0,2
Person,Lei Tang,,,,,2210,,,,,6,0,6
Person,Xiulan Deng,,,,,2211,,,,,2,0,2
Song,Whispers of Scandal,False,2016,Doom Metal,True,2212,2016,,,2016.0,5,6,11
Person,Maria Tyler,,,,,2213,,,,,5,0,5
Person,Vincent Morrison,,,,,2214,,,,,2,0,2
Song,The Crimson Reputation,False,2023,Americana,True,2215,2023,,,2023.0,1,11,12
Person,Yang Ye,,,,,2216,,,,,2,0,2
Person,Gang Zheng,,,,,2217,,,,,1,0,1
Person,Jing Chang,,,,,2218,,,,,3,0,3
Person,Na Jia,,,,,2219,,,,,3,0,3
RecordLabel,Midnight Compass,,,,,2220,,,,,0,14,14
Song,Legacy of Shadows,False,2009,Southern Gothic Rock,True,2221,,,,2009.0,1,4,5
Person,Nela Melcer,,,,,2222,, The Empress,,,7,0,7
Song,Heartstrings and Promises,True,2026,Alternative Rock,True,2223,2026,,,2026.0,4,5,9
Person,Ewa Kucz,,,,,2224,,,,,3,0,3
Person,Georges Delorme,,,,,2225,,,,,1,0,1
Person,Dariusz Madera,,,,,2226,,,,,2,0,2
Album,Devotion's Flame,,2022,Dream Pop,True,2227,2022,,,2022.0,2,5,7
Person,Gang Hou,,,,,2228,,,,,2,0,2
Person,Roger Walsh,,,,,2229,,,,,1,0,1
Person,Yong Deng,,,,,2230,,,,,3,0,3
Person,Chao Yan,,,,,2231,,,,,3,0,3
RecordLabel,Sonora Delta,,,,,2232,,,,,0,2,2
RecordLabel,Sâles Sonic,,,,,2233,,,,,0,1,1
Song,Whispers of Surrender,True,2025,Lo-Fi Electronica,True,2234,2018,,,2025.0,4,5,9
Person,Gang Han,,,,,2235,,,,,2,0,2
Person,Fang He,,,,,2236,,,,,2,0,2
Person,Guiying Xiao,,,,,2237,,,,,4,0,4
Song,Love's Courageous Path,True,2009,Synthwave,True,2238,,,,2009.0,4,11,15
Person,Jessica Lopez,,,,,2239,,,,,2,0,2
Person,Jing Yi,,,,,2240,,,,,2,0,2
Person,Xiuying Cao,,,,,2241,,,,,3,0,3
Person,Guiying Zhang,,,,,2242,,,,,2,0,2
Song,Broken Branches,True,2013,Synthpop,False,2243,,,,2013.0,2,7,9
Person,Katelyn Flores,,,,,2244,, T.J. Swift,,,2,0,2
Person,Melissa Smith,,,,,2245,,,,,1,0,1
Person,Melissa Douglas,,,,,2246,,,,,2,0,2
Person,Nicole Miller,,,,,2247,,,,,2,0,2
Person,Sean Cameron,,,,,2248,,,,,2,0,2
RecordLabel,Quadraro Groove,,,,,2249,,,,,0,1,1
Album,Dinner Table Warfare,,2023,Americana,True,2250,,,,2023.0,1,7,8
Person,Jing Lin,,,,,2251,,,,,1,0,1
Person,Wei Kang,,,,,2252,,,,,1,0,1
Person,Juan Wei,,,,,2253,,,,,1,0,1
Person,Guiying Peng,,,,,2254,,,,,2,0,2
Person,Min Liao,,,,,2255,,,,,1,0,1
Song,"Silent House, Loud Hearts",True,2010,Jazz Surf Rock,True,2256,,,,2010.0,2,2,4
Person,Elizabeth Montgomery,,,,,2257,,,,,1,0,1
Person,William Brown,,,,,2258,,,,,1,0,1
RecordLabel,Perarolo Vinyl,,,,,2259,,,,,0,1,1
Song,Inherited Arguments,True,2029,Symphonic Metal,True,2260,,,,2029.0,7,8,15
Person,Chao Gao,,,,,2261,,Solar Arcadia,,,1,0,1
Person,Jie Xia,,,,,2262,,,,,2,0,2
Person,Fang Lai,,,,,2263,,,,,2,0,2
Person,Fang Yi,,,,,2264,,,,,1,0,1
Person,William Ball,,,,,2265,,,,,2,0,2
RecordLabel,Golden Groove,,,,,2266,,,,,0,6,6
Song,Temporary Address,True,2030,Dream Pop,False,2267,,,,2030.0,3,7,10
Person,Xia Hu,,,,,2268,,,,,4,0,4
Person,Yang Xiong,,,,,2269,,,,,4,0,4
Person,Jing Huang,,,,,2270,,,,,2,0,2
RecordLabel,Epoch Sound Studios,,,,,2271,,,,,0,3,3
Song,Borrowed Time,True,2022,Space Rock,True,2272,,,,2022.0,4,8,12
Person,James Maldonado,,,,,2273,,,,,2,0,2
Person,Ming Yang,,,,,2274,,,,,1,0,1
Person,Jing Lei,,,,,2275,,,,,4,0,4
Person,Xia Jin,,,,,2276,,,,,1,0,1
Song,Satellite Heart,False,2004,Lo-Fi Electronica,True,2277,,,,2004.0,6,10,16
Person,Yong Meng,,,,,2278,,,,,5,0,5
Song,Papercut Promise,True,2005,Dream Pop,True,2279,2005,,,2005.0,2,15,17
Person,Roberto Pausini,,,,,2280,,,,,6,0,6
Person,Michelotto Comisso,,,,,2281,,,,,16,0,16
Person,Angelina Dallapé-Brunelleschi,,,,,2282,,,,,11,0,11
RecordLabel,Pivot Platters,,,,,2283,,,,,0,8,8
Song,Whispers of the Breeze,False,2023,Synthwave,True,2284,,,,2023.0,4,7,11
Person,Brett Mcdonald,,,,,2285,,,,,1,0,1
Person,Dylan Rice,,,,,2286,,,,,1,0,1
Person,Cindy Zamora,,,,,2287,,,,,1,0,1
Person,Alexander Curry Jr.,,,,,2288,,,,,2,0,2
Person,Brian Pratt,,,,,2289,,,,,2,0,2
RecordLabel,Woodland Echo Records,,,,,2290,,,,,0,1,1
RecordLabel,DEP Dynamics,,,,,2291,,,,,0,3,3
Song,Vagrant's Horizon,True,2020,Indie Folk,True,2292,,,,2020.0,4,8,12
Person,Xia Ren,,,,,2293,,,,,2,0,2
Person,Xiuying Bai,,,,,2294,,,,,3,0,3
Person,Min Duan,,,,,2295,,,,,1,0,1
Person,Jordan Baxter,,,,,2296,,,,,4,0,4
Person,Ping Song,,,,,2297,,,,,3,0,3
RecordLabel,Viterbo Vinyl,,,,,2298,,,,,0,3,3
Song,Windswept Wanderer,False,1985,Blues Rock,True,2299,,,,1985.0,2,6,8
Person,Herr Detlef Geißler,,,,,2300,,,,,2,0,2
Person,Elizabeth Webb,,,,,2301,,,,,2,0,2
RecordLabel,Hafling Records,,,,,2302,,,,,0,2,2
Song,Invisible Currents,False,2025,Alternative Rock,True,2303,,,2025,2025.0,3,5,8
Person,Juan Yuan,,,,,2304,,,,,1,0,1
Person,Li Zheng,,,,,2305,,,,,12,0,12
RecordLabel,Leuchten,,,,,2306,,,,,0,7,7
Song,Baroque Whispers,True,2026,Synthwave,True,2307,2026,,,2026.0,4,8,12
Person,Job Mahieu,,,,,2308,,,,,1,0,1
Person,Joseph Maxwell,,,,,2309,,,,,1,0,1
Person,Yong Mao,,,,,2310,,,,,1,0,1
Person,Qiang Luo,,,,,2311,,,,,1,0,1
Person,Chao Wu,,,,,2312,,,,,5,0,5
Person,Wei Lu,,,,,2313,,,,,1,0,1
Person,Xia Lin,,,,,2314,,,,,1,0,1
Person,Tao Su,,,,,2315,,,,,1,0,1
Song,Keyboard Echoes,True,2010,Indie Folk,True,2316,2010,,,2010.0,2,7,9
Person,Jun Wan,,,,,2317,,,,,1,0,1
Person,Mai Yamada,,,,,2318,,,,,2,0,2
Person,Anaïs Peron,,,,,2319,,,,,1,0,1
RecordLabel,Cascata Sounds,,,,,2320,,,,,0,2,2
RecordLabel,Marrow Sounds,,,,,2321,,,,,0,2,2
RecordLabel,Lombardone Sound,,,,,2322,,,,,0,30,30
Album,Harmonic Geometry,,2027,Blues Rock,True,2323,2027,,,2027.0,2,6,8
Person,Xia Zeng,,,,,2324,,,,,3,0,3
Person,Chao Zeng,,,,,2325,,,,,9,0,9
Person,Dominic Phillips,,,,,2326,,,,,5,0,5
Song,The Chambered Melody,True,2025,Speed Metal,True,2327,,,2025,2025.0,3,4,7
Person,Martino Toninelli,,,,,2328,,,,,5,0,5
Person,Ludovico Mondadori,,,,,2329,,,,,4,0,4
RecordLabel,Stacks Audio,,,,,2330,,,,,0,5,5
Song,Primavera's Whisper,True,2011,Blues Rock,True,2331,,,2011,2011.0,4,8,12
RecordLabel,Picardy Lane,,,,,2332,,,,,0,6,6
Song,Canvas of Renaissance Dreams,True,2000,Indie Pop,True,2333,,,,2000.0,5,8,13
Person,Karol Klęczar,,,,,2334,,,,,3,0,3
Album,Birth of a Muse,,2020,Darkwave,True,2335,,,,2020.0,3,9,12
Person,Qiang Han,,,,,2336,,Infinite Reverberation,,,2,0,2
Person,Yang Yang,,,,,2337,,,,,1,0,1
Person,Jun Gao,,,,,2338,,,,,1,0,1
Person,Xiulan Chang,,,,,2339,,,,,1,0,1
Person,Yan Xiao,,,,,2340,,,,,2,0,2
Person,Bianca Ward,,,,,2341,,,,,2,0,2
Album,Tempera and Silk Shadows,,2007,Doom Metal,True,2342,2007,,,2007.0,1,8,9
Person,Philippe Franke,,,,,2343,, Luna Pearl,,,2,0,2
Person,Sandro Gröttner,,,,,2344,, BLVDE,,,12,0,12
Person,Alla Lorch,,,,,2345,,,,,14,0,14
Person,Silvio Krause,,,,,2346,,,,,11,0,11
Song,Words Fail Me Now,False,2015,Post-Apocalyptic Folk,True,2347,,,2015,2015.0,1,7,8
Person,Xiuying Yang,,,,,2348,, Winter,,,1,0,1
Person,Ming Chang,,,,,2349,,,,,2,0,2
Song,The Silence Between Sentences,False,2007,Blues Rock,True,2350,,,,2007.0,4,5,9
Person,Li Cheng,,,,,2351,,,,,1,0,1
Person,Min Deng,,,,,2352,,,,,1,0,1
Person,Yong Tang,,,,,2353,,,,,1,0,1
Person,Tao Ding,,,,,2354,,,,,1,0,1
Person,Qiang Cui,,,,,2355,,,,,5,0,5
RecordLabel,Zephyr Horizon,,,,,2356,,,,,0,4,4
Song,Unspoken Volumes,True,2026,Alternative Rock,True,2357,,,,2026.0,2,2,4
Person,Denise Bell,,,,,2358,,,,,4,0,4
RecordLabel,Nocturne Sounds,,,,,2359,,,,,0,1,1
Song,Fragments of What I Mean,False,2017,Indie Rock,True,2360,2010,,,2017.0,3,9,12
Person,Xiulan Shi,,,,,2361,,,,,5,0,5
Person,Kristi Crane,,,,,2362,,,,,9,0,9
Person,Daniël Reijers,,,,,2363,,,,,17,0,17
Song,Who Closed The Door Between Us?,True,2020,Doom Metal,True,2364,,,,2020.0,3,6,9
Person,Qiang Zhang,,,,,2365,,,,,1,0,1
Person,Elizabeth Evans,,,,,2366,,,,,1,0,1
Person,Jun Xiang,,,,,2367,,,,,1,0,1
Person,Laura Sloan,,,,,2368,,,,,2,0,2
Song,Silence Where My Heart Used To Be,True,2023,Synthwave,True,2369,,,,2023.0,1,8,9
Person,Lei Ma,,,,,2370,,,,,2,0,2
Person,Tao Zhou,,,,,2371,,,,,2,0,2
Person,Qiang Song,,,,,2372,,,,,1,0,1
Album,Loving Into The Void,,2030,Dream Pop,True,2373,,,,2030.0,4,5,9
Person,Benjamin Valencia,,,,,2374,,,,,1,0,1
Person,Lei Xiong,,,,,2375,,,,,1,0,1
Person,Chao Duan,,,,,2376,,,,,1,0,1
Person,Fang Xiong,,,,,2377,,,,,1,0,1
Person,Guiying Su,,,,,2378,,,,,2,0,2
Song,Unwanted (And Still Waiting),True,2027,Synthpop,True,2379,,,,2027.0,2,5,7
Person,Li Ma,,,,,2380,,,,,1,0,1
Person,Steven Berg,,,,,2381,,,,,1,0,1
Person,Fang Fu,,,,,2382,,,,,1,0,1
Person,Xavier Leclerc,,,,,2383,,,,,7,0,7
RecordLabel,Whispers & The Echoes,,,,,2384,,,,,0,1,1
Song,Forgotten Stars,True,2023,Dream Pop,True,2385,,,,2023.0,3,11,14
Person,Darlene Galloway,,,,,2386,,,,,2,0,2
Person,Elizabeth Wagner,,,,,2387,,,,,2,0,2
Person,Joe Taylor,,,,,2388,,,,,7,0,7
Person,Monica Brown,,,,,2389,,,,,5,0,5
RecordLabel,Chromatic Echo,,,,,2390,,,,,0,1,1
Album,Concrete Legacy,,2023,Synthwave,True,2391,,,2023,2023.0,2,7,9
Person,Yang Yan,,,,,2392,,,,,1,0,1
Person,Xia Li,,,,,2393,,,,,2,0,2
Person,Kristi Bowers,,,,,2394,,,,,3,0,3
Person,Yan Wang,,,,,2395,,,,,1,0,1
Person,Jing Sun,,,,,2396,,,,,2,0,2
Person,Xiuying Yao,,,,,2397,,,,,1,0,1
Song,Numbers Between The Stars,True,2023,Indie Folk,True,2398,,,,2023.0,1,9,10
Person,Juan Yin,,,,,2399,,,,,1,0,1
Person,Yan Tang,,,,,2400,,,,,5,0,5
Person,Lori Martin,,,,,2401,,,,,2,0,2
Song,Unsung Boulevard,False,2029,Post-Apocalyptic Folk,True,2402,2026,,,2029.0,4,8,12
Song,Royal Whispers,False,2007,Indie Folk,True,2403,2007,,2007,2007.0,1,4,5
Person,Amanda Ochoa,,,,,2404,,,,,3,0,3
Person,Jonathan Wade,,,,,2405,,,,,3,0,3
Song,The Sovereign's Heart,False,2029,Symphonic Metal,True,2406,,,2032,2029.0,3,7,10
Person,Yuki Saito,,,,,2407,, Vale,,,3,0,3
Person,Pamela Mitchell,,,,,2408,,,,,1,0,1
Person,Chad Gibson,,,,,2409,,,,,1,0,1
RecordLabel,Sertão Sounds,,,,,2410,,,,,0,8,8
RecordLabel,Celentano Groove,,,,,2411,,,,,0,9,9
RecordLabel,Wetherspoon Wax,,,,,2412,,,,,0,2,2
Song,Crowns and Secrets,True,2026,Dream Pop,True,2413,,,,2026.0,3,9,12
Person,Min Qin,,,,,2414,,,,,1,0,1
Album,Flavia's Lament,,2020,Dream Pop,True,2415,,,,2020.0,2,2,4
Person,Jie Zou,,,,,2416,,,,,1,0,1
Person,Xiuying Ding,,,,,2417,,,,,5,0,5
Song,Chill Zone,True,2028,Dream Pop,True,2418,,,2028,2028.0,2,5,7
Person,Kristen Stanley,,,,,2419,,,,,1,0,1
Person,Richard Moore,,,,,2420,,,,,2,0,2
Person,William Delacruz,,,,,2421,,,,,1,0,1
Person,Shannon Jacobson,,,,,2422,,,,,1,0,1
RecordLabel,Violet Vinyl,,,,,2423,,,,,0,1,1
Song,Unwind Tonight,True,2023,Darkwave,True,2424,2023,,,2023.0,1,10,11
Person,Yang Guo,,,,,2425,,,,,2,0,2
Person,Guiying Ren,,,,,2426,,,,,4,0,4
Person,Juan Kong,,,,,2427,,,,,3,0,3
Song,Pressure Release,True,1993,Dream Pop,True,2428,1993,,,1993.0,1,5,6
Person,Nynke Corstiaens,,,,,2429,,,,,2,0,2
Person,Hidde Huisman,,,,,2430,,,,,1,0,1
Person,Johannes de Vries,,,,,2431,,,,,1,0,1
RecordLabel,Néochrome Collective,,,,,2432,,,,,0,1,1
Song,Weekend Escape,True,2020,Dream Pop,True,2433,,,2020,2020.0,4,6,10
Person,Lei Zhou,,,,,2434,,,,,7,0,7
Person,Shelly Lewis,,,,,2435,,,,,1,0,1
Song,Gravity of the Heart,True,2020,Indie Folk,True,2436,2017,,,2020.0,2,3,5
Person,Yasmin Vig,,,,,2437,,,,,2,0,2
Person,Jivin Wali,,,,,2438,,,,,1,0,1
RecordLabel,Pewterer Phonograph,,,,,2439,,,,,0,1,1
Album,Falling Without Landing,,2019,Dream Pop,True,2440,,,,2019.0,5,6,11
Person,Juan Pan,,,,,2441,,,,,1,0,1
Person,Fang Liao,,,,,2442,,,,,1,0,1
Person,Lei Pan,,,,,2443,,,,,5,0,5
Person,Yan Feng,,,,,2444,,,,,1,0,1
Song,Vulnerable Architecture,True,2007,Doom Metal,True,2445,,,,2007.0,2,5,7
Song,Soft Collision,True,2024,Indie Folk,True,2446,2024,,,2024.0,2,8,10
Person,Juan Li,,,,,2447,,,,,1,0,1
Person,Taylor Miller,,,,,2448,,,,,2,0,2
Person,Qiang Mao,,,,,2449,,,,,1,0,1
Person,Xiulan Lei,,,,,2450,,,,,1,0,1
Person,Xiulan Ma,,,,,2451,,,,,2,0,2
Person,Evamaria Geisel,,,,,2452,,,,,2,0,2
RecordLabel,Vertical Horizon,,,,,2453,,,,,0,16,16
Song,Frozen Flame's Last Flicker,False,2030,Synthwave,True,2454,2027,,2030,2030.0,6,9,15
Person,Jing Yin,,,,,2455,, Venice,,,3,0,3
Person,Na Kang,,,,,2456,,,,,3,0,3
Person,Ming Ding,,,,,2457,,,,,3,0,3
Person,Xiuying Fang,,,,,2458,,,,,9,0,9
Person,Ping Li,,,,,2459,,,,,1,0,1
Person,Yang Ye,,,,,2460,,,,,5,0,5
Song,Warmth Beyond Cobblestones,True,2017,Doom Metal,True,2461,,,,2017.0,2,7,9
Person,David Hughes,,,,,2462,,,,,1,0,1
Person,Kyle Mason,,,,,2463,,,,,1,0,1
Person,David Chandler,,,,,2464,,,,,2,0,2
Person,Matthew Howell,,,,,2465,,,,,1,0,1
Person,Kathleen Duran,,,,,2466,,,,,2,0,2
Album,Embers of a Forgotten Child,,1997,Lo-Fi Electronica,True,2467,,,,1997.0,2,17,19
Person,Ming Kang,,,,,2468,,,,,1,0,1
RecordLabel,Vestec Sound,,,,,2469,,,,,0,1,1
Song,Midnight's Matchstick Lullaby,True,2012,Dream Pop,True,2470,2012,,,2012.0,2,5,7
Person,Antoine Barthelemy,,,,,2471,,,,,3,0,3
Person,Bryan Richardson,,,,,2472,,,,,3,0,3
RecordLabel,Nicht Ohne Grund!,,,,,2473,,,,,0,4,4
RecordLabel,Villafranca Sound,,,,,2474,,,,,0,1,1
Song,Thousand Whispers,True,2026,Alternative Rock,True,2475,,,,2026.0,3,3,6
Person,Wei Jiang,,,,,2476,,,,,2,0,2
Person,Tao Xiong,,,,,2477,,,,,1,0,1
RecordLabel,Luminous Soundscape Records,,,,,2478,,,,,0,15,15
Song,Echoes of Infinity,True,2009,Indie Rock,True,2479,,,,2009.0,2,6,8
Album,Boundless Resonance,,2026,Synthwave,True,2480,,,,2026.0,3,6,9
Person,Yong Kang,,,,,2481,,,,,1,0,1
Person,Min Tan,,,,,2482,,,,,3,0,3
Person,Lei Luo,,,,,2483,,,,,2,0,2
Person,Gang Chang,,,,,2484,,,,,3,0,3
RecordLabel,Maritime Archives,,,,,2485,,,,,0,17,17
Song,Ethereal Cascade,True,2023,Doom Metal,True,2486,2023,,,2023.0,2,8,10
Person,Christoph Hermann,,,,,2487,,,,,1,0,1
Person,Fatma Henck-Weinhold,,,,,2488,,,,,1,0,1
Song,Unwritten Horizons,False,2007,Indie Pop,True,2489,2007,,,2007.0,2,4,6
Person,Karol Indyk,,,,,2490,,,,,1,0,1
Person,Franciszek Filusz,,,,,2491,,,,,3,0,3
RecordLabel,Resonant Core,,,,,2492,,,,,0,7,7
Song,Chapters Untold,True,2012,Southern Gothic Rock,True,2493,2012,,,2012.0,9,4,13
Person,Cezary Siedlarz,,,,,2494,,,,,2,0,2
Song,White Space Between,True,2021,Dream Pop,True,2495,,,,2021.0,3,3,6
Person,Abram Kala,,,,,2496,, Atlas King,,,1,0,1
Person,Sara Sharaf,,,,,2497,, V.I.C,,,1,0,1
Person,Farhan Seshadri,,,,,2498,,,,,1,0,1
RecordLabel,Kamiogawa Sound,,,,,2499,,,,,0,1,1
Song,The Margins of Possibility,True,2008,Dream Pop,True,2500,,,,2008.0,3,6,9
Person,Na Yang,,,,,2501,,,,,2,0,2
Person,Dana Griffin,,,,,2502,,,,,2,0,2
Person,Xiuying Fan,,,,,2503,,,,,3,0,3
Person,Gang Wen,,,,,2504,,,,,3,0,3
Album,Timestamp of Memory,,2021,Doom Metal,True,2505,,,2021,2021.0,3,8,11
Person,Xiuying Zhu,,,,,2506,,,,,6,0,6
Person,Na Mao,,,,,2507,,,,,2,0,2
Person,Ping Ding,,,,,2508,,,,,6,0,6
Person,Qiang Dong,,,,,2509,,,,,6,0,6
Song,Frozen Moment,True,1981,Dream Pop,True,2510,,,,1981.0,1,25,26
Person,Kavya Agrawal,,,,,2511,,,,,5,0,5
Person,Emir Yohannan,,,,,2512,,,,,2,0,2
Person,Samar Agarwal,,,,,2513,,,,,1,0,1
RecordLabel,Mates & Melodies,,,,,2514,,,,,0,1,1
Song,Echoes of a Date,True,2023,Dream Pop,True,2515,,,,2023.0,3,10,13
Person,Ottmar Grein Groth-Butte,,,,,2516,,Vespera,,,9,0,9
Person,Frau Adelgunde Hermighausen,,,,,2517,,,,,6,0,6
Person,Domenico Nette,,,,,2518,,,,,2,0,2
Person,Pierluigi Tornatore,,,,,2519,,,,,1,0,1
Person,Cemal Dowerg,,,,,2520,,,,,1,0,1
Person,Karl-Friedrich Kreusel,,,,,2521,,,,,2,0,2
Person,Franco Weitzel,,,,,2522,,,,,1,0,1
RecordLabel,Alabaster Sounds,,,,,2523,,,,,0,2,2
RecordLabel,Constellation Sound,,,,,2524,,,,,0,10,10
Song,Coordinates of Time,True,2028,Alternative Rock,True,2525,2028,,,2028.0,3,6,9
Person,Kimberly Thomas,,,,,2526,,,,,1,0,1
Person,Joel Foster,,,,,2527,,,,,1,0,1
Person,Larry Fields,,,,,2528,,,,,4,0,4
Person,Kathy Green,,,,,2529,,,,,2,0,2
Album,Tropical Longitude,,2020,Synthwave,True,2530,2020,,,2020.0,2,3,5
Person,Fang Yuan,,,,,2531,,Jordan Miles,,,1,0,1
Person,Li Dong,,,,,2532,,,,,1,0,1
Person,Derrick Scott,,,,,2533,,,,,1,0,1
Album,Postcards from the South Pacific,,2020,Indie Pop,False,2534,2020,,,2020.0,7,5,12
Person,John Wilkinson,,,,,2535,,,,,6,0,6
Person,Jun Zou,,,,,2536,,,,,13,0,13
Person,Gang Mo,,,,,2537,,,,,8,0,8
Person,Angelika Osojca,,,,,2538,,,,,36,0,36
RecordLabel,Kinex Media Group,,,,,2539,,,,,0,7,7
RecordLabel,Guardian Soundworks,,,,,2540,,,,,0,4,4
Song,Coconut Memories,False,2027,Dream Pop,True,2541,2027,,,2027.0,3,9,12
Person,Xiuying Zou,,,,,2542,,,,,3,0,3
Person,Qiang Luo,,,,,2543,,,,,3,0,3
Person,Yan Shi,,,,,2544,,,,,2,0,2
Person,Paul Burns,,,,,2545,,,,,1,0,1
Person,Erdogan Baum,,,,,2546,,,,,8,0,8
Person,Min Wan,,,,,2547,,,,,1,0,1
RecordLabel,Sonic Frontier Records,,,,,2548,,,,,0,4,4
Song,Island Time Suspension,True,2017,Alternative Rock,True,2549,,,,2017.0,6,4,10
Person,Kashvi Keer,,,,,2550,,S-KRIPTA,,,3,0,3
Person,Lindsay Nichols,,,,,2551,,Lindsay Sage,,,4,0,4
Person,Vidur Kapadia,,,,,2552,,,,,10,0,10
RecordLabel,Silver Scale Sounds,,,,,2553,,,,,0,2,2
RecordLabel,Parallel Meridian Records,,,,,2554,,,,,0,9,9
Song,The Lute's Whispers of Rebellion,False,2029,Dream Pop,True,2555,2029,,2029,2029.0,3,6,9
Person,John Cortez,,,,,2556,,,,,1,0,1
Person,Fang Peng,,,,,2557,,,,,1,0,1
Person,Xiuying Li,,,,,2558,,,,,1,0,1
Person,Kimberly Stewart,,,,,2559,,,,,2,0,2
RecordLabel,Anthropology Sound,,,,,2560,,,,,0,2,2
Album,Strings of Swedish Liberation,,2017,Synthwave,True,2561,,,,2017.0,2,8,10
Person,Jun Xiong,,,,,2562,,,,,2,0,2
Person,Jun Mao,,,,,2563,,,,,1,0,1
Person,Chao Gao,,,,,2564,,,,,1,0,1
Person,Xia Yin,,,,,2565,,,,,1,0,1
Person,Xiuying Yin,,,,,2566,,,,,13,0,13
Song,Ballad of the Noble Wanderer,False,2022,Post-Apocalyptic Folk,True,2567,,,,2022.0,7,14,21
Person,Ping Cai,,,,,2568,, Tessa Blake,,,1,0,1
Person,Juan Mo,,,,,2569,,,,,1,0,1
Person,Yong Tan,,,,,2570,,,,,1,0,1
Person,Chao Tian,,,,,2571,,,,,2,0,2
Song,Echoes from Vasa's Forgotten Chronicles,True,2004,Synthwave,True,2572,2000,,,2004.0,2,5,7
Person,Audrey Picard,,,,,2573,,,,,2,0,2
Person,Antoine Blanc,,,,,2574,,,,,1,0,1
RecordLabel,Navio Sounds,,,,,2575,,,,,0,1,1
Song,Ivory Whispers of the Eighth Symphony,True,2020,Indie Folk,True,2576,,,2020,2020.0,2,3,5
Song,Chromatic Cascades in Minor,True,2013,Synthwave,True,2577,,,,2013.0,2,6,8
Person,Hansh Hayer,,,,,2578,, Johnny West,,,1,0,1
Person,Nitara Biswas,,,,,2579,,,,,1,0,1
Person,Sahil Tripathi,,,,,2580,,,,,1,0,1
Person,Ehsaan Lall,,,,,2581,,,,,2,0,2
Song,Resonance: A Virtuoso's Lament,False,2024,Dream Pop,True,2582,,,,2024.0,2,5,7
Person,Jie Liang,,,,,2583,,,,,2,0,2
Person,Xiulan Lin,,,,,2584,,,,,3,0,3
Person,Gregory Hartman,,,,,2585,,,,,3,0,3
Song,Keys of Forgotten Melodies,True,2024,Americana,True,2586,2024,,,2024.0,3,8,11
Person,Min Qiu,,,,,2587,,,,,3,0,3
Person,Jun Mao,,,,,2588,,,,,2,0,2
Person,Lei Yuan,,,,,2589,,,,,20,0,20
Person,Tao Sun,,,,,2590,,,,,8,0,8
Person,Theresa Rivera,,,,,2591,,,,,11,0,11
Person,Ping Zhong,,,,,2592,,,,,12,0,12
RecordLabel,Cascina Suoni,,,,,2593,,,,,0,1,1
RecordLabel,Quartier Brut,,,,,2594,,,,,0,2,2
Song,Ripples of Feathered Whispers,True,1984,Indie Pop,True,2595,,,,1984.0,2,13,15
Song,Marsh Echoes at Twilight,True,2026,Dream Pop,True,2596,,,,2026.0,4,9,13
Person,Min Sun,,,,,2597,,,,,2,0,2
Person,Tao Lai,,,,,2598,,,,,1,0,1
Person,Jie Ma,,,,,2599,,,,,1,0,1
Person,Jing Han,,,,,2600,,,,,1,0,1
Person,Xia Lin,,,,,2601,,,,,1,0,1
Person,Qiang Yan,,,,,2602,,,,,1,0,1
Person,Gang Zhang,,,,,2603,,,,,4,0,4
Song,The Wingspan of Unspoken Stories,True,2026,Dream Pop,True,2604,,,,2026.0,3,5,8
Person,Frederick Jackson Jr.,,,,,2605,,,,,1,0,1
Person,Xiulan Yu,,,,,2606,,,,,2,0,2
Person,Lisa Hart,,,,,2607,,,,,5,0,5
Song,Migrations and Murmurs,True,2013,Doom Metal,True,2608,,,,2013.0,3,9,12
Person,Min Guo,,,,,2609,,,,,1,0,1
Person,Sem de Swart-van Voorst,,,,,2610,,,,,2,0,2
Person,Yong Xue,,,,,2611,,,,,2,0,2
Person,Jie Dai,,,,,2612,,,,,1,0,1
Person,Yong Wen,,,,,2613,,,,,4,0,4
Song,Whispers of the Islands,True,1990,Dream Pop,True,2614,,,,1990.0,2,6,8
Album,Distant Echoes,,1984,Southern Gothic Rock,True,2615,1984,,,1984.0,2,10,12
Song,Tropical Heartbeat,False,2020,Americana,True,2616,,,,2020.0,3,8,11
Person,Priyansh Bahl,,,,,2617,,Amaranth,,,1,0,1
Person,Aarav Balan,,,,,2618,,,,,1,0,1
Person,Tara Basu,,,,,2619,,,,,1,0,1
Person,Kaira Saxena,,,,,2620,,,,,1,0,1
Person,Gokul Dhaliwal,,,,,2621,,,,,2,0,2
Person,Zeeshan Manda,,,,,2622,,,,,2,0,2
RecordLabel,Elsass Sound,,,,,2623,,,,,0,1,1
RecordLabel,Celestial Vinyl,,,,,2624,,,,,0,1,1
Song,Forgotten Shores,True,2004,Alternative Rock,True,2625,,,,2004.0,3,3,6
Person,Julie Flores,,,,,2626,,,,,2,0,2
Person,Kimberly Jones,,,,,2627,,,,,1,0,1
Album,Brick and Mortar Memories,,1991,Indie Pop,True,2628,,,,1991.0,2,6,8
Person,Megan Franklin,,,,,2629,,Synthetic Prophet,,,1,0,1
Person,Felicia Gilbert,,,,,2630,,,,,2,0,2
Person,Erik Sharp,,,,,2631,,,,,1,0,1
RecordLabel,Eicher Sound,,,,,2632,,,,,0,1,1
Album,Stoop Stories,,2026,Space Rock,True,2633,,,,2026.0,7,7,14
Person,Chao Li,,,,,2634,,,,,4,0,4
Person,Wei Mo,,,,,2635,,,,,4,0,4
Person,Chao Qin,,,,,2636,,,,,4,0,4
Person,Juan Lei,,,,,2637,,,,,4,0,4
RecordLabel,Monika Soundscape,,,,,2638,,,,,0,4,4
Song,Windowsill Whispers,True,2003,Speed Metal,True,2639,2003,,2003,2003.0,3,2,5
RecordLabel,Oulu|Kainuu,,,,,2640,,,,,0,4,4
Song,Generations of Stone,True,2024,Indie Rock,True,2641,2024,,,2024.0,2,7,9
Person,Gang Deng,,,,,2642,,,,,1,0,1
Person,Wei Wan,,,,,2643,,,,,1,0,1
Person,Charles White,,,,,2644,,,,,2,0,2
Person,Ming Yao,,,,,2645,,,,,1,0,1
Person,Yong Jia,,,,,2646,,,,,1,0,1
Song,Whispers of the Andes,True,2023,Doom Metal,True,2647,2023,,,2023.0,3,8,11
Person,Friedo Dobes,,,,,2648,,,,,4,0,4
Song,Chiquinquirá's Heartbeat,True,2013,Doom Metal,True,2649,2007,,,2013.0,2,7,9
Person,Lisa Castillo,,,,,2650,,,,,4,0,4
Person,Renee Williams,,,,,2651,,,,,7,0,7
Person,William Rojas,,,,,2652,,,,,1,0,1
Person,Amy Ochoa,,,,,2653,,,,,1,0,1
RecordLabel,Directive Collective,,,,,2654,,,,,0,9,9
Song,Cobblestone Serenade,True,2006,Speed Metal,False,2655,,,,2006.0,2,3,5
Person,Brandon Santos,,,,,2656,,,,,4,0,4
RecordLabel,Lumière Sonore,,,,,2657,,,,,0,9,9
Song,Echoes of the Sacred Town,True,2007,Dream Pop,True,2658,,,2007,2007.0,3,7,10
Person,Matthew Hancock,,,,,2659,,Lunar Tapestry,,,30,0,30
Person,Christopher Smith,,,,,2660,,,,,7,0,7
RecordLabel,Pulse Export Records,,,,,2661,,,,,0,31,31
Album,Rhythm Revolution,,2022,Oceanus Folk,True,2662,2022,,,2022.0,2,8,10
Person,Gang Jiang,,,,,2663,,,,,1,0,1
Person,Xia Xiang,,,,,2664,,,,,2,0,2
Person,Jing Zhong,,,,,2665,,,,,2,0,2
Album,Lift Me Higher,,2012,Southern Gothic Rock,True,2666,,,,2012.0,11,5,16
Person,Fang Xue,,,,,2667,,,,,4,0,4
Person,Ping Tian,,,,,2668,,,,,37,0,37
Person,Tao Sun,,,,,2669,,,,,2,0,2
Album,Electric Motion,,2013,Darkwave,True,2670,,,,2013.0,1,6,7
Person,Ignacy Henke,,,,,2671,,,,,2,0,2
Person,Cyprian Ziniewicz,,,,,2672,,,,,6,0,6
Person,Marcin Maksimowicz,,,,,2673,,,,,2,0,2
Person,Lidia Szpyt,,,,,2674,,,,,3,0,3
RecordLabel,Nimbus,,,,,2675,,,,,0,6,6
Song,Groove Ascension,True,2020,Indie Folk,True,2676,2013,,2020,2020.0,2,3,5
Person,Christine Lam,,,,,2677,,,,,5,0,5
Person,Lisa Shaffer,,,,,2678,,,,,3,0,3
Song,Wingless Dreams,False,2007,Blues Rock,True,2679,,,,2007.0,3,5,8
Person,Satomi Kobayashi,,,,,2680,,,,,3,0,3
Person,Kazuya Aoki,,,,,2681,,,,,4,0,4
RecordLabel,Saint Rémy Soundworks,,,,,2682,,,,,0,2,2
Album,Celestial Whispers,,2023,Indie Rock,True,2683,2023,,,2023.0,5,6,11
Song,Echoes of a Falling Halo,False,2026,Emo/Pop Punk,True,2684,2026,,,2026.0,3,3,6
Person,Na Yi,,,,,2685,,,,,6,0,6
Person,Xiulan Lu,,,,,2686,,,,,1,0,1
Song,Gravity of Grace,True,2016,Space Rock,True,2687,2016,,,2016.0,1,5,6
Person,David Williams,,,,,2688,,,,,1,0,1
Person,Nicole Lee,,,,,2689,,,,,2,0,2
RecordLabel,NDR Soundworks,,,,,2690,,,,,0,1,1
Album,Mythical Mane,,1992,Oceanus Folk,True,2691,,,,1992.0,2,5,7
Person,Juan Zeng,,,,,2692,,,,,2,0,2
Person,Juan Pan,,,,,2693,,,,,1,0,1
Song,Prismatic Horn,True,2004,Blues Rock,True,2694,,,,2004.0,2,4,6
Person,Gerold Sontag,,,,,2695,,,,,2,0,2
Song,Celestial Gallop,True,2010,Doom Metal,True,2696,,,,2010.0,4,6,10
Person,Min Chang,,,,,2697,,,,,1,0,1
Song,Whispers of Enchantment,True,2009,Lo-Fi Electronica,True,2698,2009,,,2009.0,1,5,6
Person,Charles Wright,,,,,2699,,,,,4,0,4
RecordLabel,Sceaux|Harmonie,,,,,2700,,,,,0,1,1
Song,Crescendo of Chaos,True,2029,Americana,True,2701,,,,2029.0,6,7,13
Person,Jie Shen,,,,,2702,,,,,1,0,1
RecordLabel,Kennel Sound Studios,,,,,2703,,,,,0,4,4
Song,Theatrical Tempest,False,2023,Americana,True,2704,,,2023,2023.0,1,5,6
Person,Jeremiah Love,,,,,2705,,,,,4,0,4
Person,Zachary Francis,,,,,2706,,,,,7,0,7
Person,Robert Woods,,,,,2707,,,,,6,0,6
RecordLabel,Nova Horizon Recordings,,,,,2708,,,,,0,7,7
Album,Emotional Overture,,2018,Dream Pop,True,2709,,,,2018.0,5,9,14
Person,Guiying Shao,,,,,2710,,,,,1,0,1
Person,Kristina Sanchez,,,,,2711,,,,,2,0,2
Person,Yong Gao,,,,,2712,,,,,2,0,2
Person,Yan Xue,,,,,2713,,,,,4,0,4
Song,Cinematic Breakdown,True,2024,Americana,True,2714,2018,,,2024.0,3,6,9
Person,Jun Cui,,,,,2715,,,,,1,0,1
Person,Xiulan Liao,,,,,2716,,,,,3,0,3
Person,Ping Xiong,,,,,2717,,,,,3,0,3
Person,Tao Han,,,,,2718,,,,,2,0,2
Person,Jing Zhao,,,,,2719,,,,,3,0,3
Song,Desperate Measures,True,2009,Alternative Rock,True,2720,,,,2009.0,2,4,6
Person,Jing Jin,,,,,2721,,LIL OMEGA,,,3,0,3
Person,Wei Yi,,,,,2722,,,,,3,0,3
RecordLabel,Verdra,,,,,2723,,,,,0,14,14
Song,By Any Means Possible,True,2023,Dream Pop,True,2724,,,,2023.0,3,5,8
Person,Qiang Tan,,,,,2725,,,,,1,0,1
Person,Jing Peng,,,,,2726,,,,,1,0,1
Person,Xia Lei,,,,,2727,,,,,1,0,1
Person,Xiulan Zhao,,,,,2728,,,,,3,0,3
Song,"No Limits, No Rules",True,2000,Darkwave,True,2729,,,,2000.0,1,4,5
Person,Maurycy Bohdanowicz,,,,,2730,,,,,1,0,1
Person,Józef Niewiara,,,,,2731,,,,,1,0,1
Person,Janina Mazik,,,,,2732,,,,,1,0,1
RecordLabel,DEP Frequency,,,,,2733,,,,,0,2,2
Song,Whatever It Takes,True,2020,Post-Apocalyptic Folk,True,2734,,,,2020.0,3,5,8
Person,Na Zhang,,,,,2735,,,,,1,0,1
Person,Nanami Yoshida,,,,,2736,,,,,4,0,4
Person,Jie Kang,,,,,2737,,,,,3,0,3
Album,Ride Along,,2023,Dream Pop,True,2738,,,,2023.0,3,5,8
Person,Abigail Scott,,,,,2739,,,,,1,0,1
Person,Carolyn Salas,,,,,2740,,,,,4,0,4
Person,Bhamini Luthra,,,,,2741,,,,,2,0,2
RecordLabel,EMI Horizon,,,,,2742,,,,,0,2,2
Song,Right Here,True,2007,Southern Gothic Rock,True,2743,,,,2007.0,3,4,7
Person,Margot Adam,,,,,2744,, Reign,,,1,0,1
Person,Frau Raphaela Bohnbach,,,,,2745,,,,,2,0,2
Person,Linda Reed,,,,,2746,,,,,3,0,3
RecordLabel,Purple Pulse Music,,,,,2747,,,,,0,1,1
Album,Got Your Back,,2018,Alternative Rock,True,2748,,,,2018.0,2,3,5
Person,Guiying Zhong,,,,,2749,,,,,1,0,1
Person,Na Su,,,,,2750,,,,,4,0,4
Song,No One Else,True,1984,Indie Pop,True,2751,,,,1984.0,1,4,5
Person,Thibault Potier,,,,,2752,,,,,8,0,8
Person,Marcel Camus-Meunier,,,,,2753,,,,,3,0,3
RecordLabel,Vinello Sonoro,,,,,2754,,,,,0,2,2
Album,Shadows of a Silent Chair,,2007,Indie Folk,True,2755,,,2007,2007.0,2,6,8
Person,Tiffany Mckee,,,,,2756,,,,,1,0,1
Person,Wei Zhu,,,,,2757,,,,,2,0,2
Person,Fang Zhou,,,,,2758,,,,,1,0,1
Person,Yong Ding,,,,,2759,,,,,2,0,2
RecordLabel,Paw Print Records,,,,,2760,,,,,0,18,18
Song,Echoes Without Footsteps,True,2007,Dream Pop,True,2761,,,2007,2007.0,3,8,11
Person,Tao Chen,,,,,2762,,Dusk Fugue,,,1,0,1
Person,Jun Li,,,,,2763,,,,,3,0,3
Person,Fang Zheng,,,,,2764,,,,,1,0,1
Person,Guiying Ren,,,,,2765,,,,,2,0,2
Person,Jun Zhang,,,,,2766,,,,,2,0,2
RecordLabel,Johanneberg Sounds,,,,,2767,,,,,0,4,4
Song,The Unfinished Lullaby,True,2015,Alternative Rock,True,2768,,,2015,2015.0,2,8,10
Person,Akemi Nakajima,,,,,2769,,,,,3,0,3
Song,Memories Between Empty Spaces,True,2013,Synthwave,True,2770,,,,2013.0,3,5,8
Person,Bethany Jennings,,,,,2771,,,,,3,0,3
Person,Stephen Bell,,,,,2772,,,,,5,0,5
Person,Christopher Reed,,,,,2773,,,,,5,0,5
RecordLabel,Noble Gas Recordings,,,,,2774,,,,,0,1,1
Song,Percussive Cadence,True,2027,Dream Pop,True,2775,,,,2027.0,2,3,5
Person,Yan Wang,,,,,2776,,,,,2,0,2
Person,Jie Xie,,,,,2777,,,,,1,0,1
RecordLabel,Substrata,,,,,2778,,,,,0,1,1
Song,Rhythmic Regiment,True,2026,Psychedelic Rock,True,2779,,,,2026.0,3,6,9
Person,Melina Tebaldi,,,,,2780,,,,,4,0,4
Person,Michelangelo Berlusconi,,,,,2781,,,,,6,0,6
Person,Stephen Meyer,,,,,2782,,,,,5,0,5
RecordLabel,Hillside Sound,,,,,2783,,,,,0,5,5
Album,Battlefield Drumline,,2028,Desert Rock,True,2784,,,,2028.0,3,9,12
Person,Hannah Newton,,,,,2785,,,,,1,0,1
Person,Frederick Houston,,,,,2786,,,,,2,0,2
Person,Angela Fisher,,,,,2787,,,,,1,0,1
Person,Lauren Turner,,,,,2788,,,,,1,0,1
Person,Jivika Dar,,,,,2789,,,,,1,0,1
Person,Paul Hughes,,,,,2790,,,,,1,0,1
RecordLabel,Echo Varda,,,,,2791,,,,,0,7,7
Album,Staccato Soldiers,,2000,Indie Pop,True,2792,,,,2000.0,1,5,6
Person,Adrian Carroll,,,,,2793,,,,,3,0,3
Song,Lost Compass,True,2004,Southern Gothic Rock,True,2794,,,,2004.0,4,7,11
Person,Margaux Mathieu,,,,,2795,,,,,2,0,2
Person,Céline Guérin,,,,,2796,,,,,2,0,2
Person,François Coste-Daniel,,,,,2797,,,,,3,0,3
Person,Élisabeth Lemoine,,,,,2798,,,,,3,0,3
RecordLabel,Barely Brilliant,,,,,2799,,,,,0,1,1
Song,Backward Momentum,True,2019,Dream Pop,True,2800,,,,2019.0,1,7,8
Person,Terrance Velazquez,,,,,2801,,,,,1,0,1
Person,Jacqueline Lawson,,,,,2802,,,,,1,0,1
Person,Carl Rush,,,,,2803,,,,,1,0,1
Person,Jessica Bradley,,,,,2804,,,,,2,0,2
Person,Stephanie Grant,,,,,2805,,,,,1,0,1
RecordLabel,Punto di Stampa,,,,,2806,,,,,0,1,1
Song,Roadmap to Nowhere,True,1984,Blues Rock,True,2807,,,,1984.0,2,9,11
Person,Lizz van Santen,,,,,2808,,MOJO 2X,,,1,0,1
Person,Lieve van Riet,,,,,2809,,,,,1,0,1
Person,Nina Mallien,,,,,2810,,,,,1,0,1
Person,Maurits van Bunschoten,,,,,2811,,,,,4,0,4
Person,Bart Wensen-Kof,,,,,2812,,,,,1,0,1
RecordLabel,Coastal Grove Recordings,,,,,2813,,,,,0,2,2
RecordLabel,Cascade Sonics,,,,,2814,,,,,0,6,6
Song,Misdirected,True,2010,Southern Gothic Rock,True,2815,,,,2010.0,2,6,8
Person,Anthony Erickson,,,,,2816,,,,,1,0,1
Person,Virginia White,,,,,2817,,,,,1,0,1
Person,Sonia Suda,,,,,2818,,,,,2,0,2
Person,Aaron Martinez,,,,,2819,,,,,2,0,2
RecordLabel,Prism Sonic,,,,,2820,,,,,0,3,3
RecordLabel,Oettern Octave,,,,,2821,,,,,0,11,11
Song,Whispers Between the Keys,True,1999,Alternative Rock,True,2822,,,,1999.0,1,7,8
Person,Thomas Miranda,,,,,2823,,,,,1,0,1
Person,James Dudley,,,,,2824,,,,,2,0,2
Person,Ann Petersen,,,,,2825,,,,,2,0,2
Person,Dana Ferrell,,,,,2826,,,,,2,0,2
RecordLabel,Dusk Sonic Industries,,,,,2827,,,,,0,1,1
Song,Nocturnal Echoes of Ivory,True,2007,Doom Metal,True,2828,2007,,,2007.0,2,4,6
Person,Wei Pan,,,,,2829,,,,,2,0,2
Person,Jun Qiao,,,,,2830,,,,,4,0,4
Song,Shadows on Polished Keys,True,2026,Synthpop,True,2831,,,2026,2026.0,4,7,11
Person,Ping Gu,,,,,2832,,,,,2,0,2
Person,Juan Cai,,,,,2833,,,,,1,0,1
Person,Juan Meng,,,,,2834,,,,,1,0,1
Person,Tao Huang,,,,,2835,,,,,2,0,2
Person,Tao Sun,,,,,2836,,,,,1,0,1
RecordLabel,Periáñez Sounds,,,,,2837,,,,,0,3,3
Song,The Silent Dialogue of Strings,True,2012,Dream Pop,False,2838,,,,2012.0,2,6,8
Person,Manuel Roberts,,,,,2839,,,,,2,0,2
Person,Gang Bai,,,,,2840,,,,,3,0,3
Person,Sheryl Massey,,,,,2841,,,,,3,0,3
Person,Claire Garner,,,,,2842,,,,,2,0,2
Song,Sunset Sips,False,1986,Southern Gothic Rock,True,2843,1986,,,1986.0,2,4,6
Person,Juan Cao,,,,,2844,,,,,1,0,1
Person,Jie Long,,,,,2845,,,,,1,0,1
Person,Yan Song,,,,,2846,,,,,3,0,3
RecordLabel,Tottori Groove,,,,,2847,,,,,0,5,5
Song,Twilight Tapas,True,2010,Lo-Fi Electronica,True,2848,,,2010,2010.0,2,14,16
Person,Yan Qian,,,,,2849,,,,,2,0,2
Person,Min Fu,,,,,2850,,,,,11,0,11
Song,Glasses Raised,True,2027,Southern Gothic Rock,True,2851,2027,,,2027.0,3,3,6
Album,Between Day and Night,,2028,Dream Pop,False,2852,2028,,,2028.0,3,7,10
Person,Min Ren,,,,,2853,,,,,1,0,1
Person,Guiying Xie,,,,,2854,,,,,1,0,1
Person,Nicole Smith,,,,,2855,,,,,2,0,2
Person,William Smith,,,,,2856,,,,,2,0,2
Person,Yong Zou,,,,,2857,,,,,1,0,1
Song,Rhythmic Reverie,True,2023,Dream Pop,True,2858,,,,2023.0,2,6,8
Song,Footsteps of Melody,True,2020,Darkwave,True,2859,,,,2020.0,1,4,5
Person,Wei Zhao,,,,,2860,,,,,1,0,1
Person,Jie Zhang,,,,,2861,,,,,3,0,3
Person,Xia Ma,,,,,2862,,,,,1,0,1
Song,Whirling Whispers,False,2022,Indie Rock,True,2863,,,,2022.0,5,6,11
Person,Yang Zhao,,,,,2864,,,,,2,0,2
Song,Choreographed Heartbeat,True,2026,Blues Rock,True,2865,,,,2026.0,5,3,8
Person,Michelle Davis,,,,,2866,,,,,3,0,3
Song,Requiem on the Red Square,True,2009,Doom Metal,True,2867,2009,,,2009.0,3,10,13
Person,Ralf Budig,,,,,2868,,,,,2,0,2
Person,Janette Schleich,,,,,2869,,,,,2,0,2
Person,Marcel Kreusel,,,,,2870,,,,,1,0,1
Person,Darryl Curtis,,,,,2871,,,,,1,0,1
Person,Jadwiga Gertz,,,,,2872,,,,,9,0,9
Album,Symphonic Snowfall,,2023,Symphonic Metal,True,2873,,,,2023.0,3,10,13
Person,Yang Kong,,,,,2874,,,,,1,0,1
Person,Ping Luo,,,,,2875,,,,,1,0,1
Person,Min Cai,,,,,2876,,,,,1,0,1
Person,Juan Zhong,,,,,2877,,,,,7,0,7
Person,Anaïs Wagner,,,,,2878,,,,,6,0,6
Song,Waltz of the Kremlin,True,2017,Dream Pop,False,2879,2017,,,2017.0,2,6,8
Person,Yong Zhang,,,,,2880,,,,,1,0,1
Person,Chao Jiang,,,,,2881,,,,,1,0,1
Person,Ming Jia,,,,,2882,,,,,1,0,1
Person,Yang Zhou,,,,,2883,,,,,1,0,1
Person,Yong Fan,,,,,2884,,,,,1,0,1
Person,Jie Zou,,,,,2885,,,,,1,0,1
RecordLabel,Sonic Spectrum Studios,,,,,2886,,,,,0,1,1
Song,Sonata for a Frozen Night,True,2029,Synthwave,True,2887,,,,2029.0,2,3,5
Person,Grant Bruce,,,,,2888,,,,,1,0,1
Album,Silent Secrets,,2029,Desert Rock,True,2889,,,,2029.0,9,4,13
Person,Yan Ma,,,,,2890,,,,,1,0,1
Person,Qiang Duan,,,,,2891,,,,,1,0,1
Person,Fang Kong,,,,,2892,,,,,2,0,2
Song,Whispers in the Dark,True,2019,Psychedelic Rock,True,2893,,,,2019.0,2,6,8
Person,James Gibson,,,,,2894,,,,,2,0,2
Person,Qiang Deng,,,,,2895,,,,,2,0,2
Person,Scott Sanders,,,,,2896,,,,,3,0,3
RecordLabel,Ambassador Records,,,,,2897,,,,,0,3,3
RecordLabel,Catarina Records,,,,,2898,,,,,0,4,4
Album,Unspoken Truth,,2007,Space Rock,True,2899,,,,2007.0,1,7,8
Person,Li Yi,,,,,2900,, Quinn Atlas,,,2,0,2
Person,Xia Yao,,,,,2901,,Zephara,,,1,0,1
Person,Wei Mo,,,,,2902,,,,,1,0,1
Person,Xiuying Wang,,,,,2903,,,,,1,0,1
RecordLabel,Twilight Horizon Records,,,,,2904,,,,,0,3,3
Album,Hidden From View,,2007,Doom Metal,True,2905,,,,2007.0,1,7,8
Song,Whispers to the Divine,True,2020,Dream Pop,True,2906,2020,,,2020.0,4,9,13
Person,Wei Wang,,,,,2907,,Caleb Stone,,,1,0,1
Person,Susan Meadows,,,,,2908,,,,,1,0,1
Person,Bryan Matthews,,,,,2909,,,,,2,0,2
Person,Tao Ren,,,,,2910,,,,,1,0,1
Person,Xiulan Du,,,,,2911,,,,,2,0,2
Person,Na Dong,,,,,2912,,,,,1,0,1
Person,Harold Gutierrez,,,,,2913,,,,,1,0,1
RecordLabel,Sole Sonic,,,,,2914,,,,,0,24,24
Album,First Light of Reverence,,2026,Dream Pop,True,2915,,,,2026.0,4,8,12
Person,Jie Wei,,,,,2916,,,,,2,0,2
Person,Jie Zou,,,,,2917,,,,,1,0,1
Person,Guiying Xiong,,,,,2918,,,,,1,0,1
Person,Yong Li,,,,,2919,,,,,2,0,2
RecordLabel,Skyline Audio,,,,,2920,,,,,0,8,8
Album,Threshold of Grace,,2023,Dream Pop,True,2921,,,,2023.0,2,5,7
Person,Kristy Olsen,,,,,2922,,,,,1,0,1
Person,Tina Hart,,,,,2923,,,,,1,0,1
Person,Deborah Osborne,,,,,2924,,,,,2,0,2
Person,Samuel Olsen,,,,,2925,,,,,2,0,2
RecordLabel,Mighty Orchard Sound,,,,,2926,,,,,0,4,4
Song,Sacred Invocation,False,1987,Southern Gothic Rock,True,2927,,,,1987.0,4,14,18
Album,Ascension,,2010,Synthwave,True,2928,,,,2010.0,2,3,5
Person,Qiang Tao,,,,,2929,,,,,1,0,1
Person,Na Ding,,,,,2930,,,,,2,0,2
Song,Breaking Dawn,True,2013,Symphonic Metal,True,2931,,,,2013.0,4,9,13
Person,Xia Xia,,,,,2932,,,,,4,0,4
Song,Lifted,False,2029,Dream Pop,True,2933,2029,,,2029.0,2,5,7
Person,Gwendolyn Morgan,,,,,2934,,,,,1,0,1
Person,Yan Xue,,,,,2935,,,,,1,0,1
Person,Melissa Wheeler,,,,,2936,,,,,3,0,3
Song,Gravity's Surrender,True,2017,Dream Pop,True,2937,,,,2017.0,3,8,11
Person,Qiang Wei,,,,,2938,,,,,1,0,1
Person,Jie Huang,,,,,2939,,,,,2,0,2
Person,Xiulan Hou,,,,,2940,,,,,5,0,5
Person,Chao Fang,,,,,2941,,,,,1,0,1
Song,Khwabon Ki Malika,True,2010,Southern Gothic Rock,True,2942,,,,2010.0,2,9,11
Person,Dawid Golda,,,,,2943,,,,,1,0,1
Song,Suraj Ke Raaz Mein,True,2023,Dream Pop,True,2944,2023,,,2023.0,2,13,15
Person,Amanda Reyes,,,,,2945,,The Ember Testament,,,1,0,1
Person,Erin Hall,,,,,2946,,,,,2,0,2
Person,Joseph Nichols,,,,,2947,,,,,1,0,1
Person,Jessica Smith,,,,,2948,,,,,1,0,1
Person,Stephanie House,,,,,2949,,,,,1,0,1
Person,Krista Dunn,,,,,2950,,,,,1,0,1
Person,Brooke Chang,,,,,2951,,,,,2,0,2
Person,Jessica Phelps,,,,,2952,,,,,1,0,1
Person,Daniel Martin,,,,,2953,,,,,2,0,2
Person,Matthew Walker,,,,,2954,,,,,1,0,1
RecordLabel,Melodic Pulse,,,,,2955,,,,,0,1,1
Song,Sapnon Ka Safar,True,2008,Indie Folk,True,2956,,,,2008.0,1,9,10
Person,Johanna Hauffer,,,,,2957,,,,,1,0,1
Person,Greta Löchel-Neureuther,,,,,2958,,,,,3,0,3
Album,Sitaron Ki Kahani,,2028,Dream Pop,True,2959,2028,,,2028.0,7,4,11
Person,Qiang Yu,,,,,2960,,,,,1,0,1
Person,Xiulan Yin,,,,,2961,,,,,1,0,1
Person,Hannah Hopkins,,,,,2962,,,,,1,0,1
Album,Whispers of the Heart's Embrace,,2020,Post-Apocalyptic Folk,True,2963,,,,2020.0,2,13,15
Person,Robert Combs,,,,,2964,,,,,1,0,1
Person,Leah Burns,,,,,2965,,,,,3,0,3
Person,Min Lei,,,,,2966,,,,,2,0,2
Person,Qiang Hu,,,,,2967,,,,,1,0,1
Person,Gang Qin,,,,,2968,,,,,3,0,3
Person,Xiuying Bai,,,,,2969,,,,,2,0,2
Person,Lei Shen,,,,,2970,,,,,1,0,1
RecordLabel,Echosphere Records,,,,,2971,,,,,0,11,11
Song,Shadows of an Unfinished Love,True,2032,Dream Pop,True,2972,,,,2032.0,6,2,8
Person,Jun Zhang,,,,,2973,,,,,2,0,2
Person,Ming Wen,,,,,2974,,,,,6,0,6
Song,Fragments of Your Memory,False,2024,Space Rock,True,2975,,,,2024.0,2,8,10
Person,Xia Feng,,,,,2976,,,,,2,0,2
Person,Jing Ma,,,,,2977,,,,,1,0,1
Person,Guiying Gao,,,,,2978,,,,,12,0,12
Person,Ping Shao,,,,,2979,,,,,4,0,4
Person,Min Li,,,,,2980,,,,,6,0,6
Person,Wei Cui,,,,,2981,,,,,6,0,6
Song,Between Longing and Belonging,False,2016,Psychedelic Rock,True,2982,2016,,,2016.0,3,10,13
Person,Hiroshi Nakamura,,,,,2983,,,,,3,0,3
Person,Sotaro Sato,,,,,2984,,,,,2,0,2
Person,Yasuhiro Yamamoto,,,,,2985,,,,,4,0,4
Person,Yosuke Yamamoto,,,,,2986,,,,,2,0,2
Person,Akemi Sato,,,,,2987,,,,,3,0,3
Person,Rei Hayashi,,,,,2988,,,,,3,0,3
RecordLabel,Mírov Sound,,,,,2989,,,,,0,2,2
Song,Harmonic Whispers in Twilight,True,2021,Space Rock,True,2990,2017,,2021,2021.0,1,7,8
Person,Fang Su,,,,,2991,,,,,1,0,1
Person,Wei Wang,,,,,2992,,,,,3,0,3
Person,Lei Qin,,,,,2993,,,,,3,0,3
Person,Yan Jin,,,,,2994,,,,,2,0,2
Person,Tao Liao,,,,,2995,,,,,2,0,2
Song,Chamber of Forgotten Echoes,True,2017,Dream Pop,True,2996,,,,2017.0,4,7,11
Person,Pierre Ruppert,,,,,2997,,,,,1,0,1
Person,Karl-Friedrich auch Schlauchin,,,,,2998,,,,,2,0,2
Person,Ayse Häring,,,,,2999,,,,,2,0,2
Person,Kenan Reichmann,,,,,3000,,,,,2,0,2
RecordLabel,Côte Sonore,,,,,3001,,,,,0,6,6
Song,Strings of Unspoken Memories,True,2023,Synthwave,True,3002,2023,,,2023.0,2,4,6
Person,Kenneth Jimenez,,,,,3003,, Echo XI,,,1,0,1
Person,Briana Harris,,,,,3004,,SYNTH LORD,,,1,0,1
Person,Edward Randolph,,,,,3005,,,,,1,0,1
Person,Dawn Mcguire,,,,,3006,,,,,1,0,1
RecordLabel,Brandizzo Sounds,,,,,3007,,,,,0,1,1
Song,Resonance Between Silence,True,2021,Dream Pop,True,3008,,,,2021.0,4,7,11
Person,Mark Garcia,,,,,3009,,,,,2,0,2
Person,Juan Mo,,,,,3010,,,,,2,0,2
Person,Shannon Smith,,,,,3011,,,,,2,0,2
Person,Jing Zhang,,,,,3012,,,,,4,0,4
Song,Perfect Stranger,True,2010,Alternative Rock,True,3013,,,,2010.0,3,5,8
Person,Amy White,,,,,3014,,,,,4,0,4
Person,Dariusz Olszowa,,,,,3015,,,,,11,0,11
RecordLabel,Aurrera Sounds,,,,,3016,,,,,0,1,1
RecordLabel,Action Manifesto,,,,,3017,,,,,0,2,2
Song,Missing Piece,True,2023,Dream Pop,True,3018,2023,,,2023.0,1,10,11
Person,Raymond Wright,,,,,3019,,,,,2,0,2
Person,Jo Barnes,,,,,3020,,,,,1,0,1
Person,Na Shi,,,,,3021,,,,,2,0,2
Person,Yang Qiao,,,,,3022,,,,,2,0,2
Person,Wei Xu,,,,,3023,,,,,1,0,1
Person,Gang Hu,,,,,3024,,,,,1,0,1
Song,Destiny's Call,True,2017,Oceanus Folk,False,3025,2017,,,2017.0,3,46,49
Person,Sandra Smith,,,,,3026,,,,,1,0,1
Person,Xiulan Ye,,,,,3027,,,,,3,0,3
Person,Xia Jia,,,,,3028,,,,,3,0,3
Person,Donna Caldwell,,,,,3029,,,,,3,0,3
Person,Chao Wu,,,,,3030,,,,,2,0,2
Album,The One I've Been Waiting For,,2028,Desert Rock,True,3031,,,,2028.0,4,8,12
Person,Wei Hu,,,,,3032,,,,,1,0,1
Person,Jun Guo,,,,,3033,,,,,2,0,2
Person,Yang Yi,,,,,3034,,,,,1,0,1
Person,Yan Cai,,,,,3035,,,,,2,0,2
Person,Na Qian,,,,,3036,,,,,2,0,2
Song,Visions Beyond the Horizon,True,2020,Oceanus Folk,True,3037,,,,2020.0,5,5,10
Person,Christopher Smith,,,,,3038,,,,,1,0,1
Person,Timothy Hansen,,,,,3039,,,,,2,0,2
Person,Autumn Walker,,,,,3040,,,,,1,0,1
RecordLabel,Ardennes Audio,,,,,3041,,,,,0,9,9
RecordLabel,Quill Recordings,,,,,3042,,,,,0,2,2
Song,Sleepwalkers and Stargazers,True,2024,Americana,True,3043,,,,2024.0,2,7,9
Person,Gang Tang,,,,,3044,,,,,1,0,1
Person,Fang Mao,,,,,3045,,,,,2,0,2
Person,Qiang Qiu,,,,,3046,,,,,1,0,1
Person,Tao Ding,,,,,3047,,,,,2,0,2
Person,Yan Zhao,,,,,3048,,,,,1,0,1
Album,Whispers of Uncharted Worlds,,1996,Alternative Rock,True,3049,,,,1996.0,2,4,6
Person,Lisa Hines,,,,,3050,,,,,2,0,2
Person,Amy Moore,,,,,3051,,,,,3,0,3
RecordLabel,Cadore Sound,,,,,3052,,,,,0,3,3
Song,Dreaming in Technicolor,True,2024,Desert Rock,True,3053,2021,,,2024.0,4,4,8
Person,Wendy Flores,,,,,3054,,,,,1,0,1
Person,Andrew Gordon,,,,,3055,,,,,2,0,2
Song,Sleepless Horizon,True,2022,Dream Pop,True,3056,,,,2022.0,3,7,10
Person,Jun Zheng,,,,,3057,,,,,2,0,2
Person,Juan Shao,,,,,3058,,,,,1,0,1
Person,Na Song,,,,,3059,,,,,2,0,2
Person,John Wheeler,,,,,3060,,,,,2,0,2
Person,Xiuying Tang,,,,,3061,,,,,9,0,9
Person,Laurent Breton,,,,,3062,,,,,3,0,3
RecordLabel,Plan Pulse,,,,,3063,,,,,0,5,5
Song,Wandering Without Shelter,True,2023,Desert Rock,True,3064,,,,2023.0,4,7,11
Person,Qiang Deng,,,,,3065,,Lucian,,,1,0,1
Person,Na Liao,,,,,3066,,,,,1,0,1
Song,Restless Paths,True,2029,Americana,True,3067,,,,2029.0,2,5,7
Person,Tao Lei,,,,,3068,,,,,6,0,6
Person,Guiying Zhou,,,,,3069,,,,,1,0,1
Person,Min Jin,,,,,3070,,,,,4,0,4
Song,Unanchored Soul,True,1988,Alternative Rock,True,3071,1988,,,1988.0,2,7,9
Person,Gitta Wilmsen,,,,,3072,,,,,1,0,1
Person,Ingeborg Ullrich,,,,,3073,,,,,3,0,3
RecordLabel,Espumoso Records,,,,,3074,,,,,0,1,1
RecordLabel,Aihara Audio,,,,,3075,,,,,0,6,6
Song,Nullify the Provocateur,True,2023,Indie Folk,True,3076,,,,2023.0,3,4,7
Person,Li Zheng,,,,,3077,,,,,2,0,2
Person,Min Gao,,,,,3078,,,,,3,0,3
Person,Yang Yao,,,,,3079,,,,,5,0,5
Song,Rescind the Instigator,False,2017,Avant-Garde Folk,True,3080,,,,2017.0,7,6,13
Person,Amber Rodriguez,,,,,3081,,,,,1,0,1
Person,Tiffany Gill,,,,,3082,,,,,6,0,6
Person,Kamil Sura,,,,,3083,,,,,1,0,1
Person,Karen Wright,,,,,3084,,,,,13,0,13
Song,Abrogate the Rabble-Rouser,True,2008,Indie Pop,True,3085,,,,2008.0,2,7,9
Person,Sean Jones,,,,,3086,,,,,13,0,13
Album,Recall the Firebrand,,2019,Jazz Surf Rock,True,3087,,,,2019.0,2,7,9
Song,Whispers Across the Distance,False,2021,Psychedelic Rock,True,3088,,,,2021.0,3,7,10
Person,Ping Liao,,,,,3089,,,,,3,0,3
Person,Tao Chen,,,,,3090,,,,,1,0,1
Person,Amy Gutierrez,,,,,3091,,,,,2,0,2
RecordLabel,Immediate Harmony,,,,,3092,,,,,0,1,1
Album,Echoes of Your Voice,,2020,Indie Folk,True,3093,,,,2020.0,2,7,9
Song,Longing on the Line,False,2023,Jazz Surf Rock,True,3094,,,,2023.0,6,8,14
Person,Wanda Smith,,,,,3095,,,,,1,0,1
Person,Wei Huang,,,,,3096,,,,,2,0,2
Person,Xiulan Jiang,,,,,3097,,,,,5,0,5
Person,Ping Luo,,,,,3098,,,,,12,0,12
RecordLabel,Inn Valley Recordings,,,,,3099,,,,,0,1,1
Song,Phantom Ring Tone,True,2005,Post-Apocalyptic Folk,True,3100,2005,,,2005.0,3,7,10
Person,Cassandra Washington,,,,,3101,,,,,2,0,2
Person,Jessica Wright,,,,,3102,,,,,1,0,1
Person,Nicole Yoder,,,,,3103,,,,,1,0,1
Person,Michael Dickerson,,,,,3104,,,,,2,0,2
RecordLabel,Sonic Frequency Studios,,,,,3105,,,,,0,4,4
Song,Mud and Memories,True,2001,Southern Gothic Rock,True,3106,,,,2001.0,5,6,11
Person,Laura Sanchez,,,,,3107,,,,,9,0,9
Person,Stacey Taylor,,,,,3108,,,,,4,0,4
RecordLabel,Melodrama Recordings,,,,,3109,,,,,0,13,13
Song,Flanders' Requiem,True,2025,Dream Pop,True,3110,,,,2025.0,3,7,10
Person,Jodi Morgan,,,,,3111,,Wraith Choir,,,1,0,1
Person,Shayak Sen,,,,,3112,,,,,1,0,1
Person,Eva Ray,,,,,3113,,,,,1,0,1
RecordLabel,Resonant Ridge,,,,,3114,,,,,0,1,1
Album,Trenches of Sorrow,,2008,Indie Pop,True,3115,,,,2008.0,5,5,10
Person,Corey Stephens,,,,,3116,,,,,1,0,1
Person,Christina Martin,,,,,3117,,,,,1,0,1
Album,The Ridges of Blood,,2025,Space Rock,True,3118,2019,,,2025.0,6,7,13
Person,Yong Gong,,,,,3119,,,,,1,0,1
Person,Gang Qian,,,,,3120,,,,,1,0,1
Person,Yong Wu,,,,,3121,,,,,1,0,1
Person,Jing Zhou,,,,,3122,,,,,6,0,6
Song,Gentle Tempo of Sunlight,True,2005,Indie Pop,True,3123,2005,,,2005.0,3,8,11
Person,Elżbieta Bociek,,,,,3124,,,,,2,0,2
Person,Jana Lindner,,,,,3125,,,,,12,0,12
Person,Maik Mude,,,,,3126,,,,,24,0,24
RecordLabel,Tokyo Pulse,,,,,3127,,,,,0,22,22
Song,Whispers in E Major,True,2017,Dream Pop,True,3128,2017,,,2017.0,1,7,8
Person,Juan Zhong,,,,,3129,,,,,1,0,1
Person,Yang Liang,,,,,3130,,,,,1,0,1
Person,Peter Goodwin,,,,,3131,,,,,3,0,3
RecordLabel,Echoes of Eich,,,,,3132,,,,,0,1,1
Song,Melodic Passage,True,2013,Indie Folk,True,3133,2010,,,2013.0,2,6,8
Person,Jennifer Davis,,,,,3134,,YVNG PHXNX,,,1,0,1
Person,Chelsea Martinez,,,,,3135,,,,,19,0,19
Song,Softly Ascending Harmonies,True,2027,Desert Rock,True,3136,,,,2027.0,5,4,9
Person,Xiulan Liang,,,,,3137,,,,,1,0,1
Person,Yan Hao,,,,,3138,,,,,1,0,1
Song,Trust Nobody's Whispers,True,2007,Synthpop,True,3139,,,,2007.0,3,4,7
Person,Jie Wei,,,,,3140,,,,,3,0,3
Person,April Crosby,,,,,3141,,,,,1,0,1
Person,Jing Meng,,,,,3142,,,,,1,0,1
RecordLabel,Sonic Horizon SA,,,,,3143,,,,,0,1,1
Album,Lies Between the Lines,,2026,Indie Rock,True,3144,,,,2026.0,3,6,9
Person,Piya Mann,,,,,3145,,,,,1,0,1
Person,Sana Batta,,,,,3146,,,,,1,0,1
Person,Raghav Garde,,,,,3147,,,,,2,0,2
Person,Ranbir Balay,,,,,3148,,,,,1,0,1
Person,Samar Luthra,,,,,3149,,,,,1,0,1
RecordLabel,Swift Sound,,,,,3150,,,,,0,1,1
Song,Smoke and Mirrors,True,2015,Alternative Rock,True,3151,,,,2015.0,10,4,14
Person,Stacy Hendricks,,,,,3152,,,,,3,0,3
RecordLabel,Sixth Arrondissement Records,,,,,3153,,,,,0,2,2
Song,Delusion's Embrace,False,2010,Americana,True,3154,,,,2010.0,2,10,12
Person,Lei Bai,,,,,3155,,,,,4,0,4
Person,Jun Meng,,,,,3156,,,,,1,0,1
Person,Jun Chang,,,,,3157,,,,,9,0,9
Person,Jing Wang,,,,,3158,,,,,13,0,13
Person,Ping Tang,,,,,3159,,,,,3,0,3
Song,Tied Together by Gravity,True,2017,Symphonic Metal,True,3160,2017,,,2017.0,3,6,9
Person,Min Zhao,,,,,3161,,,,,1,0,1
Person,Xiuying Cai,,,,,3162,,,,,3,0,3
Album,Parallel Descent,,2001,Speed Metal,True,3163,,,,2001.0,4,8,12
Person,Jeremy Li,,,,,3164,,,,,5,0,5
Person,Jamie Ramos,,,,,3165,,,,,7,0,7
Person,Ricky Silva,,,,,3166,,,,,6,0,6
RecordLabel,Uruçuí Beats,,,,,3167,,,,,0,2,2
Song,Shared Shadows,True,2019,Indie Folk,True,3168,,,2019,2019.0,2,9,11
Person,Sophia Cilea,,,,,3169,,,,,2,0,2
Person,Fulvio Comisso,,,,,3170,,,,,1,0,1
Person,Annunziata Trezzini,,,,,3171,,,,,2,0,2
Person,Donna Vecellio,,,,,3172,,,,,1,0,1
RecordLabel,Vestige Sound,,,,,3173,,,,,0,9,9
Song,Intertwined Free Fall,True,2029,Dream Pop,True,3174,,,,2029.0,6,12,18
Person,Joshua Cruz,,,,,3175,,,,,6,0,6
Person,Christine Gonzales,,,,,3176,,,,,9,0,9
Person,Michael Holloway,,,,,3177,,,,,5,0,5
Person,Carrie Smith,,,,,3178,,,,,1,0,1
Person,Isaiah Gonzales,,,,,3179,,,,,1,0,1
Person,Raven Bowman,,,,,3180,,,,,1,0,1
Person,Timothy Beck,,,,,3181,,,,,2,0,2
Person,Juan Ding,,,,,3182,,,,,2,0,2
Song,More Than Enough,True,2029,Southern Gothic Rock,True,3183,2023,,,2029.0,4,4,8
Person,Dana Henk-Bachmann,,,,,3184,,,,,2,0,2
Person,Tobiasz Kargol,,,,,3185,,,,,1,0,1
Song,Surplus of Love,True,2028,Dream Pop,True,3186,,,2028,2028.0,3,7,10
Person,Christopher Long,,,,,3187,, A.M. Silver,,,4,0,4
Person,Kayla Smith,,,,,3188,,,,,2,0,2
Person,Meredith Sullivan,,,,,3189,,,,,2,0,2
Person,Kaylee Patrick,,,,,3190,,,,,2,0,2
Person,Mary Campbell,,,,,3191,,,,,2,0,2
Person,Brandon Roman,,,,,3192,,,,,2,0,2
RecordLabel,Sidéral Groove,,,,,3193,,,,,0,4,4
Song,Abundance Overflowing,False,2017,Oceanus Folk,True,3194,2017,,,2017.0,2,18,20
Person,Lei Zeng,,,,,3195,,,,,2,0,2
Person,Yong Chen,,,,,3196,,,,,1,0,1
Person,Guiying Dai,,,,,3197,,,,,3,0,3
Person,Na Ren,,,,,3198,,,,,2,0,2
Album,Bountiful Heart,,2028,Synthpop,True,3199,,,,2028.0,1,8,9
Person,James White,,,,,3200,, B.B. Stone,,,2,0,2
Person,Wei Liang,,,,,3201,,Valoria,,,1,0,1
Person,Min Long,,,,,3202,,Resonance,,,1,0,1
Person,Li Bai,,,,,3203,,,,,1,0,1
Person,Qiang Ye,,,,,3204,,,,,2,0,2
Album,Whispers of the Moonlit Ensemble,,2029,Psychedelic Rock,True,3205,2029,,,2029.0,6,7,13
Person,Sarah Gray,,,,,3206,,,,,1,0,1
Person,Kenneth Jones,,,,,3207,,,,,1,0,1
Person,Yang Bai,,,,,3208,,,,,3,0,3
Person,Wei Shen,,,,,3209,,,,,4,0,4
Song,Chamber Reverie in Gossamer Tones,True,2026,Indie Folk,True,3210,,,,2026.0,2,6,8
Person,Fang Qian,,,,,3211,,,,,1,0,1
Person,Fang Zhang,,,,,3212,,,,,1,0,1
Person,Catherine Price,,,,,3213,,,,,1,0,1
Person,Li Shao,,,,,3214,,,,,1,0,1
Person,Yang Fan,,,,,3215,,,,,1,0,1
RecordLabel,Rustique Sonore,,,,,3216,,,,,0,1,1
Song,Nocturnal Conversations of Delicate Instruments,True,2018,Avant-Garde Folk,True,3217,,,,2018.0,2,6,8
Person,Logan Rogers,,,,,3218,,,,,3,0,3
Song,Crystalline Interlude for Ethereal Voices,True,2017,Indie Folk,True,3219,2017,,,2017.0,3,4,7
Person,Madison Rodriguez,,,,,3220,,Glass Parable,,,1,0,1
Person,Christiane Langlois,,,,,3221,,,,,2,0,2
Person,Auguste-Alexandre Delattre,,,,,3222,,,,,3,0,3
Person,Victoire Morvan,,,,,3223,,,,,2,0,2
Album,Flames of Zagreb,,2013,Synthwave,True,3224,,,,2013.0,2,4,6
Person,Emma Ruiz,,,,,3225,, Storm Scout,,,1,0,1
Person,Jie Ding,,,,,3226,,,,,3,0,3
Person,Ming Dai,,,,,3227,,,,,2,0,2
Song,Adriatic Hearts,False,2029,Dream Pop,True,3228,,,,2029.0,5,7,12
Person,Yong Liang,,,,,3229,,,,,1,0,1
Person,Juan Wu,,,,,3230,,,,,5,0,5
Person,Ming Li,,,,,3231,,,,,2,0,2
Person,Chao Sun,,,,,3232,,,,,3,0,3
Person,Gang Yuan,,,,,3233,,,,,6,0,6
RecordLabel,Crimson Pulse,,,,,3234,,,,,0,2,2
RecordLabel,Urban Prism Music,,,,,3235,,,,,0,3,3
RecordLabel,Tempo Fusion,,,,,3236,,,,,0,1,1
Song,Warriors of the Checkered Shield,True,2024,Psychedelic Rock,True,3237,,,2024,2024.0,4,6,10
Person,Melissa Avila,,,,,3238,,,,,1,0,1
Song,Homeland's Melody,True,2003,Southern Gothic Rock,True,3239,2003,,,2003.0,2,6,8
Person,Michelle Laurent de la Berger,,,,,3240,,,,,1,0,1
Person,Jérôme Riou,,,,,3241,,,,,2,0,2
RecordLabel,Executive Session,,,,,3242,,,,,0,2,2
Song,Desert Migrations,True,2024,Oceanus Folk,True,3243,,,,2024.0,3,7,10
Person,Amanda Coleman,,,,,3244,,,,,1,0,1
Person,David Morgan,,,,,3245,,,,,2,0,2
Person,Mary Parsons,,,,,3246,,,,,2,0,2
Person,Gang Lai,,,,,3247,,,,,1,0,1
Person,Xiulan Lu,,,,,3248,,,,,1,0,1
Song,Broken Chains,True,1996,Alternative Rock,True,3249,,,,1996.0,2,5,7
Person,Nicolas Jones,,,,,3250,,,,,2,0,2
RecordLabel,Scarlet Plume Records,,,,,3251,,,,,0,1,1
Song,Promised Land Calling,True,2015,Psychedelic Rock,True,3252,,,2031,2015.0,2,18,20
Person,Li Xue,,,,,3253,,,,,2,0,2
Person,Aaron Logan,,,,,3254,,,,,1,0,1
Person,Megan Dunn,,,,,3255,,,,,1,0,1
Person,Yang He,,,,,3256,,,,,1,0,1
Person,Kevin Kidd,,,,,3257,,,,,2,0,2
Person,Jie Fang,,,,,3258,,,,,1,0,1
Person,Na Xiao,,,,,3259,,,,,5,0,5
Person,William Moore,,,,,3260,,,,,1,0,1
Person,Carol Hanna,,,,,3261,,,,,1,0,1
Person,Fang Tao,,,,,3262,,,,,1,0,1
Person,Yan Gao,,,,,3263,,,,,1,0,1
Song,Wandering Tribes,False,2020,Dream Pop,True,3264,,,,2020.0,2,3,5
Person,Xiuying Deng,,,,,3265,,,,,1,0,1
Person,Xiuying Lin,,,,,3266,,,,,4,0,4
Song,Blood and Devotion,False,1985,Indie Pop,True,3267,,,,1985.0,2,6,8
Person,Fang Kong,,,,,3268,,,,,1,0,1
Person,Ming Cheng,,,,,3269,,,,,3,0,3
Song,Crimson Vows,False,2013,Speed Metal,True,3270,,,,2013.0,3,5,8
Person,Caroline King,,,,,3271,,,,,2,0,2
Person,Christian Mcpherson,,,,,3272,,,,,5,0,5
RecordLabel,Celestial Axis,,,,,3273,,,,,0,9,9
RecordLabel,Midnight Pulse Records,,,,,3274,,,,,0,11,11
Song,"My Heart, Your Lifeline",True,2023,Desert Rock,True,3275,2023,,,2023.0,5,6,11
Person,Wei Liao,,,,,3276,,,,,2,0,2
Person,Fang Zheng,,,,,3277,,,,,1,0,1
Person,Tao Yuan,,,,,3278,,,,,1,0,1
Person,Ming Lai,,,,,3279,,,,,1,0,1
Person,Xiuying Xue,,,,,3280,,,,,1,0,1
RecordLabel,Midnight Terrain Studios,,,,,3281,,,,,0,8,8
Song,Scarlet Promise,False,2023,Synthwave,True,3282,,,,2023.0,3,4,7
Person,Brittany Simon,,,,,3283,, Hart,,,2,0,2
Person,Nancy Smith,,,,,3284,,,,,1,0,1
RecordLabel,Hernández Harmony,,,,,3285,,,,,0,1,1
Song,Neram Nadhi (Time River),True,2001,Alternative Rock,True,3286,,,2001,2001.0,1,4,5
Person,Alexander Jenkins,,,,,3287,,,,,4,0,4
Person,Brendan Hawkins,,,,,3288,,,,,1,0,1
Song,Ezhuthatha Kadhal (Unwritten Love),True,2019,Lo-Fi Electronica,True,3289,,,2019,2019.0,6,5,11
Person,Jie Yan,,,,,3290,,,,,6,0,6
Song,Moham Valai (Desire's Web),True,2024,Dream Pop,True,3291,,,,2024.0,2,11,13
Person,Wei Lu,,,,,3292,,,,,2,0,2
Person,Min Dai,,,,,3293,,,,,1,0,1
Person,Yong Wei,,,,,3294,,,,,2,0,2
Person,Yong Fan,,,,,3295,,,,,2,0,2
Person,Xiulan Chang,,,,,3296,,,,,1,0,1
Person,Guiying Xie,,,,,3297,,,,,2,0,2
Person,Juan Tan,,,,,3298,,,,,1,0,1
Person,Jing Fan,,,,,3299,,,,,1,0,1
Person,Anthony King,,,,,3300,,,,,4,0,4
RecordLabel,Lunar Horizon,,,,,3301,,,,,0,1,1
Album,Urugum Ninaivugal (Melting Memories),,2029,Avant-Garde Folk,True,3302,,,,2029.0,6,4,10
Person,Kenneth Hall,,,,,3303,,,,,1,0,1
Album,Campus Echoes,,2013,Americana,True,3304,2013,,2013,2013.0,2,9,11
Person,Rania Banik,,,,,3305,,,,,1,0,1
Person,Guiying Tian,,,,,3306,,,,,2,0,2
Person,Riya Ahluwalia,,,,,3307,,,,,1,0,1
Person,Michael Kelly,,,,,3308,,,,,1,0,1
Person,Stacy Watts,,,,,3309,,,,,3,0,3
Song,Lecture Hall Nights,True,2014,Dream Pop,True,3310,,,2014,2014.0,4,13,17
Person,Kendra Rivera,,,,,3311,,,,,4,0,4
Person,Juan Tao,,,,,3312,,,,,1,0,1
Person,Lei Yang,,,,,3313,,,,,7,0,7
Person,Na Qian,,,,,3314,,,,,4,0,4
Person,Qiang Gao,,,,,3315,,,,,2,0,2
Song,Degrees of Freedom,True,2023,Desert Rock,True,3316,,,,2023.0,3,9,12
Person,Na Qian,,,,,3317,,,,,1,0,1
Person,Li Tang,,,,,3318,,,,,2,0,2
Person,Guiying Gong,,,,,3319,,,,,1,0,1
Person,Xia Fan,,,,,3320,,,,,2,0,2
Person,Juan Shi,,,,,3321,,,,,1,0,1
Person,Wei Yu,,,,,3322,,,,,3,0,3
Album,Scholar's Rebellion,,2020,Doom Metal,True,3323,,,,2020.0,1,6,7
Person,Hans Georg Eigenwillig-Reising,,,,,3324,,,,,3,0,3
Album,Shattered Reflections,,2013,Emo/Pop Punk,True,3325,2013,,2013,2013.0,5,3,8
Person,Laurie Campbell,,,,,3326,,,,,8,0,8
Person,Kevin Ayala,,,,,3327,,,,,1,0,1
RecordLabel,Sunset Sound Studios,,,,,3328,,,,,0,12,12
Song,Heartbreak in Slow Motion,True,2022,Post-Apocalyptic Folk,True,3329,2022,,,2022.0,5,6,11
Person,Na Cao,,,,,3330,,Jay Carter,,,1,0,1
Person,Na Yao,,,,,3331,,,,,1,0,1
Song,The Art of Emotional Destruction,True,2020,Indie Folk,True,3332,,,,2020.0,5,6,11
Person,Janet Margraf,,,,,3333,,,,,2,0,2
Person,Birthe Täsche,,,,,3334,,,,,4,0,4
Album,Fragments of Your Falling,,2009,Dream Pop,True,3335,2009,,2009,2009.0,3,7,10
Person,Lucrezia Zamengo,,,,,3336,,,,,14,0,14
Song,Flatline Farewell,True,2017,Indie Folk,True,3337,2017,,,2017.0,2,4,6
Person,Justin Williams,,,,,3338,,,,,2,0,2
Album,Last Breath Protocol,,2026,Darkwave,True,3339,,,2026,2026.0,2,3,5
Person,Marianna Polaszek,,,,,3340,,,,,4,0,4
RecordLabel,Sonic Arrow Records,,,,,3341,,,,,0,3,3
Album,Midnight Morgue,,2020,Jazz Surf Rock,True,3342,,,,2020.0,4,4,8
Person,Joseph Stevens,,,,,3343,,,,,1,0,1
Person,Roy Tran,,,,,3344,,,,,1,0,1
Person,David Cruz,,,,,3345,,,,,1,0,1
Person,Leonard Suarez,,,,,3346,,,,,1,0,1
RecordLabel,Greville Soundworks,,,,,3347,,,,,0,1,1
RecordLabel,Aldehuela Rhythm,,,,,3348,,,,,0,1,1
Song,Pulse Zero,True,2002,Indie Pop,True,3349,2002,,,2002.0,3,13,16
Song,Unbreakable Resolve,True,1992,Southern Gothic Rock,True,3350,,,,1992.0,2,12,14
Person,Nicole Robinson,,,,,3351,,,,,3,0,3
Person,Marcus Spence,,,,,3352,,,,,20,0,20
RecordLabel,Digital Airwaves,,,,,3353,,,,,0,1,1
RecordLabel,Apex Sonics,,,,,3354,,,,,0,4,4
Song,When Courage Whispers,True,2015,Dream Pop,True,3355,,,,2015.0,3,5,8
Person,Jacob Yang,,,,,3356,,,,,3,0,3
RecordLabel,Empire Sound,,,,,3357,,,,,0,7,7
Song,Carry Me Through,True,2017,Dream Pop,True,3358,,,,2017.0,5,7,12
Person,Aneta Pruschke-Sölzer,,,,,3359,,,,,5,0,5
Person,Isabella Farinelli,,,,,3360,,,,,8,0,8
RecordLabel,Spiegel Harmony,,,,,3361,,,,,0,13,13
Song,Rising From the Shadows,False,2022,Synthwave,True,3362,,,,2022.0,38,20,58
Person,Xiuying Xie,,,,,3363,,,,,3,0,3
Person,Jun Lin,,,,,3364,,,,,3,0,3
Person,Gang Dong,,,,,3365,,,,,1,0,1
Person,Xiuying Yao,,,,,3366,,,,,13,0,13
Song,Courage in Quiet Moments,True,2023,Oceanus Folk,True,3367,,,,2023.0,4,8,12
Person,Madeleine Pineau,,,,,3368,,M.A.D. FROST (Money And Dreams),,,3,0,3
Person,Laetitia Petitjean,,,,,3369,,,,,3,0,3
Person,Émilie Maillet,,,,,3370,,,,,2,0,2
Person,Susan Da Silva,,,,,3371,,,,,2,0,2
RecordLabel,Troisième Sonore,,,,,3372,,,,,0,1,1
Album,Swift as Shadows,,2022,Dream Pop,True,3373,2022,,2022,2022.0,3,3,6
Person,Kevin Gilbert,,,,,3374,,,,,1,0,1
Person,Jennifer Ferguson,,,,,3375,,,,,2,0,2
Song,Rapid Heartbeat,True,2013,Desert Rock,True,3376,,,,2013.0,3,15,18
Person,Ming Qiao,,,,,3377,,,,,7,0,7
Person,Xiulan Tao,,,,,3378,,,,,3,0,3
Person,Jun Ye,,,,,3379,,,,,6,0,6
Person,Guiying Chen,,,,,3380,,,,,3,0,3
Album,The Brave and the Brief,,2026,Indie Rock,False,3381,2026,,,2026.0,2,4,6
Person,Reginald Stumpf,,,,,3382,,,,,1,0,1
Person,Günther Mude,,,,,3383,,,,,1,0,1
Person,Ulf Kusch,,,,,3384,,,,,2,0,2
Person,Joerg Weiß,,,,,3385,,,,,1,0,1
Song,Temporal Dissonance,True,2019,Southern Gothic Rock,True,3386,2012,,,2019.0,5,3,8
Song,Echoes Out of Time,True,2016,Lo-Fi Electronica,False,3387,2013,,,2016.0,5,9,14
Person,Li Fang,,,,,3388,,,,,1,0,1
Person,Min Shen,,,,,3389,,,,,5,0,5
Song,Displaced Moment,False,2014,Dream Pop,True,3390,,,,2014.0,3,5,8
Person,Diana Lewis,,,,,3391,,,,,2,0,2
Person,Micheal Martin,,,,,3392,,,,,1,0,1
Person,Michael Keller,,,,,3393,,,,,1,0,1
RecordLabel,Granite Grove Sound,,,,,3394,,,,,0,1,1
Album,Chronological Exile,,2013,Americana,True,3395,,,,2013.0,2,7,9
Person,Yong Sun,,,,,3396,,,,,1,0,1
Person,Yong Shen,,,,,3397,,,,,1,0,1
Person,Na Lu,,,,,3398,,,,,3,0,3
Person,Jing Jin,,,,,3399,,,,,4,0,4
RecordLabel,Paris Sixth Studios,,,,,3400,,,,,0,3,3
RecordLabel,Blue Ridge Recordings,,,,,3401,,,,,0,4,4
Song,Signatures and Sorrow,True,2024,Dream Pop,True,3402,,,,2024.0,2,13,15
Person,Franca Wilms,,,,,3403,,,,,1,0,1
Person,Andrew Medina,,,,,3404,,,,,2,0,2
Person,Zachary Stark,,,,,3405,,,,,2,0,2
RecordLabel,Marsala Sounds,,,,,3406,,,,,0,1,1
Song,Splitting the Difference,True,1987,Southern Gothic Rock,True,3407,1987,,,1987.0,2,13,15
Person,Qiang Fang,,,,,3408,,,,,1,0,1
Person,Janice Lamb,,,,,3409,,,,,7,0,7
Person,Xia Deng,,,,,3410,,,,,4,0,4
Album,"Broken Vows, Empty Halls",,2020,Americana,True,3411,,,,2020.0,1,9,10
Person,Xiulan Feng,,,,,3412,,,,,2,0,2
Person,Tao Xie,,,,,3413,,,,,9,0,9
Person,Yang Han,,,,,3414,,,,,5,0,5
Song,Paperwork and Heartache,False,2026,Indie Folk,True,3415,,,2033,2026.0,3,5,8
Person,Xiulan Zheng,,,,,3416,,,,,2,0,2
Person,Xiuying Qiu,,,,,3417,,,,,1,0,1
Person,Yang Wu,,,,,3418,,,,,3,0,3
Person,Guiying Zhu,,,,,3419,,,,,1,0,1
RecordLabel,Stellar Pulse Records,,,,,3420,,,,,0,4,4
RecordLabel,Resonant Sound Studios,,,,,3421,,,,,0,4,4
Song,Masked Frontier,True,2020,Dream Pop,True,3422,2020,,,2020.0,3,3,6
Person,Marika Rörricht,,,,,3423,,,,,1,0,1
Person,Stilla Koch,,,,,3424,,,,,4,0,4
Person,Holger Trupp,,,,,3425,,,,,1,0,1
Song,Silver's Gallop,True,2024,Desert Rock,True,3426,2024,,,2024.0,2,7,9
Person,Yan Liang,,,,,3427,,,,,1,0,1
Person,Qiang Shao,,,,,3428,,,,,1,0,1
Person,Guiying Wu,,,,,3429,,,,,1,0,1
Person,Ming Xiong,,,,,3430,,,,,3,0,3
Person,Tao Cao,,,,,3431,,,,,1,0,1
Person,Guiying Shi,,,,,3432,,,,,1,0,1
Song,Tonto's Whisper,True,2013,Indie Folk,True,3433,,,,2013.0,2,6,8
Person,Lei Xiao,,,,,3434,,,,,1,0,1
Person,Lei Long,,,,,3435,,,,,2,0,2
Person,Anthony Navarro,,,,,3436,,,,,1,0,1
Person,Qiang Peng,,,,,3437,,,,,2,0,2
Song,Justice Rides Alone,True,2029,Synthwave,True,3438,2026,,,2029.0,9,5,14
Person,Fang Gu,,,,,3439,,,,,1,0,1
Person,Guiying Cui,,,,,3440,,,,,2,0,2
Person,Li Cheng,,,,,3441,,,,,2,0,2
Person,Xiuying Tian,,,,,3442,,,,,3,0,3
RecordLabel,Luceni Groove,,,,,3443,,,,,0,3,3
Song,Heartache Without Healing,False,2023,Indie Rock,True,3444,,,,2023.0,2,5,7
Person,Xiulan Ren,,,,,3445,,,,,1,0,1
Person,Jing Xie,,,,,3446,,,,,1,0,1
Person,Li Gu,,,,,3447,,,,,10,0,10
Person,Juan Li,,,,,3448,,,,,3,0,3
Album,Shadows of What We Pretend,,2027,Southern Gothic Rock,True,3449,,,,2027.0,7,3,10
Person,Julianna Mytnik,,,,,3450,,Runaway Orchestra,,,1,0,1
Album,"Empty Promises, Hollow Feelings",,2023,Psychedelic Rock,True,3451,,,,2023.0,2,16,18
Person,Xiulan Yang,,,,,3452,, $HADE,,,1,0,1
Person,Ming Fang,,,,,3453,,,,,1,0,1
Song,The Lie We Call Romance,True,2006,Avant-Garde Folk,True,3454,2006,,,2006.0,2,6,8
Person,Maria Carlson,,,,,3455,,,,,4,0,4
Person,Robin Russell,,,,,3456,,,,,2,0,2
Song,Magnetic Desire,True,2023,Indie Folk,True,3457,,,,2023.0,4,10,14
Person,Erica Hill,,,,,3458,,,,,1,0,1
Person,Holly Valenzuela,,,,,3459,,,,,2,0,2
Person,Xia Zhu,,,,,3460,,,,,3,0,3
Person,Yong Tao,,,,,3461,,,,,4,0,4
Person,Fang Zhu,,,,,3462,,,,,1,0,1
Person,Juan Yan,,,,,3463,,,,,1,0,1
Song,Haunting Your Heart,True,2006,Doom Metal,True,3464,,,,2006.0,2,4,6
Person,Evelína Kučerová,,,,,3465,,,,,2,0,2
Person,Leslie Flynn,,,,,3466,,,,,1,0,1
Album,Breathless Longing,,2016,Doom Metal,True,3467,,,2016,2016.0,2,15,17
Person,Qiang Feng,,,,,3468,,,,,2,0,2
Person,Juan Qiu,,,,,3469,,,,,1,0,1
Person,Yang Fan,,,,,3470,,,,,1,0,1
Person,Li Jiang,,,,,3471,,,,,1,0,1
Person,Lei Dai,,,,,3472,,,,,1,0,1
Person,Ming Qian,,,,,3473,,,,,1,0,1
Person,Fang Lin,,,,,3474,,,,,2,0,2
Person,Juan Duan,,,,,3475,,,,,2,0,2
Person,Yong Qin,,,,,3476,,,,,1,0,1
Person,Qiang Mo,,,,,3477,,,,,1,0,1
Person,Tao Bai,,,,,3478,,,,,2,0,2
Song,Silhouette of Want,False,2019,Space Rock,True,3479,2019,,2019,2019.0,2,9,11
Person,Cécile Meyer,,,,,3480,,,,,1,0,1
Person,Laura Mann,,,,,3481,,,,,2,0,2
Person,Caroline Navarro,,,,,3482,,,,,1,0,1
Person,Frédérique Traore,,,,,3483,,,,,1,0,1
Person,Adrienne Bouchet,,,,,3484,,,,,2,0,2
Song,Through Every Storm We Rise,True,2024,Dream Pop,True,3485,,,,2024.0,3,7,10
Person,Jing Zhu,,,,,3486,,,,,2,0,2
Person,Jing Xiong,,,,,3487,,,,,1,0,1
Person,Yan Lin,,,,,3488,,,,,1,0,1
Person,Wei Xiao,,,,,3489,,,,,1,0,1
Person,Tao Ren,,,,,3490,,,,,2,0,2
Album,Unbroken Horizons,,2030,Indie Folk,True,3491,,,,2030.0,2,7,9
Person,Na Gao,,,,,3492,,The Hollow Manuscript,,,1,0,1
Person,Qiang Chen,,,,,3493,,,,,1,0,1
Person,Ming Long,,,,,3494,,,,,1,0,1
Person,Gang Qin,,,,,3495,,,,,1,0,1
Person,Xiulan Deng,,,,,3496,,,,,2,0,2
Album,Resilience of the Spirit,,2000,Synthwave,False,3497,2000,,,2000.0,3,7,10
Person,Lina Mendizábal Robledo,,,,,3498,,,,,3,0,3
Person,John Rogers,,,,,3499,,,,,1,0,1
RecordLabel,Grünwald Groove,,,,,3500,,,,,0,1,1
Song,Beyond Our Limitations,True,2007,Oceanus Folk,True,3501,,,,2007.0,3,31,34
Person,Ignazio Pastine,,,,,3502,,Valkyris,,,4,0,4
Person,Constance Guibert,,,,,3503,,,,,5,0,5
Person,Zacharie Martins,,,,,3504,,,,,14,0,14
RecordLabel,Orbital Pulse,,,,,3505,,,,,0,7,7
Song,Flamenco Nights,True,2011,Indie Pop,True,3506,,,,2011.0,3,2,5
Person,Alex Steele,,,,,3507,,,,,2,0,2
Album,Dancing in the Streets of Seville,,1994,Synthwave,True,3508,1994,,,1994.0,2,12,14
Person,Michael Warner,,,,,3509,,,,,2,0,2
Person,Robert Long,,,,,3510,,,,,1,0,1
Person,David Miles,,,,,3511,,,,,4,0,4
Song,Andalusian Rhythm,True,2013,Indie Pop,True,3512,,,,2013.0,5,13,18
Song,Passion of the Dancers,False,2024,Alternative Rock,True,3513,2021,,,2024.0,3,7,10
Person,Kaitlin Davis,,,,,3514,,,,,2,0,2
Person,Jie Zheng,,,,,3515,,,,,1,0,1
Person,Yan Shi,,,,,3516,,,,,1,0,1
Person,Qiang Shi,,,,,3517,,,,,1,0,1
Person,Min Liao,,,,,3518,,,,,1,0,1
Song,Wings of Castilla,True,2018,Doom Metal,True,3519,,,,2018.0,3,6,9
Song,Aerial Conquistadors,True,2026,Oceanus Folk,True,3520,,,,2026.0,3,13,16
Person,Min Jin,,,,,3521,,,,,1,0,1
Song,Skyborne Valor,True,2020,Dream Pop,True,3522,,,,2020.0,1,5,6
Person,Lei Guo,,,,,3523,,,,,2,0,2
Person,Marissa Holt,,,,,3524,,,,,1,0,1
Person,Xiulan Liang,,,,,3525,,,,,1,0,1
Song,Sierra Winds and Jet Streams,True,2013,Indie Folk,True,3526,2013,,,2013.0,1,5,6
Person,Min Jiang,,,,,3527,,,,,1,0,1
Person,Theresa Mason,,,,,3528,,,,,2,0,2
Person,Gang Tan,,,,,3529,,,,,2,0,2
RecordLabel,Rive-Cascade Recordings,,,,,3530,,,,,0,2,2
Song,Fence Line Whispers,True,2017,Doom Metal,True,3531,,,,2017.0,2,7,9
Person,Alexandria Spencer,,,,,3532,,,,,1,0,1
Person,William Stone,,,,,3533,,,,,1,0,1
Person,Jody Lopez,,,,,3534,,,,,1,0,1
Person,Reginald Wallace,,,,,3535,,,,,2,0,2
Song,The Third House Down,False,2023,Doom Metal,True,3536,,,,2023.0,4,8,12
Person,Sophia Zaguri,,,,,3537,,,,,1,0,1
Person,Fabienne Klemm-Kade,,,,,3538,,,,,1,0,1
RecordLabel,Germain Grooves,,,,,3539,,,,,0,14,14
Album,Borrowed Silence,,2017,Indie Pop,True,3540,,,2017,2017.0,2,7,9
Person,Brandi Rodriguez,,,,,3541,,,,,6,0,6
Song,Privacy's Edge,True,2023,Indie Folk,True,3542,,,,2023.0,3,6,9
Person,Chao Song,,,,,3543,,,,,3,0,3
Person,Ming Zhao,,,,,3544,,,,,5,0,5
Person,Jonathan Diaz,,,,,3545,,,,,5,0,5
Song,Solitary Echoes,True,2020,Dream Pop,True,3546,,,,2020.0,2,7,9
Person,Lisa Brooks,,,,,3547,,,,,1,0,1
Person,Kim Preston,,,,,3548,,,,,1,0,1
Person,Brandon Barton,,,,,3549,,,,,2,0,2
Person,Michael Aguilar,,,,,3550,,,,,2,0,2
RecordLabel,Soundscape Studios,,,,,3551,,,,,0,1,1
RecordLabel,Sâles Collective,,,,,3552,,,,,0,1,1
Song,Whispers of Melancholy,True,2013,Doom Metal,True,3553,,,,2013.0,3,5,8
Person,Renée Bègue-Giraud,,,,,3554,,,,,1,0,1
Person,Nicole Godard,,,,,3555,,,,,3,0,3
Person,Luc Hoarau,,,,,3556,,,,,1,0,1
Person,Philippine Laurent,,,,,3557,,,,,3,0,3
RecordLabel,Juarez Jams,,,,,3558,,,,,0,2,2
Song,Emotional Landscapes,True,2027,Jazz Surf Rock,True,3559,2027,,2027,2027.0,4,3,7
Person,Hans-Joachim Seip,,,,,3560,,,,,2,0,2
Person,Max Brown,,,,,3561,,,,,1,0,1
Song,Fragments of Introspection,False,2010,Dream Pop,True,3562,2010,,,2010.0,2,5,7
Person,Robert Lynn,,,,,3563,, RVGE,,,3,0,3
Person,Jillian Crane,,,,,3564,,,,,1,0,1
Person,Kevin Wells,,,,,3565,,,,,1,0,1
RecordLabel,Adirondack Echo,,,,,3566,,,,,0,3,3
Song,Unheard Whispers of the Heart,True,1994,Synthpop,True,3567,,,,1994.0,2,4,6
Song,Silent Echoes of Emotion,False,2007,Doom Metal,True,3568,2000,,,2007.0,1,9,10
Person,Leah Robinson,,,,,3569,,,,,2,0,2
Person,Carrie Lang,,,,,3570,,,,,2,0,2
Person,Sean Aguirre,,,,,3571,,,,,1,0,1
Person,Matthew Caldwell,,,,,3572,,,,,2,0,2
Person,Katherine Watts,,,,,3573,,,,,1,0,1
Song,The Language of Unspoken Words,True,2024,Indie Folk,True,3574,,,,2024.0,2,7,9
Person,Juan Li,,,,,3575,,,,,3,0,3
Person,Brandon Ramirez,,,,,3576,,,,,4,0,4
Person,Gang Lu,,,,,3577,,,,,1,0,1
Person,Yan Shi,,,,,3578,,,,,1,0,1
RecordLabel,Soultrack,,,,,3579,,,,,0,1,1
Song,Shadows of Unexpressed Feelings,True,2027,Dream Pop,True,3580,,,,2027.0,6,3,9
Person,Jun Gu,,,,,3581,,,,,2,0,2
Person,Jie Zheng,,,,,3582,,,,,1,0,1
Song,Mother's Prodigal,True,2020,Dream Pop,True,3583,,,,2020.0,2,5,7
Person,Qiang Cheng,,,,,3584,,,,,1,0,1
Person,Chao Fan,,,,,3585,,,,,2,0,2
Person,Michael Jackson,,,,,3586,,,,,2,0,2
Song,The Unnamed Heir,False,2027,Doom Metal,True,3587,,,,2027.0,3,5,8
Person,Antonietta Zaccagnini,,,,,3588,,,,,4,0,4
Person,Laetitia Bertrand-Becker,,,,,3589,,,,,7,0,7
Person,Lindsay Ponce,,,,,3590,,,,,1,0,1
Person,Jermaine Gibbs,,,,,3591,,,,,1,0,1
RecordLabel,Voix de l'Horizon,,,,,3592,,,,,0,5,5
Album,Shadows of Inheritance,,2020,Symphonic Metal,True,3593,2020,,,2020.0,3,5,8
Person,Kreszentia Staude,,,,,3594,,,,,1,0,1
Person,Rouven Ernst,,,,,3595,,,,,2,0,2
Song,Legacy in WaitingCoins Over Vows,False,2015,Avant-Garde Folk,True,3596,2015,,,2015.0,6,12,18
Person,Kaylee Freeman,,,,,3597,,,,,3,0,3
Person,Danielle Luna,,,,,3598,,,,,2,0,2
Person,Alicia Robertson,,,,,3599,,,,,2,0,2
Person,Lisa Smith,,,,,3600,,,,,3,0,3
RecordLabel,Tinsmith Tunes,,,,,3601,,,,,0,3,3
RecordLabel,Asylum Soundworks,,,,,3602,,,,,0,1,1
Song,"Bride's Price, Not Her Heart",True,2013,Indie Rock,True,3603,,,,2013.0,3,3,6
Person,Susan Romero,,,,,3604,,,,,2,0,2
Person,Lei Cao,,,,,3605,,,,,4,0,4
Song,"Dowry's Siren, Marriage's Chains",True,2023,Dream Pop,True,3606,2023,,,2023.0,3,4,7
Person,Giampiero Lombroso,,,,,3607,,,,,1,0,1
Person,Isa Balotelli,,,,,3608,,,,,3,0,3
Song,Contracts Before Commitment,False,2026,Dream Pop,True,3609,,,2029,2026.0,1,8,9
Person,Yan Cui,,,,,3610,,,,,1,0,1
Person,Na Zou,,,,,3611,,,,,1,0,1
Person,Min Yuan,,,,,3612,,,,,1,0,1
Person,Xiulan Yan,,,,,3613,,,,,6,0,6
Person,Yang He,,,,,3614,,,,,1,0,1
Person,Jun Deng,,,,,3615,,,,,1,0,1
Song,Fever's Whisper,False,2017,Indie Folk,True,3616,,,,2017.0,3,12,15
Person,Michael Carroll,,,,,3617,,,,,1,0,1
Person,Steve Yu,,,,,3618,,,,,1,0,1
Person,Thomas Beard,,,,,3619,,,,,2,0,2
Person,Tonya Gallegos,,,,,3620,,,,,1,0,1
Person,Brianna Wilson,,,,,3621,,,,,2,0,2
Person,Misty Reed,,,,,3622,,,,,1,0,1
Person,Cheryl Waters,,,,,3623,,,,,2,0,2
Person,Robert Adams,,,,,3624,,,,,1,0,1
RecordLabel,Sonic Strike Records,,,,,3625,,,,,0,3,3
Song,Quarantine of Souls,False,2021,Emo/Pop Punk,True,3626,2021,,,2021.0,8,4,12
Song,Masked Shadows,True,2014,Southern Gothic Rock,False,3627,,,,2014.0,4,4,8
Person,Xiulan Zhou,,,,,3628,,,,,2,0,2
Person,Xiuying Ding,,,,,3629,,,,,5,0,5
Song,Broken Breath,True,2017,Indie Rock,True,3630,,,2017,2017.0,3,5,8
Person,Jasmine Atkins,,,,,3631,,,,,4,0,4
Person,David Miller,,,,,3632,,,,,3,0,3
Album,Hands Off My Privacy,,2012,Doom Metal,True,3633,,,,2012.0,4,8,12
Song,Boundary Lines,True,2020,Dream Pop,True,3634,,,,2020.0,3,3,6
Person,Natasha Wood,,,,,3635,,,,,1,0,1
Song,Consent Is King,True,2023,Dream Pop,True,3636,,,,2023.0,2,9,11
Person,Tao Feng,,,,,3637,,,,,1,0,1
Person,Na Mo,,,,,3638,,,,,2,0,2
Person,Wei Yin,,,,,3639,,,,,3,0,3
Person,Alexander Whitney,,,,,3640,,,,,1,0,1
Person,Fang Liu,,,,,3641,,,,,1,0,1
Person,Wei Xiong,,,,,3642,,,,,1,0,1
RecordLabel,Republic Rhythm,,,,,3643,,,,,0,6,6
Song,Back Up Off Me,True,2019,Lo-Fi Electronica,True,3644,,,,2019.0,6,5,11
Person,Li Zeng,,,,,3645,,,,,2,0,2
Album,Magical Godparents' Lullaby,,2020,Indie Folk,True,3646,,,,2020.0,3,5,8
Person,Na Li,,,,,3647,,,,,2,0,2
Person,Joseph Thomas,,,,,3648,,,,,2,0,2
Person,Cordula Ehlert,,,,,3649,,,,,2,0,2
Person,Sarah Johnson,,,,,3650,,,,,2,0,2
RecordLabel,Imperial Echo,,,,,3651,,,,,0,1,1
Song,Wishful Thinking Anthem,True,2025,Dream Pop,True,3652,,,,2025.0,4,7,11
Person,Lei Xiao,,,,,3653,,,,,1,0,1
Person,Na Lai,,,,,3654,,,,,1,0,1
Person,Jing Ren,,,,,3655,,,,,2,0,2
Person,Ryohei Ito,,,,,3656,,,,,1,0,1
Person,Ming Tian,,,,,3657,,,,,1,0,1
Person,Min Xiang,,,,,3658,,,,,1,0,1
Person,Guiying Wang,,,,,3659,,,,,1,0,1
Song,Cosmo and Wanda's Chaos,True,2022,Blues Rock,True,3660,,,,2022.0,3,3,6
Person,Melissa Wyatt,,,,,3661,,,,,3,0,3
Person,David Wilkerson,,,,,3662,,,,,14,0,14
Album,Dimmsdale Dreams,,2000,Americana,True,3663,,,,2000.0,3,7,10
Person,Daniel Nelson,,,,,3664,,,,,2,0,2
Person,Diana Taylor,,,,,3665,,,,,8,0,8
Person,Kayla Gomez,,,,,3666,,,,,5,0,5
RecordLabel,Dining Hall Discs,,,,,3667,,,,,0,3,3
Song,Whispers at the Threshold,False,2004,Doom Metal,True,3668,2004,,,2004.0,2,9,11
Person,Klaus-Werner Gerlach,,,,,3669,,,,,1,0,1
Person,Heinz-Günter Schmiedecke,,,,,3670,,,,,1,0,1
Person,Ming Qian,,,,,3671,,,,,1,0,1
Song,Borderlands of Grace,True,2004,Synthwave,True,3672,,,,2004.0,2,6,8
Person,Kenichi Kobayashi,,,,,3673,,,,,4,0,4
Person,Kumiko Miura,,,,,3674,,,,,7,0,7
RecordLabel,Lava Stratum,,,,,3675,,,,,0,5,5
Song,Celestial Margins,False,2027,Jazz Surf Rock,True,3676,,,,2027.0,4,6,10
Person,Yan Guo,,,,,3677,,,,,1,0,1
Person,Jun Shao,,,,,3678,,,,,3,0,3
Person,Gang Hao,,,,,3679,,,,,4,0,4
Person,Min Jin,,,,,3680,,,,,1,0,1
Person,Guiying Xia,,,,,3681,,,,,2,0,2
RecordLabel,Circolo Melodico,,,,,3682,,,,,0,6,6
Album,Liminal Light,,2029,Dream Pop,True,3683,2023,,,2029.0,2,3,5
Person,Xiuying Yao,,,,,3684,,Mirrored Silence,,,1,0,1
Person,Min Yu,,,,,3685,,,,,1,0,1
Person,Xia Chen,,,,,3686,,,,,6,0,6
RecordLabel,Prefecture Pulse,,,,,3687,,,,,0,5,5
Song,Distant Farewell,True,2026,Doom Metal,True,3688,,,,2026.0,4,14,18
Person,Jie Wei,,,,,3689,,,,,1,0,1
Person,Gang Sun,,,,,3690,,,,,6,0,6
Person,Gang Zheng,,,,,3691,,,,,6,0,6
Song,Midnight's Goodbye,True,2017,Synthwave,True,3692,,,2017,2017.0,2,7,9
Person,Ping Fu,,,,,3693,,,,,1,0,1
Person,Ming Cao,,,,,3694,,,,,1,0,1
Person,Na Zhang,,,,,3695,,,,,1,0,1
Person,Lei Sun,,,,,3696,,,,,5,0,5
Song,Whispers at Sunset,True,2022,Darkwave,True,3697,2016,,,2022.0,4,12,16
Person,Ming Zhao,,,,,3698,, FVDE,,,1,0,1
Person,Lei Duan,,,,,3699,,Static Hymn,,,2,0,2
Person,Yan Kong,,,,,3700,,,,,1,0,1
Person,Chao Jia,,,,,3701,,,,,1,0,1
Person,Jun Zhu,,,,,3702,,,,,1,0,1
Person,Wei Shi,,,,,3703,,,,,1,0,1
Person,Qiang Xu,,,,,3704,,,,,7,0,7
RecordLabel,New York Collective,,,,,3705,,,,,0,8,8
Song,Fading Silhouette,True,2007,Synthwave,True,3706,,,,2007.0,2,4,6
Person,Stacy Henderson,,,,,3707,,,,,4,0,4
Person,John Brewer,,,,,3708,,,,,1,0,1
RecordLabel,Kick,,,,,3709,,,,,0,2,2
RecordLabel,Wilojarston Waves,,,,,3710,,,,,0,2,2
Album,Wings of the Southern Cross,,2024,Oceanus Folk,True,3711,,,,2024.0,2,11,13
Person,Fang Duan,,,,,3712,,,,,4,0,4
Person,Yong Dai,,,,,3713,,,,,2,0,2
Person,Chao Xiao,,,,,3714,,,,,4,0,4
Person,Wei Lai,,,,,3715,,,,,1,0,1
Person,Qiang Xie,,,,,3716,,,,,6,0,6
Person,Albert Miller,,,,,3717,,,,,6,0,6
RecordLabel,Fukuoka Frequency,,,,,3718,,,,,0,4,4
Song,Skybound Pioneers,False,2026,Space Rock,True,3719,,,,2026.0,2,3,5
Person,Tao Tang,,,,,3720,,,,,1,0,1
Song,Altitude and Honor,True,2008,Southern Gothic Rock,True,3721,2008,,,2008.0,2,3,5
Person,Nicole Newman,,,,,3722,,,,,1,0,1
Person,Timothy Randolph,,,,,3723,,,,,1,0,1
Song,Propellers of Courage,True,2020,Synthwave,True,3724,2020,,,2020.0,1,3,4
Person,Donato Mocenigo,,,,,3725,,,,,3,0,3
RecordLabel,Towerline Audio,,,,,3726,,,,,0,6,6
Song,Primordial Heartbeat,True,2017,Dream Pop,True,3727,2017,,,2017.0,1,8,9
Person,Théodore de la Chauvet,,,,,3728,,,,,1,0,1
Person,Daniel Aubry,,,,,3729,,,,,2,0,2
Song,First Breath of Desire,True,2016,Oceanus Folk,True,3730,2016,,2019,2016.0,2,6,8
Person,Ming Wan,,,,,3731,,Echo Dominion,,,1,0,1
Person,Qiang He,,,,,3732,,,,,2,0,2
Person,Qiang Lai,,,,,3733,,,,,1,0,1
Song,Cosmic Embrace,True,2030,Synthwave,True,3734,,,,2030.0,5,5,10
Person,Qiang Zheng,,,,,3735,,,,,1,0,1
Person,Fang Han,,,,,3736,,,,,1,0,1
Person,Mary Boyd,,,,,3737,,,,,1,0,1
Person,Gang Duan,,,,,3738,,,,,1,0,1
Person,Wei Long,,,,,3739,,,,,1,0,1
Song,The Quantum of Affection,True,1985,Indie Pop,True,3740,,,,1985.0,2,6,8
Person,Andrew Dawson,,,,,3741,,,,,5,0,5
Person,David Wilcox,,,,,3742,,,,,14,0,14
Song,Denim Diary,False,1985,Southern Gothic Rock,True,3743,,,,1985.0,1,7,8
Person,Kimberly Weaver,,,,,3744,,,,,2,0,2
Person,Elizabeth Shepherd,,,,,3745,,,,,3,0,3
RecordLabel,Butterscotch Discs,,,,,3746,,,,,0,1,1
Song,Garden State Memories,True,1985,Southern Gothic Rock,False,3747,,,,1985.0,2,4,6
Song,Threadbare Thursdays,True,2023,Alternative Rock,True,3748,,,,2023.0,3,3,6
Person,Paul Contreras,,,,,3749,,,,,2,0,2
Song,Cotton and Nostalgia,False,2029,Space Rock,True,3750,,,,2029.0,5,7,12
Person,Imelda Zaguri,,,,,3751,,YUNG DUSK,,,4,0,4
Person,Nanni Telesio,,,,,3752,,,,,6,0,6
Person,Graziella Saffi,,,,,3753,,,,,9,0,9
Person,Annetta Passalacqua,,,,,3754,,,,,9,0,9
RecordLabel,Jeweler's Harmony,,,,,3755,,,,,0,14,14
Song,Come Closer,True,2028,Dream Pop,True,3756,2028,,,2028.0,2,5,7
Person,Klaus-Werner Gierschner,,,,,3757,,,,,2,0,2
Person,Mariusz Segebahn,,,,,3758,,,,,1,0,1
Album,Kingdom of Moments,,2000,Doom Metal,True,3759,2000,,,2000.0,2,11,13
Person,Min Long,,,,,3760,,,,,4,0,4
Person,Gang Shao,,,,,3761,,,,,5,0,5
Person,Xiulan Lin,,,,,3762,,,,,1,0,1
Person,Qiang Yuan,,,,,3763,,,,,2,0,2
Person,Wei Zhao,,,,,3764,,,,,6,0,6
Person,Wei Xiong,,,,,3765,,,,,4,0,4
Song,Kompass,True,1992,Dream Pop,True,3766,1992,,1992,1992.0,1,10,11
Person,Rocío Rovira,,,,,3767,,,,,1,0,1
Person,Plinio Ribas,,,,,3768,,,,,2,0,2
Person,Ulises Gomila Morell,,,,,3769,,,,,1,0,1
Person,Paca Ema Mosquera Cepeda,,,,,3770,,,,,1,0,1
Person,Baudelio Naranjo Ríos,,,,,3771,,,,,1,0,1
RecordLabel,Sunset Sonics,,,,,3772,,,,,0,4,4
Song,Kindred OdysseyFragile Lola,False,2030,Synthwave,True,3773,,,,2030.0,2,4,6
Person,Jun Yin,,,,,3774,,,,,4,0,4
Person,Yang Cui,,,,,3775,,,,,6,0,6
Song,Lola's Lament,True,2010,Space Rock,True,3776,,,,2010.0,1,2,3
Person,Douglas Lewis,,,,,3777,,,,,3,0,3
RecordLabel,Sonic Wingspan,,,,,3778,,,,,0,3,3
Song,"Broken Wings, Brave Heart",True,1987,Blues Rock,True,3779,1987,,,1987.0,2,7,9
Person,Krzysztof Linda,,,,,3780,,,,,2,0,2
Person,Janos Zimmer,,,,,3781,,,,,2,0,2
Song,Echoes of Solitude,True,2020,Oceanus Folk,True,3782,2013,,,2020.0,4,3,7
Person,Li Xiong,,,,,3783,,Spectral Canticle,,,1,0,1
Person,Yong Tan,,,,,3784,,,,,1,0,1
Person,Yan Tao,,,,,3785,,,,,1,0,1
RecordLabel,Adès Audio,,,,,3786,,,,,0,2,2
Album,Silk Road Serenade,,2029,Darkwave,False,3787,,,,2029.0,4,6,10
Person,Jie Cao,,,,,3788,,,,,1,0,1
Person,Xia Yuan,,,,,3789,,,,,1,0,1
Person,Chao Chang,,,,,3790,,,,,1,0,1
Person,Lei Hao,,,,,3791,,,,,2,0,2
Person,Yong Shao,,,,,3792,,,,,2,0,2
Song,Monsoon Memories,True,2005,Emo/Pop Punk,True,3793,2005,,,2005.0,6,4,10
Person,Jennifer Flores,,,,,3794,,,,,1,0,1
Song,Bamboo Whispers,True,2020,Synthwave,True,3795,,,,2020.0,4,6,10
Person,Tao Luo,,,,,3796,,,,,1,0,1
Song,Jade Horizon,True,2020,Dream Pop,True,3797,,,,2020.0,2,3,5
Person,Guiying Lai,,,,,3798,,,,,2,0,2
Person,Xiulan Zhu,,,,,3799,,,,,1,0,1
RecordLabel,Súria Recordings,,,,,3800,,,,,0,8,8
Album,Sovereign Dust,,2007,Southern Gothic Rock,True,3801,,,,2007.0,4,6,10
Person,Brett Terry,,,,,3802,,,,,2,0,2
Person,Regina Beck,,,,,3803,,,,,1,0,1
Person,Micheal Welch,,,,,3804,,,,,2,0,2
Person,Michael Mccullough,,,,,3805,,,,,1,0,1
Song,Echoes of Empire,True,2026,Space Rock,True,3806,2026,,,2026.0,3,6,9
Person,Jing Zhang,,,,,3807,,,,,3,0,3
Person,Tao Zheng,,,,,3808,,,,,1,0,1
Person,Yan Yan,,,,,3809,,,,,1,0,1
Person,Ping Meng,,,,,3810,,,,,1,0,1
Person,Xiuying Liu,,,,,3811,,,,,1,0,1
Person,Fang Meng,,,,,3812,,,,,3,0,3
Song,Fallen Crowns,True,2029,Darkwave,True,3813,,,,2029.0,3,6,9
Person,Qiang Feng,,,,,3814,, The Ghost,,,1,0,1
Person,Brittney Rivera,,,,,3815,,,,,1,0,1
Person,Daniel Kent,,,,,3816,,,,,2,0,2
Person,Tommy Murphy,,,,,3817,,,,,1,0,1
Person,Qiang Peng,,,,,3818,,,,,1,0,1
Song,Dominion's Twilight,False,1997,Synthwave,True,3819,,,1997,1997.0,2,3,5
Person,Melanie Jimenez,,,,,3820,,,,,13,0,13
Person,Steven Buchanan,,,,,3821,,,,,6,0,6
RecordLabel,Euphoria Soundworks,,,,,3822,,,,,0,7,7
Song,Arrows of Yearning,True,2000,Americana,True,3823,,,,2000.0,2,4,6
Person,Na Ma,,,,,3824,,,,,3,0,3
Person,Min Cui,,,,,3825,,,,,3,0,3
Song,Whispers on the Trajectory,True,2019,Lo-Fi Electronica,True,3826,2019,,2019,2019.0,4,3,7
Person,Yong Deng,,,,,3827,,,,,3,0,3
Album,Fragments of Flight,,2025,Oceanus Folk,True,3828,,,,2025.0,3,14,17
Person,Li Zou,,,,,3829,,,,,1,0,1
Person,Xiuying Du,,,,,3830,,,,,1,0,1
Person,Chao Tang,,,,,3831,,,,,2,0,2
Person,Gang Yin,,,,,3832,,,,,1,0,1
Person,Wei Chang,,,,,3833,,,,,3,0,3
Person,Gang Zhang,,,,,3834,,,,,1,0,1
Person,Tao Lei,,,,,3835,,,,,4,0,4
Person,Na Zou,,,,,3836,,,,,1,0,1
Song,Silent Projectiles,True,2027,Dream Pop,True,3837,,,,2027.0,4,8,12
Person,Xiuying Wan,,,,,3838,,,,,1,0,1
Person,Tao Gu,,,,,3839,,,,,2,0,2
Person,Qiang Feng,,,,,3840,,,,,1,0,1
Person,Li Jin,,,,,3841,,,,,5,0,5
Person,Na Shen,,,,,3842,,,,,1,0,1
Person,Fang Jia,,,,,3843,,,,,6,0,6
Song,Liquid Whispers,True,2000,Americana,True,3844,,,,2000.0,2,7,9
Person,Peter Hughes,,,,,3845,,,,,1,0,1
Person,Sylvia Watson,,,,,3846,,,,,4,0,4
Person,Joseph Luna,,,,,3847,,,,,5,0,5
Person,Katherine Flores,,,,,3848,,,,,1,0,1
Person,Wayne Malone,,,,,3849,,,,,4,0,4
Song,Wellspring of Memory,True,2024,Indie Rock,True,3850,,,,2024.0,3,9,12
Person,Mary Thompson,,,,,3851,,,,,2,0,2
Person,Marissa Evans,,,,,3852,,,,,1,0,1
Person,James Valentine,,,,,3853,,,,,2,0,2
Person,Marina Boucsein,,,,,3854,,,,,1,0,1
RecordLabel,Kyst,,,,,3855,,,,,0,1,1
Song,Cascading Origins,True,2024,Alternative Rock,True,3856,,,,2024.0,3,3,6
Person,Pihu Gulati,,,,,3857,,,,,5,0,5
RecordLabel,Bilhom Bloom,,,,,3858,,,,,0,1,1
Song,The Eternal Tributary,False,2023,Blues Rock,True,3859,2023,,,2023.0,6,3,9
Person,Folkert Schmidtke,,,,,3860,,Abyssal Cadence,,,2,0,2
Person,Matthäus Ladeck,,,,,3861,,,,,4,0,4
Album,Peak Rhythm,,1997,Alternative Rock,True,3862,,,,1997.0,2,5,7
Person,Sébastien Delaunay,,,,,3863,,,,,3,0,3
Person,Matthieu Le Roux,,,,,3864,,,,,3,0,3
Song,Alpine Groove,False,2013,Synthwave,True,3865,,,,2013.0,3,4,7
Person,Yan Liu,,,,,3866,,,,,4,0,4
Person,Jun Xue,,,,,3867,,,,,4,0,4
Person,Xiulan Lu,,,,,3868,,,,,4,0,4
Song,Summit Serenade,False,2010,Darkwave,True,3869,,,,2010.0,1,11,12
Person,Larry Rogers,,,,,3870,, $PIRIT,,,1,0,1
Person,Jennifer Duarte,,,,,3871,,,,,1,0,1
Person,James Price,,,,,3872,,,,,1,0,1
Person,Bailey Ewing,,,,,3873,,,,,2,0,2
Person,Billy Green,,,,,3874,,,,,1,0,1
RecordLabel,Sonic Whisper,,,,,3875,,,,,0,1,1
Album,Elevation Harmony,,2026,Space Rock,True,3876,,,,2026.0,4,3,7
Person,Wei Tan,,,,,3877,,Waytawn,,,1,0,1
Person,Li Wang,,,,,3878,,,,,2,0,2
Album,Palabras del Corazón,,2022,Darkwave,True,3879,2022,,,2022.0,3,13,16
Person,Gang Huang,,,,,3880,,,,,1,0,1
Song,Susurros de Pasión,True,2004,Synthwave,True,3881,,,2004,2004.0,3,11,14
Person,Juan Zhou,,,,,3882,,,,,1,0,1
Person,Yang Zhao,,,,,3883,,,,,2,0,2
RecordLabel,Sketch Sound,,,,,3884,,,,,0,9,9
Song,Cuando el Amor Habla,False,2018,Americana,True,3885,2018,,,2018.0,3,7,10
Person,Lindsey Diaz,,,,,3886,,Blake Austin,,,1,0,1
Person,Tao Yin,,,,,3887,,,,,2,0,2
Person,Xiuying Lu,,,,,3888,,,,,1,0,1
Person,Qiang Sun,,,,,3889,,,,,2,0,2
Person,Yan Dai,,,,,3890,,,,,1,0,1
Album,Melodía de Sentimientos,,2023,Desert Rock,True,3891,,,,2023.0,4,8,12
Person,Ming Liu,,,,,3892,,,,,2,0,2
Person,Tao Du,,,,,3893,,,,,4,0,4
Person,Yan Yan,,,,,3894,,,,,5,0,5
Person,Yoko Fujita,,,,,3895,,,,,7,0,7
Song,Laughter Through Tears,False,2010,Dream Pop,True,3896,2010,,,2010.0,3,1,4
Person,Arkadiusz Flisiak,,,,,3897,,,,,2,0,2
Song,Hysteria of the Heartbroken,True,2027,Desert Rock,True,3898,,,,2027.0,2,7,9
Person,Tao Cai,,,,,3899,,,,,2,0,2
Person,Yong Fu,,,,,3900,,,,,2,0,2
Person,Juan Zhu,,,,,3901,,,,,1,0,1
Person,Juan Fu,,,,,3902,,,,,1,0,1
RecordLabel,EMI Legacy,,,,,3903,,,,,0,1,1
Album,Smile in the Storm,,2023,Doom Metal,True,3904,2023,,,2023.0,2,3,5
Person,Kenneth Ruiz,,,,,3905,,,,,2,0,2
Person,Alejandro Brown,,,,,3906,,,,,1,0,1
RecordLabel,Valencian Echo,,,,,3907,,,,,0,1,1
Song,Bitter Giggles,True,2023,Synthwave,True,3908,,,2023,2023.0,3,3,6
Song,Everything's Alright,True,2020,Oceanus Folk,True,3909,,,,2020.0,3,5,8
Person,Yui Kondo,,,,,3910,,,,,2,0,2
Person,Kaori Kobayashi,,,,,3911,,,,,1,0,1
RecordLabel,Vaerado,,,,,3912,,,,,0,1,1
Song,Perfectly Okay,True,2026,Synthwave,True,3913,,,,2026.0,2,4,6
Person,Gang Zhou,,,,,3914,, The Element,,,1,0,1
Person,Xiuying Deng,,,,,3915,,,,,3,0,3
Person,Jing Zhu,,,,,3916,,,,,1,0,1
Song,"Just Fine, Thank You",True,2026,Synthwave,True,3917,,,,2026.0,4,7,11
Person,Jacqueline Bowen,,,,,3918,, Vapor Saint,,,2,0,2
Person,Jason Miller,,,,,3919,,,,,1,0,1
Person,William Diaz,,,,,3920,,,,,1,0,1
Person,Brooke Robinson,,,,,3921,,,,,1,0,1
Person,Stephen Vazquez,,,,,3922,,,,,2,0,2
Song,Acceptance Blues,True,2013,Indie Folk,True,3923,2013,,,2013.0,4,12,16
Person,Xia Tian,,,,,3924,,,,,1,0,1
Person,Ping Hou,,,,,3925,,,,,1,0,1
Person,Yong Gu,,,,,3926,,,,,2,0,2
Person,Xia Hao,,,,,3927,,,,,1,0,1
Person,Jun Mo,,,,,3928,,,,,1,0,1
Person,Xia Song,,,,,3929,,,,,2,0,2
Person,Guiying Peng,,,,,3930,,,,,1,0,1
Song,Wrinkles and Wisdom,True,2023,Indie Folk,True,3931,2023,,,2023.0,5,6,11
Song,Fading Photographs,False,2020,Dream Pop,True,3932,,,,2020.0,2,9,11
Person,Ming Yang,,,,,3933,,,,,1,0,1
Person,Li Tian,,,,,3934,,,,,1,0,1
Person,Ping Wu,,,,,3935,,,,,2,0,2
Person,Tao Li,,,,,3936,,,,,2,0,2
Person,Lei Zheng,,,,,3937,,,,,3,0,3
Person,Min Chen,,,,,3938,,,,,4,0,4
Song,The Slow Fade,True,2013,Space Rock,True,3939,,,,2013.0,3,12,15
Person,Chris Meyer,,,,,3940,,Halogen Rapture,,,1,0,1
Person,Adam Hanna,,,,,3941,,,,,1,0,1
Person,Molly Williams,,,,,3942,,,,,1,0,1
Person,Min Qiu,,,,,3943,,,,,1,0,1
Person,Sabrina Mcmahon,,,,,3944,,,,,1,0,1
Person,Yong Mao,,,,,3945,,,,,1,0,1
Person,Marie Flores,,,,,3946,,,,,1,0,1
Person,Aaron Conway,,,,,3947,,,,,1,0,1
Person,Melanie Fisher,,,,,3948,,,,,2,0,2
RecordLabel,Resonance,,,,,3949,,,,,0,1,1
RecordLabel,Medical Rhythm,,,,,3950,,,,,0,12,12
Song,Chapters Beyond Youth,True,2026,Americana,True,3951,2023,,,2026.0,2,4,6
Person,Lei Lai,,,,,3952,,,,,1,0,1
Person,Ping Dong,,,,,3953,,,,,1,0,1
Person,Qiang Xia,,,,,3954,,,,,1,0,1
Person,Monica Blevins,,,,,3955,,,,,1,0,1
Song,Eternal Light Descends,True,2023,Oceanus Folk,True,3956,,,,2023.0,3,11,14
Person,Juan Qiao,,,,,3957,,,,,1,0,1
Person,Na Ma,,,,,3958,,,,,3,0,3
Person,Jun Jin,,,,,3959,,,,,1,0,1
Person,Qiang Song,,,,,3960,,,,,2,0,2
Person,Xiulan Ren,,,,,3961,,,,,1,0,1
Song,Celestial Nativity,True,1997,Speed Metal,True,3962,1997,,,1997.0,3,7,10
Person,Christina Mendoza,,,,,3963,, King XIII,,,2,0,2
Person,Brittany Mcguire,,,,,3964,,,,,4,0,4
RecordLabel,Digital Airwave Productions,,,,,3965,,,,,0,2,2
Song,Divine Awakening,True,2018,Synthwave,True,3966,2018,,,2018.0,3,14,17
Person,Jessica Stafford,,,,,3967,, R.O. Santos,,,4,0,4
Person,Lisa Jones,,,,,3968,,,,,4,0,4
Person,Daniel Roberts,,,,,3969,,,,,2,0,2
Person,Margaret Sanchez,,,,,3970,,,,,2,0,2
RecordLabel,Tropical Echo Studios,,,,,3971,,,,,0,3,3
Song,Infinite Incarnation,True,2024,Oceanus Folk,True,3972,,,2037,2024.0,3,6,9
Person,Fang Luo,,,,,3973,,,,,1,0,1
Person,Guiying Yang,,,,,3974,,,,,1,0,1
Person,Chao Lu,,,,,3975,,,,,2,0,2
Person,Lei Tang,,,,,3976,,,,,1,0,1
Person,Ping Chang,,,,,3977,,,,,1,0,1
Album,Cockpit Catastrophe,,1991,Doom Metal,True,3978,,,,1991.0,2,8,10
Person,Matilda Zarlino,,,,,3979,,,,,2,0,2
Person,Dina Borroni,,,,,3980,,,,,3,0,3
Person,Travis Tucker,,,,,3981,,,,,1,0,1
Person,Pierangelo Papafava,,,,,3982,,,,,2,0,2
Person,Joseph Figueroa,,,,,3983,,,,,2,0,2
RecordLabel,Aural Arc,,,,,3984,,,,,0,3,3
RecordLabel,Riverside Rhythm Records,,,,,3985,,,,,0,6,6
Song,Altitude of Mistakes,True,2015,Americana,True,3986,,,2015,2015.0,2,9,11
Person,Xiulan Fang,,,,,3987,,,,,2,0,2
Person,Qiang Liu,,,,,3988,,,,,3,0,3
Person,Jun Qiao,,,,,3989,,,,,2,0,2
Person,Ming Huang,,,,,3990,,,,,5,0,5
Song,Instrument Failure,True,2021,Synthwave,False,3991,2014,,,2021.0,3,13,16
Person,Yang Wu,,,,,3992,,,,,1,0,1
Song,Descent into Uncertainty,False,2025,Dream Pop,True,3993,,,,2025.0,2,9,11
Person,Wei Su,,,,,3994,, Alex Stone,,,1,0,1
Person,Wei Yang,,,,,3995,,,,,1,0,1
Person,Yang Pan,,,,,3996,,,,,2,0,2
Person,Guiying Kong,,,,,3997,,,,,1,0,1
Person,Mark Nichols,,,,,3998,,,,,2,0,2
Person,Naoko Miura,,,,,3999,,,,,1,0,1
Person,Gang Shi,,,,,4000,,,,,1,0,1
RecordLabel,Flowing River Sound,,,,,4001,,,,,0,1,1
RecordLabel,Adra Echo,,,,,4002,,,,,0,2,2
Song,Echoes of Naomi,True,2020,Synthwave,True,4003,,,,2020.0,2,4,6
Person,Xiulan Lu,,,,,4004,,,,,1,0,1
Person,Min Tao,,,,,4005,,,,,1,0,1
Song,Whispers in the Olive Grove,True,2007,Indie Rock,False,4006,,,,2007.0,2,17,19
Person,John Ramirez,,,,,4007,,,,,5,0,5
Song,Daughter of Paths,False,1997,Dream Pop,True,4008,1997,,1997,1997.0,2,7,9
Person,Christopher Thomas,,,,,4009,,,,,4,0,4
Person,Laure du Hebert,,,,,4010,,,,,5,0,5
Person,Nathalie Legrand,,,,,4011,,,,,4,0,4
RecordLabel,SovereignSounds,,,,,4012,,,,,0,2,2
RecordLabel,Resonant Gate,,,,,4013,,,,,0,2,2
Song,Jerusalem's Gentle Promise,True,2024,Psychedelic Rock,True,4014,,,2024,2024.0,5,9,14
Person,Vitali Rogner,,,,,4015,,Echoa,,,3,0,3
Person,Serafina Vives-Somoza,,,,,4016,,,,,1,0,1
Person,Gunhild Oderwald,,,,,4017,,,,,1,0,1
Person,Paolo Gotthard,,,,,4018,,,,,1,0,1
Person,Valerij Bonbach,,,,,4019,,,,,1,0,1
Person,Liesel Aumann,,,,,4020,,,,,1,0,1
Person,Eva-Maria Killer,,,,,4021,,,,,2,0,2
RecordLabel,Coastal Echoes,,,,,4022,,,,,0,4,4
Song,Echoes of Bananal's Green,True,2026,Oceanus Folk,True,4023,,,,2026.0,3,5,8
Person,Margherita Giammusso,,,,,4024,,,,,1,0,1
Person,Ida Vigliotti,,,,,4025,,,,,2,0,2
Person,Amedeo Mimun,,,,,4026,,,,,1,0,1
Person,Pina Garrone,,,,,4027,,,,,1,0,1
RecordLabel,Ap Iago Music,,,,,4028,,,,,0,2,2
Song,Rivers and Roots of Rio,True,2027,Synthwave,True,4029,,,,2027.0,3,8,11
Person,Li He,,,,,4030,,,,,2,0,2
Person,Ping Fu,,,,,4031,,,,,1,0,1
Person,Guiying Gao,,,,,4032,,,,,2,0,2
Person,Xiuying Jin,,,,,4033,,,,,2,0,2
Song,Heartbeat of a Small Town,True,2030,Desert Rock,True,4034,,,,2030.0,4,5,9
Person,Fang Ren,,,,,4035,, Aria Snow,,,3,0,3
Person,Jun Hu,,,,,4036,,,,,1,0,1
Person,Juan Peng,,,,,4037,,,,,2,0,2
Song,Bananal's Gentle Whispers,True,2020,Psychedelic Rock,True,4038,2020,,,2020.0,6,16,22
Person,Min Xue,,,,,4039,,,,,1,0,1
Person,Xiulan Qin,,,,,4040,,,,,1,0,1
Person,Wei He,,,,,4041,,,,,1,0,1
Person,Xiuying Qiu,,,,,4042,,,,,2,0,2
Person,Kelly Castro,,,,,4043,,,,,2,0,2
Person,Erika Ruiz,,,,,4044,,,,,1,0,1
Person,Yan Tang,,,,,4045,,,,,2,0,2
Album,Sweet Katharina's Lament,,2018,Jazz Surf Rock,True,4046,,,2018,2018.0,10,37,47
Person,Qiang Shen,,,,,4047,,,,,1,0,1
Person,Fang Yan,,,,,4048,,,,,1,0,1
Person,Dora Säuberlich,,,,,4049,,,,,1,0,1
Person,Na Ren,,,,,4050,,,,,1,0,1
Album,Whispers of Katharina,,2029,Dream Pop,True,4051,2029,,,2029.0,3,4,7
Person,Xiulan Wan,,,,,4052,,,,,1,0,1
Person,Wei Luo,,,,,4053,,,,,1,0,1
Person,Chao Dai,,,,,4054,,,,,2,0,2
Song,Katharina's Midnight Dance,False,2025,Synthwave,True,4055,,,,2025.0,2,6,8
Person,Lei Pan,,,,,4056,,,,,1,0,1
Person,Qiang Zou,,,,,4057,,,,,3,0,3
Person,Xiuying Qiu,,,,,4058,,,,,3,0,3
Song,Echoes from Katharina's Heart,True,2013,Doom Metal,True,4059,2013,,,2013.0,2,11,13
Person,Leonard Dudley,,,,,4060,,YNT BOSS (Young & Timeless),,,1,0,1
Person,Patricia Johnson,,,,,4061,,,,,1,0,1
Person,Lisa Page,,,,,4062,,,,,1,0,1
Person,Brittany Kelly,,,,,4063,,,,,2,0,2
Person,Christopher Roberts,,,,,4064,,,,,3,0,3
Person,Gary Torres,,,,,4065,,,,,1,0,1
Person,Gregory Porter,,,,,4066,,,,,1,0,1
RecordLabel,Vintage Vault Records,,,,,4067,,,,,0,2,2
RecordLabel,Shrine Sound,,,,,4068,,,,,0,6,6
Song,Juliet's Fever,False,1993,Indie Pop,True,4069,,,,1993.0,2,4,6
Person,Michel Pichon,,,,,4070,,,,,1,0,1
Album,Forbidden Spark,,2017,Doom Metal,True,4071,,,,2017.0,3,10,13
Person,Juan Xue,,,,,4072,,,,,2,0,2
Person,Patricia Hardy,,,,,4073,,,,,7,0,7
Person,Jing Liang,,,,,4074,,,,,3,0,3
Person,Xia Du,,,,,4075,,,,,6,0,6
Person,Leslie Mathis,,,,,4076,,,,,5,0,5
Song,Starlit Passion,True,2023,Jazz Surf Rock,True,4077,,,,2023.0,5,8,13
Person,Meagan Hendrix,,,,,4078,,,,,1,0,1
Person,Chao Wan,,,,,4079,,,,,2,0,2
Person,Yan Lu,,,,,4080,,,,,1,0,1
Person,Yan Xiao,,,,,4081,,,,,1,0,1
Person,Ming Hu,,,,,4082,,,,,1,0,1
Person,Min Yi,,,,,4083,,,,,2,0,2
RecordLabel,Drone Zone,,,,,4084,,,,,0,1,1
Song,Balcony Heartbreak,True,2023,Indie Folk,True,4085,,,,2023.0,5,5,10
Person,Brenda Boyd,,,,,4086,,,,,1,0,1
Person,Theresa Johnson,,,,,4087,,,,,1,0,1
Person,Michael Johnson,,,,,4088,,,,,1,0,1
Person,Colton Williams,,,,,4089,,,,,2,0,2
Song,When My Thoughts Drift to Divine Mercy,True,2023,Indie Folk,True,4090,,,,2023.0,4,4,8
Person,Joan Brown,,,,,4091,,,,,1,0,1
Person,Brian Hughes,,,,,4092,,,,,6,0,6
Person,Jerry Johnson,,,,,4093,,,,,2,0,2
RecordLabel,Chromatic Horizon,,,,,4094,,,,,0,11,11
Song,Contemplations of Grace Unbound,True,2010,Indie Rock,True,4095,,,,2010.0,3,6,9
Person,Tao Wen,,,,,4096,,,,,4,0,4
Person,Courtney Carroll,,,,,4097,,,,,2,0,2
Person,Guiying Liao,,,,,4098,,,,,9,0,9
RecordLabel,Alsace Acoustics,,,,,4099,,,,,0,3,3
Song,Reflections on Heavenly Compassion,True,2024,Psychedelic Rock,True,4100,,,,2024.0,2,6,8
Person,Sahil Basak,,,,,4101,,,,,1,0,1
Person,Anika Behl,,,,,4102,,,,,1,0,1
Person,Nakul Agarwal,,,,,4103,,,,,2,0,2
RecordLabel,Orion Coastal,,,,,4104,,,,,0,1,1
Song,Whispers of Sacred Introspection,True,2007,Dream Pop,True,4105,,,,2007.0,5,5,10
Person,Élise Moreno,,,,,4106,,,,,2,0,2
Song,Bottled Up,True,2028,Indie Folk,True,4107,2028,,,2028.0,3,5,8
Person,Tyler Watson,,,,,4108,,,,,3,0,3
Person,Jason Green,,,,,4109,,,,,3,0,3
Person,Christina Dalton,,,,,4110,,,,,1,0,1
RecordLabel,Obama Groove,,,,,4111,,,,,0,1,1
Album,One More Word,,2029,Symphonic Metal,True,4112,2026,,,2029.0,7,5,12
Person,Ping Song,,,,,4113,,,,,2,0,2
Person,Juan Xia,,,,,4114,,,,,1,0,1
Person,George Gutierrez,,,,,4115,,,,,1,0,1
Person,Tao Tao,,,,,4116,,,,,1,0,1
Song,Walking Away,True,1997,Synthwave,True,4117,,,,1997.0,2,10,12
Person,Timothy Elliott,,,,,4118,,,,,2,0,2
Person,Jun Luo,,,,,4119,,,,,1,0,1
Song,Pressure Point,False,2021,Indie Rock,True,4120,,,,2021.0,2,3,5
Person,Guiying Bai,,,,,4121,,,,,3,0,3
RecordLabel,Laye Listening,,,,,4122,,,,,0,4,4
Song,Whispers of the Virtuoso's Bow,True,2022,Indie Folk,True,4123,,,,2022.0,1,8,9
Person,Yang Zhao,,,,,4124,,,,,2,0,2
Person,Tao Zhang,,,,,4125,,,,,6,0,6
Album,Echoes from Vienna's Symphonic Heart,,2020,Speed Metal,True,4126,2020,,,2020.0,4,12,16
Person,William Carter,,,,,4127,, Jade,,,1,0,1
Person,Michael Pratt,,,,,4128,,,,,1,0,1
Person,Lisa Shaw,,,,,4129,,,,,1,0,1
Person,Mark Barr,,,,,4130,,,,,1,0,1
Person,Kelsey Hernandez,,,,,4131,,,,,11,0,11
Person,Jonathan Avila,,,,,4132,,,,,1,0,1
Person,Lori Williams,,,,,4133,,,,,1,0,1
Person,Dwayne Wilson,,,,,4134,,,,,6,0,6
RecordLabel,Singleton Sound,,,,,4135,,,,,0,4,4
Album,Cadence of Immortal Strings,,2020,Darkwave,True,4136,,,,2020.0,3,7,10
Person,Gang Peng,,,,,4137,,,,,1,0,1
Person,Qiang Liu,,,,,4138,,,,,1,0,1
Person,Audrey Gray,,,,,4139,,,,,1,0,1
Song,Moonlight and Melodic Defiance,True,2026,Synthwave,True,4140,,,,2026.0,4,14,18
Person,Ping Zhong,,,,,4141,,,,,5,0,5
Person,Angelica Reid,,,,,4142,,,,,2,0,2
Person,Ping Du,,,,,4143,,,,,2,0,2
Person,Yang Liao,,,,,4144,,,,,4,0,4
Person,Yan Liang,,,,,4145,,,,,5,0,5
Person,Yong Zeng,,,,,4146,,,,,4,0,4
Person,Andrew Savage,,,,,4147,,,,,3,0,3
Song,Borrowed Dreams,False,2029,Indie Rock,True,4148,,,2029,2029.0,2,4,6
Person,Juan Johnson,,,,,4149,,,,,5,0,5
Person,Laurie Anderson,,,,,4150,,,,,2,0,2
Song,Zero Collateral,False,2027,Desert Rock,True,4151,,,,2027.0,3,6,9
Person,Jared Snow,,,,,4152,,,,,1,0,1
Person,Yang Qiao,,,,,4153,,,,,1,0,1
Person,Xiuying Long,,,,,4154,,,,,3,0,3
Song,Debt's Symphony,True,2022,Psychedelic Rock,True,4155,,,,2022.0,3,13,16
Person,Evelyn Banks,,,,,4156,,Mirrored Prophecy,,,2,0,2
Person,Sarah Banks,,,,,4157,,,,,1,0,1
Person,Amanda Byrd,,,,,4158,,,,,1,0,1
Person,Jennifer Hart,,,,,4159,,,,,1,0,1
Person,John Pitts,,,,,4160,,,,,3,0,3
Person,Frederick Hicks,,,,,4161,,,,,2,0,2
Person,Kari Warren,,,,,4162,,,,,1,0,1
Person,Gregory Patton,,,,,4163,,,,,1,0,1
Person,Shelby Contreras,,,,,4164,,,,,2,0,2
RecordLabel,Politburo Phonographs,,,,,4165,,,,,0,1,1
RecordLabel,Distillate,,,,,4166,,,,,0,3,3
Album,The Interest Rises,,2017,Southern Gothic Rock,True,4167,,,2017,2017.0,16,6,22
Person,Jeremi Kazberuk,,,,,4168,,,,,2,0,2
Song,Stranger's Silhouette,True,2013,Southern Gothic Rock,True,4169,,,,2013.0,3,5,8
Person,Na Zhu,,,,,4170,,,,,2,0,2
Person,Yong Yao,,,,,4171,,,,,7,0,7
Song,Echoes of Recognition,True,2017,Alternative Rock,True,4172,2017,,,2017.0,4,5,9
Person,Fang Chen,,,,,4173,,,,,2,0,2
Person,Ming Jia,,,,,4174,,,,,1,0,1
Person,Lei Zhu,,,,,4175,,,,,1,0,1
Person,Tao Yin,,,,,4176,,,,,3,0,3
RecordLabel,Sky Sounds,,,,,4177,,,,,0,2,2
Album,Unveiling Memories,,2019,Dream Pop,True,4178,2019,,,2019.0,2,6,8
Person,Eugene Turner,,,,,4179,,,,,2,0,2
Person,Jamie Rodgers,,,,,4180,,,,,1,0,1
Person,Xiulan Xue,,,,,4181,,,,,7,0,7
Person,Juan Ding,,,,,4182,,,,,1,0,1
Song,Familiar Fragments,True,2023,Doom Metal,True,4183,,,,2023.0,5,4,9
Person,Chao Yan,,,,,4184,,,,,1,0,1
Person,Na Ren,,,,,4185,,,,,9,0,9
Song,Depths of Stone,True,2023,Southern Gothic Rock,True,4186,2023,,,2023.0,3,4,7
RecordLabel,Colombières Collective,,,,,4187,,,,,0,4,4
Song,Pickaxe Lullaby,True,1995,Indie Pop,True,4188,1995,,,1995.0,5,5,10
Person,Artur Nurkiewicz,,,,,4189,,,,,6,0,6
Album,Tunnel's Heartbeat,,2022,Indie Folk,True,4190,,,2022,2022.0,2,3,5
Person,Gianmarco Verga,,,,,4191,,,,,1,0,1
Person,Nino Canova-Esposito,,,,,4192,,,,,2,0,2
RecordLabel,Crest Harmony,,,,,4193,,,,,0,1,1
Song,Ore and Echoes,False,2026,Doom Metal,True,4194,,,,2026.0,5,10,15
Person,Holly Garcia,,,,,4195,,,,,2,0,2
Person,Min Lei,,,,,4196,,,,,2,0,2
Person,Na Gu,,,,,4197,,,,,1,0,1
Person,David Moore,,,,,4198,,,,,1,0,1
Person,Jun Shao,,,,,4199,,,,,1,0,1
Person,Jeremy Watkins,,,,,4200,,,,,1,0,1
Person,Na Hao,,,,,4201,,,,,2,0,2
Person,Candice Avila,,,,,4202,,,,,1,0,1
Person,Tao Yu,,,,,4203,,,,,1,0,1
Song,Crimson Revival,False,1991,Blues Rock,True,4204,1991,,,1991.0,2,3,5
Person,Janna Holt,,,,,4205,,,,,2,0,2
Person,Amelie Roht,,,,,4206,,,,,1,0,1
RecordLabel,Colonial Sound,,,,,4207,,,,,0,4,4
Song,Vascular Vengeance,True,2023,Darkwave,True,4208,,,,2023.0,1,5,6
Person,Justin Wagner,,,,,4209,,,,,2,0,2
Person,Barbara Mckee,,,,,4210,,,,,6,0,6
Person,Gang Mao,,,,,4211,,,,,1,0,1
Song,Pulse of Retribution,True,2018,Space Rock,True,4212,,,,2018.0,1,5,6
Person,Anna Coleman,,,,,4213,,,,,2,0,2
Person,Carrie Pace,,,,,4214,,,,,1,0,1
Person,Deborah Odonnell,,,,,4215,,,,,1,0,1
Song,Hemoglobin Highway,True,2013,Dream Pop,True,4216,2013,,,2013.0,2,5,7
Person,Qiang Du,,,,,4217,,,,,2,0,2
Person,Min Chen,,,,,4218,,,,,1,0,1
Person,Lei Fan,,,,,4219,,,,,2,0,2
Person,Jing Shi,,,,,4220,,,,,3,0,3
RecordLabel,Fukuoka Sound,,,,,4221,,,,,0,8,8
Song,Whispers of the Woodland Brook,True,1991,Dream Pop,True,4222,,,,1991.0,2,7,9
Person,Warren Fleming,,,,,4223,, Cipher,,,1,0,1
Person,Mackenzie Greene,,,,,4224,,,,,1,0,1
Person,Nancy Mitchell,,,,,4225,,,,,1,0,1
Person,Mary Combs,,,,,4226,,,,,1,0,1
Person,Ashley Robinson,,,,,4227,,,,,1,0,1
Song,Ripples and Stones,True,2021,Synthwave,True,4228,,,,2021.0,6,6,12
Song,"Silent Waters, Singing Paths",True,1995,Southern Gothic Rock,True,4229,,,,1995.0,2,4,6
Person,Ivana Bains,,,,,4230,,,,,2,0,2
Person,Jonathan Poole,,,,,4231,,,,,11,0,11
RecordLabel,Prairie Sound Records,,,,,4232,,,,,0,2,2
Song,Currents of Memory,True,2022,Dream Pop,True,4233,,,,2022.0,3,7,10
Person,Chao Yao,,,,,4234,,The Lunar Manifesto,,,1,0,1
Person,Xia Hou,,,,,4235,,,,,1,0,1
Person,Jun Yang,,,,,4236,,,,,2,0,2
Person,Min Han,,,,,4237,,,,,4,0,4
Person,Jing Tang,,,,,4238,,,,,1,0,1
Album,Whisper My Name,,2026,Alternative Rock,True,4239,,,,2026.0,3,5,8
Person,Frau Melissa Neuschäfer,,,,,4240,, Grace,,,2,0,2
Person,Margrit Stiffel,,,,,4241,,,,,2,0,2
Person,Gerold Mangold,,,,,4242,,,,,3,0,3
Song,Sing Your Heart Out,False,2025,Psychedelic Rock,True,4243,,,,2025.0,2,7,9
Person,Lei Bai,,,,,4244,,,,,3,0,3
Person,Ping Zhou,,,,,4245,,,,,2,0,2
Person,Juan Mo,,,,,4246,,,,,2,0,2
Person,Li Gu,,,,,4247,,,,,2,0,2
Person,Ming Mao,,,,,4248,,,,,2,0,2
RecordLabel,Súria Soundscape,,,,,4249,,,,,0,2,2
Song,Melody of Dreams,True,2003,Blues Rock,True,4250,,,,2003.0,6,4,10
Person,Justin Thomas,,,,,4251,,,,,2,0,2
Person,Saira Bose,,,,,4252,,,,,1,0,1
Album,Unsilenced Voice,,2029,Desert Rock,True,4253,,,,2029.0,5,10,15
Person,Juan Xia,,,,,4254,,,,,1,0,1
Person,Guiying Zhou,,,,,4255,,,,,6,0,6
Person,Ming Ding,,,,,4256,,,,,5,0,5
Person,Xiulan Zhao,,,,,4257,,,,,4,0,4
Person,Lei Fu,,,,,4258,,,,,6,0,6
Person,Jie Tao,,,,,4259,,,,,9,0,9
RecordLabel,Resonant Heights,,,,,4260,,,,,0,1,1
Song,Keyboard Nocturne,False,2029,Dream Pop,True,4261,2029,,,2029.0,4,9,13
Person,Jacob Orr,,,,,4262,, Silver Crane,,,2,0,2
Person,Amy Conway,,,,,4263,,,,,1,0,1
Person,Kelly Jackson,,,,,4264,,,,,1,0,1
Person,Christopher Jones,,,,,4265,,,,,1,0,1
Person,Daniel Johnson,,,,,4266,,,,,2,0,2
Person,Mary Lewis,,,,,4267,,,,,1,0,1
Person,Ashley Logan,,,,,4268,,,,,1,0,1
RecordLabel,Maje Sound,,,,,4269,,,,,0,1,1
RecordLabel,Quorum Collective,,,,,4270,,,,,0,1,1
Song,Counterpoint in Silence,True,2020,Dream Pop,False,4271,,,,2020.0,2,3,5
Person,John Hayes,,,,,4272,,,,,3,0,3
Song,Chamber Echoes,True,2026,Synthwave,False,4273,,,,2026.0,3,8,11
Person,Indrans Vyas,,,,,4274,,,,,1,0,1
Person,Gokul Kapur,,,,,4275,,,,,1,0,1
Person,Saira Kala,,,,,4276,,,,,2,0,2
Person,Riaan Kalla,,,,,4277,,,,,2,0,2
Person,Dishani Sundaram,,,,,4278,,,,,2,0,2
RecordLabel,MTJ Recordings,,,,,4279,,,,,0,4,4
RecordLabel,Perch Productions,,,,,4280,,,,,0,4,4
Song,Lunar Whispers,True,2026,Blues Rock,True,4281,,,,2026.0,2,3,5
Person,Becky Walters,,,,,4282,,,,,6,0,6
Song,Celestial Echoes,False,2013,Dream Pop,True,4283,,,,2013.0,3,13,16
Person,Tarini Hans,,,,,4284,,,,,11,0,11
Person,Navya Sastry,,,,,4285,,,,,15,0,15
Person,Suhana Din,,,,,4286,,,,,1,0,1
Person,Kashvi Dhillon,,,,,4287,,,,,9,0,9
Song,Silver Serenade,False,2017,Desert Rock,True,4288,,,,2017.0,3,7,10
Person,Xiuying Ye,,,,,4289,,,,,1,0,1
Person,Gang Hu,,,,,4290,,,,,3,0,3
Person,Tao Meng,,,,,4291,,,,,3,0,3
Person,Jing Qiu,,,,,4292,,,,,1,0,1
RecordLabel,Golden Pulse Entertainment,,,,,4293,,,,,0,2,2
Album,Midnight's Embrace,,2020,Americana,True,4294,2020,,,2020.0,1,8,9
Person,Wei Lei,,,,,4295,,,,,1,0,1
Person,Yong Ma,,,,,4296,,,,,2,0,2
Person,Na Zeng,,,,,4297,,,,,2,0,2
Person,Qiang Yuan,,,,,4298,,,,,3,0,3
Song,Último intento (Last attempt),True,2030,Desert Rock,False,4299,,,,2030.0,8,7,15
Person,Pamela Johnson,,,,,4300,,,,,3,0,3
Person,Na Feng,,,,,4301,,,,,1,0,1
Person,Guiying Tao,,,,,4302,,,,,1,0,1
Person,Xiuying Cai,,,,,4303,,,,,1,0,1
Person,Jun Liu,,,,,4304,,,,,2,0,2
Person,Juan Xiao,,,,,4305,,,,,1,0,1
Song,Repetir el momento (Repeat the moment),True,2020,Dream Pop,True,4306,,,,2020.0,2,10,12
Person,Juan Hu,,,,,4307,,,,,1,0,1
Person,Francis Kaufman,,,,,4308,,,,,1,0,1
Person,Wei Cao,,,,,4309,,,,,2,0,2
Person,Na Qiu,,,,,4310,,,,,1,0,1
Person,Xia Cai,,,,,4311,,,,,1,0,1
Person,Jun Shen,,,,,4312,,,,,1,0,1
Album,Regreso al principio (Return to the beginning),,2013,Alternative Rock,True,4313,,,2013,2013.0,2,2,4
Person,Julita Łaciak,,,,,4314,,,,,1,0,1
Person,Gaja Powierża,,,,,4315,,,,,1,0,1
Song,Otra oportunidad (Another chance),True,2011,Lo-Fi Electronica,True,4316,2011,,,2011.0,3,7,10
Person,Juan Ding,,,,,4317,,,,,4,0,4
Person,Ming Liang,,,,,4318,,,,,2,0,2
Person,Xiulan Tao,,,,,4319,,,,,4,0,4
Person,Ming Tian,,,,,4320,,,,,4,0,4
RecordLabel,Versant Sonore,,,,,4321,,,,,0,3,3
Song,Plameny našich vzpomínek,True,2017,Doom Metal,True,4322,2017,,,2017.0,3,5,8
Person,Lei Du,,,,,4323,,,,,1,0,1
Person,Xiulan Dong,,,,,4324,,,,,1,0,1
Person,Yong Qian,,,,,4325,,,,,1,0,1
Person,Chao Wang,,,,,4326,,,,,1,0,1
Person,Jing Kang,,,,,4327,,,,,3,0,3
Song,Oheň v žilách naší generace,False,2026,Americana,True,4328,2026,,,2026.0,2,3,5
Person,Ming Dai,,,,,4329,,,,,2,0,2
Person,Na Chen,,,,,4330,,,,,1,0,1
RecordLabel,Digital Talaiga,,,,,4331,,,,,0,1,1
Song,Srdceplane touhou,True,2028,Americana,True,4332,,,2028,2028.0,3,3,6
Person,Klara Bisaga,,,,,4333,,,,,3,0,3
RecordLabel,Fjellklang,,,,,4334,,,,,0,2,2
Song,Žhavé ticho mezi námi,True,1991,Southern Gothic Rock,True,4335,,,,1991.0,2,5,7
Person,Julian Biegała,,,,,4336,,,,,3,0,3
Song,Mockery's Melody,True,2029,Dream Pop,True,4337,,,,2029.0,3,3,6
Person,Kathleen Fowler,,,,,4338,,,,,1,0,1
Person,Timothy Haley,,,,,4339,,,,,1,0,1
Person,Richard Kaiser,,,,,4340,,,,,1,0,1
RecordLabel,Carnaubal Sound,,,,,4341,,,,,0,2,2
Song,Giggles of Rebellion,True,2015,Indie Folk,True,4342,2015,,2015,2015.0,1,7,8
Person,Ping Yuan,,,,,4343,,,,,2,0,2
Person,Jun Mao,,,,,4344,,,,,4,0,4
Person,Jason Brown,,,,,4345,,,,,2,0,2
Person,Fang Ding,,,,,4346,,,,,2,0,2
Person,Tao Ye,,,,,4347,,,,,7,0,7
Song,Hysterical Revenge,True,2004,Oceanus Folk,True,4348,2000,,,2004.0,1,10,11
Person,Zoé-Agnès Delaunay,,,,,4349,,,,,5,0,5
Person,Thibault Hardy,,,,,4350,,,,,3,0,3
Person,Alfred Thibault,,,,,4351,,,,,6,0,6
Song,Laughter's Sharp EdgeQuesto Momento Fragile (This Fragile Moment),True,2028,Oceanus Folk,True,4352,,,,2028.0,3,6,9
Person,Yang Mo,,,,,4353,,,,,1,0,1
Person,Ping Wu,,,,,4354,,,,,3,0,3
Person,Ping Peng,,,,,4355,,,,,5,0,5
Person,Xia Jia,,,,,4356,,,,,10,0,10
Album,Quando Le Ore Si Fermano (When the Hours Stand Still),,2004,Avant-Garde Folk,True,4357,,,,2004.0,3,9,12
Person,Xia Du,,,,,4358,,,,,2,0,2
Person,Xia Zheng,,,,,4359,,,,,1,0,1
Person,Guiying Lin,,,,,4360,,,,,2,0,2
Album,Presente Imperfetto (Imperfect Present),,2013,Dream Pop,True,4361,,,,2013.0,6,5,11
Song,Sussurri Della Notte (Whispers of the Night),False,2013,Synthwave,True,4362,,,,2013.0,2,8,10
Person,Troy Ruiz,,,,,4363,,,,,2,0,2
Person,Joseph Beltran,,,,,4364,,,,,1,0,1
Person,Douglas Gonzalez,,,,,4365,,,,,1,0,1
RecordLabel,Silverline Music,,,,,4366,,,,,0,7,7
RecordLabel,Crampin-Verte,,,,,4367,,,,,0,1,1
Song,Vacancy of Memories,True,2029,Lo-Fi Electronica,True,4368,,,2029,2029.0,6,4,10
Person,Manuel Morrison,,,,,4369,,,,,1,0,1
Person,Allison Williams,,,,,4370,,,,,1,0,1
Person,Nancy Myers,,,,,4371,,,,,2,0,2
Song,Rooms with Broken Windows,True,2022,Dream Pop,True,4372,2022,,,2022.0,4,5,9
Person,Yashvi Bahri,,,,,4373,,,,,2,0,2
Person,Chao Yin,,,,,4374,,,,,1,0,1
Person,Matthew Mitchell,,,,,4375,,,,,1,0,1
Person,Roger Orozco,,,,,4376,,,,,2,0,2
Song,Checkout at Midnight,True,2017,Doom Metal,True,4377,,,,2017.0,1,5,6
Song,Reservations for One,True,2019,Southern Gothic Rock,True,4378,2019,,,2019.0,2,4,6
Person,Joseph Ferguson,,,,,4379,, PH∆NTOM,,,1,0,1
Person,Carolyn Hall,,,,,4380,,,,,6,0,6
Song,Shadows in the Basement,True,2023,Darkwave,True,4381,2023,,2023,2023.0,2,12,14
Person,Joseph Preston,,,,,4382,, Jack Rivers,,,1,0,1
Person,Brittany Mueller,,,,,4383,, DR3AMER,,,1,0,1
Person,Chad Chavez,,,,,4384,,Nexus,,,1,0,1
Person,Tracey Murphy,,,,,4385,,,,,2,0,2
Person,Bertram Hübel,,,,,4386,,,,,3,0,3
Person,Sarah Wright,,,,,4387,,,,,1,0,1
Person,Sarah Phillips,,,,,4388,,,,,2,0,2
Person,Holly Young,,,,,4389,,,,,1,0,1
Person,Joshua Cobb,,,,,4390,,,,,1,0,1
RecordLabel,Blue Soles Sound,,,,,4391,,,,,0,4,4
RecordLabel,Mercury Pulse,,,,,4392,,,,,0,2,2
Song,Whispers from Below,True,2029,Oceanus Folk,True,4393,,,2029,2029.0,4,10,14
Person,Xiuying Li,,,,,4394,,,,,6,0,6
Person,Xia Cui,,,,,4395,,,,,8,0,8
Person,Tao Yin,,,,,4396,,,,,2,0,2
Person,Lei Shen,,,,,4397,,,,,5,0,5
Person,Na Ren,,,,,4398,,,,,3,0,3
RecordLabel,Fortezza Sonora,,,,,4399,,,,,0,2,2
Song,The Lower Depths,True,2017,Indie Rock,True,4400,,,,2017.0,3,4,7
Person,Malwina Penar,,,,,4401,,,,,6,0,6
Person,Gordana Schwital,,,,,4402,,,,,1,0,1
Person,Mariah Ramirez,,,,,4403,,,,,5,0,5
RecordLabel,Resonanz Editions,,,,,4404,,,,,0,2,2
RecordLabel,Elsass Recordings,,,,,4405,,,,,0,2,2
Song,Staircase to Silence,True,2013,Southern Gothic Rock,True,4406,,,,2013.0,3,4,7
Person,Kimberly Fernandez,,,,,4407,,,,,1,0,1
Person,Adam Harmon,,,,,4408,,,,,1,0,1
Person,Tracy Williamson,,,,,4409,,,,,1,0,1
RecordLabel,Frisson,,,,,4410,,,,,0,1,1
Album,Sunrise Reset: Journey to Tomorrow,,2009,Southern Gothic Rock,True,4411,,,,2009.0,2,10,12
Person,Yuta Tanaka,,,,,4412,,,,,20,0,20
Song,Reboot: Pathways Ahead,True,2010,Symphonic Metal,True,4413,,,,2010.0,2,9,11
Person,Charles Mccoy,,,,,4414,,,,,1,0,1
Song,Restart: Unwritten Horizons,True,2013,Doom Metal,True,4415,,,,2013.0,3,9,12
Person,Jun Pan,,,,,4416,,,,,2,0,2
Person,Li Hou,,,,,4417,,,,,2,0,2
Person,Jun Fang,,,,,4418,,,,,9,0,9
Person,Meike van Boven,,,,,4419,,,,,6,0,6
RecordLabel,Chevreuse Music Group,,,,,4420,,,,,0,10,10
Song,Reset and Renew: The Next Chapter,True,2026,Jazz Surf Rock,True,4421,,,,2026.0,3,5,8
Person,Lei Cao,,,,,4422,,,,,1,0,1
Person,Fang Dong,,,,,4423,,,,,4,0,4
Person,Na Chang,,,,,4424,,,,,2,0,2
Song,The Sweetest Citrus,True,2010,Indie Folk,True,4425,2010,,,2010.0,3,5,8
Person,Thierry Labbé,,,,,4426,,,,,2,0,2
Person,Thomas Clark,,,,,4427,,,,,1,0,1
Person,Samuel Graham,,,,,4428,,,,,2,0,2
RecordLabel,Hollow & Crest,,,,,4429,,,,,0,14,14
Album,Whispers of the Orange Grove,,2017,Jazz Surf Rock,True,4430,,,,2017.0,3,4,7
Person,Janet Parks,,,,,4431,,,,,2,0,2
Song,Clementine's Lament,True,2005,Speed Metal,True,4432,,,,2005.0,1,7,8
Person,Dhanuk Hari,,,,,4433,, Marble Wolf,,,8,0,8
Person,Hansh Sidhu,,,,,4434,,Evoque,,,7,0,7
Person,Yakshit Toor,,,,,4435,,,,,2,0,2
Song,Mandarin Memories,True,2020,Indie Rock,True,4436,2020,,,2020.0,2,16,18
Person,Gabriel Ferreira-Gillet,,,,,4437,,,,,1,0,1
Person,William Roux,,,,,4438,,,,,3,0,3
Person,Tiffany Lee,,,,,4439,,,,,2,0,2
Person,Arthur Ollivier,,,,,4440,,,,,1,0,1
Person,Maurice Mathieu,,,,,4441,,,,,2,0,2
Person,Lucie Prévost du Rousset,,,,,4442,,,,,1,0,1
Person,Alphonse-Jacques Ledoux,,,,,4443,,,,,1,0,1
Person,Milo Badoer,,,,,4444,,,,,1,0,1
Person,Arnaude Joseph-Lacombe,,,,,4445,,,,,11,0,11
Person,Adrien Boulay,,,,,4446,,,,,1,0,1
Song,Concrete Horizon,False,1994,Dream Pop,True,4447,,,,1994.0,2,4,6
Person,Ping Song,,,,,4448,,,,,1,0,1
Person,Yang Mo,,,,,4449,,,,,2,0,2
Person,Ping Jiang,,,,,4450,,,,,2,0,2
Person,Xiuying Peng,,,,,4451,,,,,1,0,1
RecordLabel,Neuendettelsau Noise,,,,,4452,,,,,0,5,5
Song,Promised Mile,True,2013,Indie Folk,True,4453,2013,,,2013.0,2,10,12
Person,Robert Allen,,,,,4454,,,,,1,0,1
Person,Lei Fang,,,,,4455,,,,,1,0,1
Person,Yang Chang,,,,,4456,,,,,2,0,2
Person,Yan He,,,,,4457,,,,,1,0,1
Person,Tao Duan,,,,,4458,,,,,1,0,1
Song,Neon Bootstraps,True,2013,Synthwave,True,4459,,,,2013.0,2,8,10
Person,Na Shao,,,,,4460,,,,,1,0,1
Person,Ping Cao,,,,,4461,,,,,2,0,2
Person,Li Xue,,,,,4462,,,,,3,0,3
Person,Juan Pan,,,,,4463,,,,,2,0,2
Album,Halfway to Somewhere,,2017,Dream Pop,True,4464,,,,2017.0,2,4,6
Person,Qiang Song,,,,,4465,,,,,10,0,10
Album,Doubt's Embrace,,2028,Indie Folk,True,4466,,,,2028.0,2,7,9
Person,Gang Zhao,,,,,4467,,,,,2,0,2
Person,Xiulan Cheng,,,,,4468,,,,,1,0,1
Person,Tao Dong,,,,,4469,,,,,2,0,2
Person,Min Hou,,,,,4470,,,,,3,0,3
Person,Jie Wan,,,,,4471,,,,,2,0,2
Song,Uncertain Ground,True,2023,Alternative Rock,True,4472,,,,2023.0,3,4,7
Person,Lori Montgomery,,,,,4473,,,,,1,0,1
Person,Marine Goncalves,,,,,4474,,,,,1,0,1
Person,Chantal Gomes,,,,,4475,,,,,2,0,2
Song,Right Until I'm Not,True,2027,Dream Pop,True,4476,,,,2027.0,2,4,6
Person,Marisa Tresoldi,,,,,4477,,,,,2,0,2
Person,Vanessa Trevisani,,,,,4478,,,,,3,0,3
Person,Victoria Carpaccio,,,,,4479,,,,,2,0,2
RecordLabel,Rockville Sounds,,,,,4480,,,,,0,2,2
Album,The Fallibility of Me,,2001,Alternative Rock,True,4481,,,,2001.0,5,6,11
Person,Jeanne Perrin,,,,,4482,,,,,1,0,1
Person,Catherine Prévost,,,,,4483,,,,,9,0,9
Song,Breathing Shadows,True,2023,Doom Metal,True,4484,,,,2023.0,2,4,6
Person,Gang Deng,,,,,4485,,,,,1,0,1
Person,Jing Lei,,,,,4486,,,,,1,0,1
Person,Jing Lin,,,,,4487,,,,,2,0,2
RecordLabel,Immediate Horizon,,,,,4488,,,,,0,1,1
Album,Heartbeat of a Ghost,,2017,Indie Folk,True,4489,2017,,,2017.0,2,4,6
Person,Kathryn Mcknight,,,,,4490,,,,,2,0,2
Person,Ping Song,,,,,4491,,,,,3,0,3
Song,Suspended Between Worlds,True,2018,Space Rock,True,4492,2018,,,2018.0,5,9,14
Person,Thomas Mcconnell,,,,,4493,,Wraith Masquerade,,,1,0,1
Person,Thomas Harrison,,,,,4494,,,,,5,0,5
Person,Michelle Davis,,,,,4495,,,,,4,0,4
RecordLabel,Knäpp Records,,,,,4496,,,,,0,2,2
RecordLabel,Sonic Vault Studios,,,,,4497,,,,,0,5,5
Song,Echoes of an Unlived Self,True,2023,Indie Folk,True,4498,2017,,,2023.0,5,6,11
Person,April Ortiz,,,,,4499,, Sage Winters,,,1,0,1
Person,Emily Raymond,,,,,4500,,,,,3,0,3
Song,Divine Elevation,True,2007,Doom Metal,True,4501,2007,,,2007.0,2,8,10
Person,Kimberly Alvarez,,,,,4502,,,,,2,0,2
Person,Fredo Grossi,,,,,4503,,,,,10,0,10
Person,Charles Delahaye,,,,,4504,,,,,3,0,3
Album,Supreme Authority,,2028,Darkwave,True,4505,2021,,,2028.0,3,5,8
Person,Jose Manuel Quintana Borrell,,,,,4506,,,,,2,0,2
Person,Alix Chevallier,,,,,4507,,,,,1,0,1
Person,Edward Siering,,,,,4508,,,,,4,0,4
Song,Transcendent Might,True,2026,Avant-Garde Folk,True,4509,,,,2026.0,5,3,8
Song,Celestial Sovereignty,True,1990,Emo/Pop Punk,True,4510,,,,1990.0,2,5,7
Song,Despite the Silence,True,2027,Synthpop,True,4511,,,2027,2027.0,3,4,7
Person,Ashley Powers,,,,,4512,,,,,1,0,1
Person,Joseph Vincent,,,,,4513,,,,,3,0,3
Person,Kelly Clayton,,,,,4514,,,,,2,0,2
RecordLabel,Taajama Sounds,,,,,4515,,,,,0,2,2
RecordLabel,Terreno,,,,,4516,,,,,0,6,6
Song,Resilience in Verse,True,2013,Doom Metal,True,4517,,,,2013.0,4,6,10
Song,Echoes of Endurance,True,2007,Indie Folk,True,4518,2007,,,2007.0,2,15,17
Person,Rodolfo Cutuli,,,,,4519,, Crimson Vale,,,2,0,2
Person,Gioele Merisi,,,,,4520,,Neon Monsoon,,,1,0,1
Person,Renata Parpinel,,,,,4521,,,,,1,0,1
Person,Giuliano Anastasi,,,,,4522,,,,,1,0,1
Person,Arthur Colas,,,,,4523,,,,,1,0,1
Person,Luciano Maderna,,,,,4524,,,,,1,0,1
Person,Rosario Pujadas Barceló,,,,,4525,,,,,1,0,1
Person,Paola Condoleo,,,,,4526,,,,,1,0,1
Person,Benvenuto Castiglione-Pulci,,,,,4527,,,,,1,0,1
Person,Geronimo Lamborghini-Dossetti,,,,,4528,,,,,1,0,1
Person,Bartolomeo Castellitto-Gritti,,,,,4529,,,,,1,0,1
Person,Kara Rich,,,,,4530,,,,,1,0,1
Person,Terri Thomas,,,,,4531,,,,,1,0,1
RecordLabel,Alpine Echo,,,,,4532,,,,,0,1,1
RecordLabel,Martian Sound Archives,,,,,4533,,,,,0,1,1
Song,Whispers Between Lines,True,2023,Dream Pop,True,4534,2023,,,2023.0,3,8,11
Person,Kelsey Martinez,,,,,4535,,TRU VZN (True Vision),,,2,0,2
Person,Amy Coleman,,,,,4536,,,,,1,0,1
Person,Elizabeth Newton PhD,,,,,4537,,,,,1,0,1
Album,Street Legacy,,2018,Southern Gothic Rock,True,4538,,,,2018.0,1,4,5
Person,Jorge Ross,,,,,4539,,,,,2,0,2
Person,Robert Pugh,,,,,4540,,,,,1,0,1
Song,Hustler's Birthright,True,2023,Psychedelic Rock,True,4541,2023,,,2023.0,6,24,30
Person,Anne Miles,,,,,4542,,DRAE 5000,,,1,0,1
Person,Jun Liang,,,,,4543,,,,,2,0,2
Person,Na Lu,,,,,4544,,,,,1,0,1
Person,Gang Wan,,,,,4545,,,,,2,0,2
Person,Ping Lai,,,,,4546,,,,,1,0,1
Song,Concrete Crown,True,2020,Psychedelic Rock,True,4547,2020,,2020,2020.0,3,10,13
Person,Juan Jin,,,,,4548,,,,,1,0,1
Person,Ping Li,,,,,4549,,,,,2,0,2
Person,Aimée van Dijk,,,,,4550,,,,,11,0,11
Person,Sander Veenstra,,,,,4551,,,,,2,0,2
Person,Guiying Duan,,,,,4552,,,,,1,0,1
Person,Tao Zeng,,,,,4553,,,,,1,0,1
RecordLabel,Jellyrock Records,,,,,4554,,,,,0,4,4
Song,Untamed Ambition,True,2014,Indie Rock,True,4555,,,,2014.0,2,4,6
Person,Danny Craig,,,,,4556,,,,,3,0,3
Song,Tears Left Unshed,False,2015,Avant-Garde Folk,True,4557,,,,2015.0,3,7,10
Person,Jun Yin,,,,,4558,,,,,2,0,2
Song,Silent Sorrow,True,2023,Americana,False,4559,2023,,,2023.0,2,3,5
Person,Michael Potts,,,,,4560,,,,,2,0,2
Person,Yang Tao,,,,,4561,,,,,1,0,1
Song,Holding Back the Rain,True,2017,Synthwave,True,4562,2017,,,2017.0,2,2,4
Person,Laura Cohen,,,,,4563,,,,,2,0,2
RecordLabel,Collettivo Sonoro,,,,,4564,,,,,0,3,3
Song,Unbroken Silence,True,2004,Oceanus Folk,True,4565,,,,2004.0,1,7,8
Person,Nicola Bernetti,,,,,4566,,,,,9,0,9
Person,Vincentio Gentili,,,,,4567,,,,,9,0,9
Person,Guglielmo Canetta,,,,,4568,,,,,8,0,8
Person,Serena Lettiere,,,,,4569,,,,,7,0,7
RecordLabel,Vallès Vinyl,,,,,4570,,,,,0,6,6
Song,Healing Hours,True,2013,Indie Folk,True,4571,,,,2013.0,2,7,9
Person,Janna Jäkel,,,,,4572,,,,,4,0,4
Person,Edit Hethur,,,,,4573,,,,,5,0,5
Person,Margit Sölzer,,,,,4574,,,,,4,0,4
RecordLabel,Timber Ridge Music,,,,,4575,,,,,0,3,3
Album,Life's Remedy,,2030,Dream Pop,True,4576,,,,2030.0,4,7,11
Person,Julie Reynolds,,,,,4577,, Quantum Drift,,,5,0,5
Person,Arhaan Batta,,,,,4578,,Arhaan,,,3,0,3
Person,Kathryn Ward,,,,,4579,,,,,4,0,4
Person,Heidi Allen,,,,,4580,,,,,2,0,2
RecordLabel,Civic Archives Sound Studio,,,,,4581,,,,,0,2,2
RecordLabel,Solara,,,,,4582,,,,,0,1,1
Song,Wellness Manifesto,True,1983,Speed Metal,True,4583,,,,1983.0,2,21,23
Person,Szymon Piguła,,,,,4584,,,,,1,0,1
Person,Cindy Smith,,,,,4585,,,,,1,0,1
Song,Survival Script,True,2023,Indie Folk,True,4586,2020,,,2023.0,2,10,12
Person,Ashley Murphy,,,,,4587,,,,,1,0,1
Person,Kenneth West,,,,,4588,,,,,2,0,2
Person,Xiuying Mo,,,,,4589,,,,,1,0,1
Person,Alex Ramsey,,,,,4590,,,,,2,0,2
Person,Fang Yang,,,,,4591,,,,,1,0,1
Person,Tao Xu,,,,,4592,,,,,1,0,1
Song,Whispers of the Heart,True,2018,Alternative Rock,True,4593,,,,2018.0,5,5,10
Person,Austin Adams,,,,,4594,,,,,1,0,1
Person,Jeanette Wagner,,,,,4595,,,,,2,0,2
Song,Tender Echoes,True,2023,Synthwave,False,4596,2023,,,2023.0,1,10,11
Person,Juan Yao,,,,,4597,,,,,3,0,3
Person,Stephanie Roberts,,,,,4598,,,,,1,0,1
Person,Yang Duan,,,,,4599,,,,,2,0,2
Person,Xiuying Meng,,,,,4600,,,,,2,0,2
Person,Fang Zhou,,,,,4601,,,,,5,0,5
Album,Moonlit Surrender,,2010,Alternative Rock,True,4602,2010,,,2010.0,4,5,9
Person,Tammy Fields,,,,,4603,, Ruby Chase,,,3,0,3
Album,Velvet Passion,,2017,Indie Folk,True,4604,,,,2017.0,1,12,13
Person,Dorothée Rousset,,,,,4605,,,,,3,0,3
Song,Wooden Shoes and Accordion Dreams,True,2013,Southern Gothic Rock,True,4606,,,,2013.0,5,2,7
Song,Spinning Skirts of Bavaria,True,2028,Dream Pop,True,4607,,,,2028.0,7,8,15
Person,Wei Yuan,,,,,4608,,,,,8,0,8
Song,Brass and Brass: A Polka Memoir,True,1997,Avant-Garde Folk,True,4609,,,1997,1997.0,2,15,17
Person,Apolonia Chlebda,,,,,4610,,,,,1,0,1
Person,Kamila Ornat,,,,,4611,,,,,3,0,3
RecordLabel,Menton Melody,,,,,4612,,,,,0,6,6
Song,Dancing Between the Oompah Notes,True,2025,Alternative Rock,True,4613,,,,2025.0,3,5,8
Song,Cobblestone Lullabies,True,2023,Indie Folk,True,4614,,,2023,2023.0,2,5,7
Person,Gang Feng,,,,,4615,,,,,1,0,1
Person,Yong Feng,,,,,4616,,,,,1,0,1
Person,Xiulan Ma,,,,,4617,,,,,1,0,1
Album,Shadows of the Thames Playground,,2003,Southern Gothic Rock,True,4618,,,,2003.0,3,6,9
Song,Whispers from the Foggy Nursery,True,2013,Doom Metal,True,4619,,,,2013.0,1,5,6
Person,Sherry Hernandez,,,,,4620,,,,,3,0,3
Person,Caitlin Allen,,,,,4621,,,,,2,0,2
Person,Gary Tucker,,,,,4622,,,,,2,0,2
RecordLabel,Segura Sonic,,,,,4623,,,,,0,2,2
Song,Street Corner Childhood Echoes,True,2026,Blues Rock,True,4624,2026,,,2026.0,4,4,8
Person,Ming Bai,,,,,4625,,,,,3,0,3
Song,Whispers of the Wild Meridian,False,2020,Dream Pop,True,4626,2020,,,2020.0,6,10,16
Person,Lukas Waltrade Walderade-van Dam,,,,,4627,,,,,2,0,2
Person,Jurre Kunen,,,,,4628,,,,,3,0,3
Person,Mila Hellevoort-Robbrechts Bruijne,,,,,4629,,,,,2,0,2
Person,Duuk Schokman,,,,,4630,,,,,3,0,3
Song,Botanical Echoes and Forgotten Rhythms,True,2026,Southern Gothic Rock,True,4631,,,,2026.0,4,3,7
Person,Tao Zeng,,,,,4632,,,,,7,0,7
Person,Juan Gong,,,,,4633,,,,,8,0,8
Song,Taxonomy of Silent Migrations,True,2010,Synthwave,True,4634,,,,2010.0,2,5,7
Person,Min Zeng,,,,,4635,,,,,2,0,2
Person,Jun Zhu,,,,,4636,,,,,1,0,1
Person,Lei He,,,,,4637,,,,,1,0,1
RecordLabel,Gaillac Groove,,,,,4638,,,,,0,1,1
Song,Intricate Landscapes of Microscopic Kingdoms,True,2026,Indie Folk,True,4639,2023,,,2026.0,4,5,9
Person,Ashley Huang,,,,,4640,,,,,1,0,1
Person,Alexandra King,,,,,4641,,,,,1,0,1
Person,Kirk Kemp,,,,,4642,,,,,1,0,1
Person,Jacob Romero,,,,,4643,,,,,2,0,2
RecordLabel,Estuary Sound,,,,,4644,,,,,0,3,3
Song,The Sergeant's Stride,True,2029,Desert Rock,True,4645,2029,,,2029.0,2,3,5
Person,Michael Roberts,,,,,4646,,,,,1,0,1
Person,William Bates,,,,,4647,,,,,1,0,1
Person,Brandy Chung PhD,,,,,4648,,,,,1,0,1
Song,Boots and Brass: A Soldier's Honor,True,2026,Doom Metal,True,4649,2026,,2026,2026.0,4,3,7
Song,Guardians of the Northern Watch,False,2028,Jazz Surf Rock,True,4650,,,,2028.0,2,6,8
Person,Yang Bai,,,,,4651,,,,,1,0,1
Album,Underofficer's Lament,,2007,Doom Metal,True,4652,,,2007,2007.0,4,9,13
Song,Healing in Hindsight,True,2014,Synthwave,True,4653,2014,,,2014.0,2,7,9
Person,Ming Zhou,,,,,4654,,,,,1,0,1
Person,Melinda Vasquez,,,,,4655,,,,,1,0,1
Person,Tracy Lawson,,,,,4656,,,,,2,0,2
Person,Li Zhao,,,,,4657,,,,,5,0,5
Album,Scars That Shine,,2023,Indie Rock,True,4658,,,,2023.0,3,2,5
Person,Katherine Stevens,,,,,4659,,,,,2,0,2
RecordLabel,Domestic Affairs,,,,,4660,,,,,0,3,3
Album,The Space Between Goodbye,,2023,Indie Rock,True,4661,2023,,2023,2023.0,4,8,12
Person,Enzio Garibaldi,,,,,4662,,,,,2,0,2
Person,Lori Henderson,,,,,4663,,,,,2,0,2
Person,Antonietta Ceravolo-Condoleo,,,,,4664,,,,,6,0,6
Person,Gino Michelangeli,,,,,4665,,,,,10,0,10
Song,Aftermath of a Broken Heart,True,2000,Indie Folk,True,4666,,,,2000.0,2,11,13
Person,Matthew Fields,,,,,4667,, $ILVER,,,1,0,1
Person,Edwin Binner,,,,,4668,,,,,1,0,1
Person,Ian Jüttner,,,,,4669,,,,,1,0,1
Person,Tony Rhodes,,,,,4670,,,,,3,0,3
Person,Hansjoachim Sager,,,,,4671,,,,,1,0,1
Person,Joseph Parsons,,,,,4672,,,,,2,0,2
RecordLabel,Southern Sentinel,,,,,4673,,,,,0,1,1
RecordLabel,Thyrnau Tracks,,,,,4674,,,,,0,1,1
Song,Wha?,True,2020,Desert Rock,True,4675,,,,2020.0,4,10,14
Person,Nicholas Garcia,,,,,4676,,,,,2,0,2
Person,Jie Fu,,,,,4677,,,,,3,0,3
Person,Jun Han,,,,,4678,,,,,5,0,5
Person,Kristin Floyd,,,,,4679,,,,,2,0,2
Album,Eh?,,2017,Dream Pop,True,4680,,,,2017.0,3,8,11
Person,Erica Padilla,,,,,4681,,,,,2,0,2
Person,Amy Tate,,,,,4682,,,,,6,0,6
Person,Laura Clark,,,,,4683,,,,,5,0,5
Song,Huh?,True,1994,Indie Folk,True,4684,1994,,1994,1994.0,2,4,6
Person,Ashley Castillo,,,,,4685,,,,,2,0,2
Person,Kristina Gonzales,,,,,4686,,,,,3,0,3
Song,Come Again?,True,2020,Indie Folk,True,4687,,,,2020.0,2,6,8
Person,Karen Jackson,,,,,4688,,,,,2,0,2
Person,William Coleman,,,,,4689,,,,,2,0,2
Person,Jie Qian,,,,,4690,,,,,1,0,1
Person,Kelli Williamson,,,,,4691,,,,,3,0,3
Person,Christine Jones,,,,,4692,,,,,1,0,1
RecordLabel,Citrus Grove Records,,,,,4693,,,,,0,4,4
Album,Echoes of Seventeen,,2023,Dream Pop,True,4694,2023,,,2023.0,2,8,10
Person,Xiuying Jin,,,,,4695,,Feral Psalm,,,1,0,1
Person,Qiang Xiang,,,,,4696,,,,,1,0,1
Person,Lei Yang,,,,,4697,,,,,2,0,2
Person,Xia Bai,,,,,4698,,,,,1,0,1
Person,Qiang Yu,,,,,4699,,,,,2,0,2
RecordLabel,Manufacturing Melody,,,,,4700,,,,,0,2,2
Album,Rewind to Innocence,,2007,Synthwave,True,4701,,,2007,2007.0,3,5,8
Person,Nehmat Kanda,,,,,4702,,,,,5,0,5
Person,Inaaya Bhatia,,,,,4703,,,,,6,0,6
Song,Memories in Sepia,False,2028,Jazz Surf Rock,True,4704,2022,,,2028.0,4,11,15
Person,Jun Huang,,,,,4705,,,,,1,0,1
Person,Fang Zhao,,,,,4706,,,,,1,0,1
Person,Xiulan Li,,,,,4707,,,,,1,0,1
Person,Jing Long,,,,,4708,,,,,2,0,2
Person,Min Long,,,,,4709,,,,,1,0,1
Person,Qiang Tian,,,,,4710,,,,,3,0,3
Person,Chao Luo,,,,,4711,,,,,1,0,1
Person,Ming Luo,,,,,4712,,,,,2,0,2
Song,The Age of Unfolding,True,2000,Dream Pop,True,4713,,,,2000.0,2,7,9
Person,Katie Anderson,,,,,4714,, Tony Steel,,,1,0,1
Person,Prerak Majumdar,,,,,4715,,,,,1,0,1
Person,Mary Maxwell,,,,,4716,,,,,2,0,2
Person,Yong Xie,,,,,4717,,,,,1,0,1
Song,Twilight's Whisper,True,2023,Doom Metal,True,4718,,,,2023.0,5,4,9
Person,Krystal Reese,,,,,4719,, Leo III,,,1,0,1
Person,Erica Shaffer,,,,,4720,,,,,2,0,2
Person,Thomas Ramirez,,,,,4721,,,,,1,0,1
RecordLabel,Lumiera,,,,,4722,,,,,0,2,2
RecordLabel,Lyric Horizon,,,,,4723,,,,,0,1,1
RecordLabel,Quintet Recordings,,,,,4724,,,,,0,3,3
Song,Shadows of Sundown,True,2025,Southern Gothic Rock,True,4725,,,2025,2025.0,4,3,7
Person,Xiulan Xiao,,,,,4726,,,,,1,0,1
Person,Min Wei,,,,,4727,,,,,4,0,4
Album,Dusk's Embrace,,2020,Desert Rock,True,4728,,,,2020.0,3,12,15
Person,Ming Jiang,,,,,4729,,,,,5,0,5
Person,Gang Peng,,,,,4730,,,,,6,0,6
Person,Li Duan,,,,,4731,,,,,5,0,5
Person,Jun Jia,,,,,4732,,,,,5,0,5
Song,Golden Hour's Farewell,True,2020,Oceanus Folk,True,4733,,,,2020.0,3,4,7
Person,Jill Smith,,,,,4734,,,,,1,0,1
Person,Michael Snyder,,,,,4735,,,,,2,0,2
Person,Mary Morales,,,,,4736,,,,,1,0,1
RecordLabel,Corona Sonora,,,,,4737,,,,,0,2,2
Song,Scent of Desire,True,2020,Alternative Rock,True,4738,,,,2020.0,7,5,12
Person,Gang Duan,,,,,4739,,,,,1,0,1
Person,Victoria Higgins,,,,,4740,,,,,3,0,3
Person,Guiying Yan,,,,,4741,,,,,1,0,1
Song,Aromatic Attraction,True,2025,Psychedelic Rock,True,4742,,,,2025.0,3,6,9
Person,Min Jiang,,,,,4743,,,,,1,0,1
Person,Xiuying Kong,,,,,4744,,,,,1,0,1
Person,Juan Fang,,,,,4745,,,,,2,0,2
Person,Lei Zhong,,,,,4746,,,,,2,0,2
RecordLabel,Dolní Echo,,,,,4747,,,,,0,1,1
RecordLabel,Latitude Echo,,,,,4748,,,,,0,1,1
Album,Breathe Me In,,1997,Emo/Pop Punk,True,4749,1997,,,1997.0,2,16,18
Person,John Dean,,,,,4750,,,,,2,0,2
Person,Alejandra Gould,,,,,4751,,,,,1,0,1
Song,Olfactory Obsession,False,2020,Doom Metal,True,4752,,,,2020.0,3,7,10
Person,Bartek Krężołek,,,,,4753,, Neon Ghost,,,8,0,8
Person,Julita Kudełka,,,,,4754,,Julita,,,1,0,1
Person,Mikołaj Rosłoń,,,,,4755,,,,,5,0,5
Person,Stefan Berus,,,,,4756,,,,,9,0,9
RecordLabel,Riviera Resonance,,,,,4757,,,,,0,2,2
Song,Her Royal Decree,False,2029,Jazz Surf Rock,True,4758,,,,2029.0,4,5,9
Person,Fang Tao,,,,,4759,,,,,1,0,1
Person,Brent White,,,,,4760,,,,,1,0,1
Person,Qiang Zhou,,,,,4761,,,,,1,0,1
Person,Edwin Hansen,,,,,4762,,,,,3,0,3
RecordLabel,Le Sonore,,,,,4763,,,,,0,3,3
Song,The Lady's Prerogative,False,2024,Space Rock,True,4764,,,,2024.0,2,7,9
Person,Jun Gong,,,,,4765,,,,,1,0,1
Person,Min Dai,,,,,4766,,,,,1,0,1
Person,Min Gao,,,,,4767,,,,,4,0,4
Person,Min Jiang,,,,,4768,,,,,1,0,1
Person,Qiang Yi,,,,,4769,,,,,1,0,1
Song,Sovereign Heart,True,2007,Synthwave,True,4770,2007,,,2007.0,2,18,20
Person,Beverly Olsen,,,,,4771,,,,,1,0,1
Person,Rei Aoki,,,,,4772,,,,,1,0,1
Person,Lisa Woods,,,,,4773,,,,,1,0,1
Song,Title of Power,True,2029,Lo-Fi Electronica,True,4774,,,,2029.0,11,4,15
Person,Sven Oude Heer,,,,,4775,,,,,1,0,1
Person,Michelle Vallenduuk,,,,,4776,,,,,7,0,7
Song,Autumno's Golden Whispers,True,2014,Synthwave,True,4777,,,,2014.0,3,8,11
Person,Xia Duan,,,,,4778,,,,,1,0,1
Person,Patricia-Julie Lopes,,,,,4779,,,,,3,0,3
Person,Ping Luo,,,,,4780,,,,,3,0,3
Song,September's Last Embrace,False,2003,Lo-Fi Electronica,True,4781,,,,2003.0,3,26,29
Person,Yan Xia,,,,,4782,,,,,1,0,1
Person,Qiang Lei,,,,,4783,,,,,10,0,10
Song,Fading Sunlight on Tuscan Fields,False,2023,Dream Pop,True,4784,,,,2023.0,1,4,5
Person,Jing Chen,,,,,4785,,,,,1,0,1
Person,Lei Dai,,,,,4786,,,,,1,0,1
Person,Gang Peng,,,,,4787,,,,,1,0,1
Song,Warmth of the Waning Summer,False,2007,Synthwave,True,4788,2007,,,2007.0,3,4,7
Song,Dance Floor Revolution,True,2019,Psychedelic Rock,True,4789,,,,2019.0,2,5,7
Person,Mary Barnes,,,,,4790,,,,,2,0,2
Person,Diana Elliott,,,,,4791,,,,,2,0,2
Person,Bruce Long,,,,,4792,,,,,3,0,3
Person,Noah Frazier Jr.,,,,,4793,,,,,2,0,2
RecordLabel,Montfort Records,,,,,4794,,,,,0,2,2
Song,Groove Unfolding,True,2029,Dream Pop,True,4795,,,,2029.0,4,5,9
Person,Gang Jiang,,,,,4796,,Cosmic Noir,,,1,0,1
Person,Yang Dong,,,,,4797,,,,,1,0,1
Person,Fang Meng,,,,,4798,,,,,1,0,1
Person,Na Yin,,,,,4799,,,,,6,0,6
RecordLabel,Pulse Point Records,,,,,4800,,,,,0,1,1
Song,Rhythm Rebellion,False,2017,Psychedelic Rock,True,4801,,,,2017.0,3,4,7
Person,Chao Xu,,,,,4802,,,,,2,0,2
Person,Lei Li,,,,,4803,,,,,1,0,1
RecordLabel,Alpine Echo Records,,,,,4804,,,,,0,11,11
Song,Step Into Your Power,True,2026,Dream Pop,True,4805,,,,2026.0,3,13,16
Person,Ming Long,,,,,4806,,,,,2,0,2
Person,Chao Cui,,,,,4807,,,,,1,0,1
Person,Fang Lin,,,,,4808,,,,,2,0,2
Person,Edward Gutierrez,,,,,4809,,,,,2,0,2
Person,Lei Yi,,,,,4810,,,,,1,0,1
Person,Na Wu,,,,,4811,,,,,1,0,1
Person,Li Xia,,,,,4812,,,,,2,0,2
Person,Ming Han,,,,,4813,,,,,1,0,1
Song,Solitude's Symphony,False,2015,Doom Metal,True,4814,2012,,,2015.0,2,10,12
Person,Ping Cao,,,,,4815,,,,,2,0,2
Person,Xia Xue,,,,,4816,,,,,7,0,7
Person,Li Qin,,,,,4817,,,,,1,0,1
Song,Unaccompanied Heart,True,2018,Doom Metal,True,4818,2018,,,2018.0,3,10,13
Person,Eugene Henderson,,,,,4819,,,,,5,0,5
Person,Juan Wu,,,,,4820,,,,,2,0,2
Song,Single-Handed Horizon,True,2028,Dream Pop,True,4821,2028,,,2028.0,20,4,24
Person,John Rivera,,,,,4822,,Hollow Reverberation,,,1,0,1
Person,William Rodriguez,,,,,4823,,,,,1,0,1
Person,Ashley Olsen,,,,,4824,,,,,1,0,1
Person,Michael Watson,,,,,4825,,,,,1,0,1
RecordLabel,Zeuthen Sonic,,,,,4826,,,,,0,2,2
Song,The Freedom of Silence,True,2013,Blues Rock,True,4827,,,,2013.0,3,3,6
Person,Autumn Knight,,,,,4828,,,,,1,0,1
Person,Sotaro Ito,,,,,4829,,,,,3,0,3
Song,Stones Along the Scottish Mile,True,1997,Alternative Rock,True,4830,,,,1997.0,2,6,8
Person,Alex Parrish,,,,,4831,,,,,2,0,2
Person,Andrea Crawford,,,,,4832,,,,,4,0,4
Person,Jeffrey Hill,,,,,4833,,,,,1,0,1
Song,Whispers from the Dundonian Highway,False,2013,Doom Metal,True,4834,,,,2013.0,1,6,7
Person,Kari Miranda,,,,,4835,,,,,1,0,1
Person,Jasmine Lopez,,,,,4836,,,,,1,0,1
Person,Robin Garrett,,,,,4837,,,,,1,0,1
Person,Stephanie Frank,,,,,4838,,,,,1,0,1
Song,Crossing the Tay Bridge at Twilight,True,2025,Americana,True,4839,2025,,,2025.0,2,2,4
Person,David Silva,,,,,4840,,The Radiant Dirge,,,3,0,3
Person,Anthony Cox,,,,,4841,,,,,2,0,2
RecordLabel,Postal Rhythm,,,,,4842,,,,,0,2,2
Song,Wanderer's Path to the City of Jute,True,2023,Indie Folk,True,4843,2023,,,2023.0,4,2,6
Person,Capucine Pasquier,,,,,4844,,,,,5,0,5
RecordLabel,Valle Sounds,,,,,4845,,,,,0,3,3
RecordLabel,Nordische Resonanz,,,,,4846,,,,,0,4,4
Album,Cobblestones of the Holy City,,2004,Indie Rock,True,4847,,,,2004.0,2,11,13
Person,Francesca Maglio,,,,,4848,,,,,7,0,7
Album,Keys to Heaven's Threshold,,1990,Synthwave,True,4849,,,,1990.0,2,20,22
Person,Laurent-Théodore Humbert,,,,,4850,, Prince V,,,1,0,1
Person,Philip Schneider,,,,,4851,, B.K. Crown,,,2,0,2
Person,Édith Deschamps Le Clément,,,,,4852,,,,,1,0,1
Person,Henriette Gonzalez-Grégoire,,,,,4853,,,,,1,0,1
Song,Echoes from the Vatican Walls,True,2004,Southern Gothic Rock,True,4854,,,,2004.0,5,10,15
Person,Andrea Miller,,,,,4855,,,,,2,0,2
Song,Saint Peter's Silent Whispers,True,2013,Synthwave,True,4856,,,,2013.0,2,4,6
Person,Maik Eckbauer,,,,,4857,,,,,3,0,3
RecordLabel,Guillemont Sounds,,,,,4858,,,,,0,1,1
Song,Echoes of Marco's Streets,True,2000,Dream Pop,True,4859,,,,2000.0,2,3,5
Person,Tao Yang,,,,,4860,,,,,3,0,3
Song,Civic Pride: A Municipal Melody,True,1996,Speed Metal,True,4861,1996,,1996,1996.0,3,8,11
Song,Cornerstone of Community,False,2026,Americana,True,4862,,,,2026.0,3,4,7
Person,Xiulan Sun,,,,,4863,,,,,1,0,1
Person,Xiulan Du,,,,,4864,,,,,1,0,1
Song,Marco's Heartbeat: A Local Hymn,True,2017,Psychedelic Rock,True,4865,,,2017,2017.0,3,4,7
Person,Traudl Jacob,,,,,4866,,,,,1,0,1
Person,Alexa Adolph,,,,,4867,,,,,2,0,2
Person,Hanne Kambs,,,,,4868,,,,,1,0,1
RecordLabel,Palazzo Rhythm,,,,,4869,,,,,0,1,1
Album,Whispers of the Trembling Heart,,2020,Speed Metal,True,4870,,,,2020.0,5,5,10
Person,Sharon Scott,,,,,4871,,,,,3,0,3
Album,Breath Between Heartbeats,,2020,Dream Pop,True,4872,,,,2020.0,3,8,11
Person,Stephen Pope,,,,,4873,,,,,2,0,2
Person,Paul Castro,,,,,4874,,,,,4,0,4
Person,Kathy Castro,,,,,4875,,,,,2,0,2
Person,Karen Sanchez,,,,,4876,,,,,1,0,1
Person,Mark Trujillo,,,,,4877,,,,,2,0,2
Person,David Armstrong,,,,,4878,,,,,2,0,2
RecordLabel,Cascata Sonora,,,,,4879,,,,,0,4,4
Song,"Soft Sighs, Silent Storms",True,2016,Alternative Rock,True,4880,,,2016,2016.0,2,7,9
Person,Jaime Arrieta,,,,,4881,,Aether,,,1,0,1
Person,Diana Lledó Colomer,,,,,4882,,,,,1,0,1
Person,Justin Wyatt,,,,,4883,,,,,1,0,1
Song,The Gentle Pulse of Longing,True,2004,Doom Metal,True,4884,,,,2004.0,2,12,14
Person,Betti Löffler,,,,,4885,,,,,1,0,1
Person,Florence Martin,,,,,4886,,,,,2,0,2
Person,Ida Loos,,,,,4887,,,,,1,0,1
Person,Melissa Miller,,,,,4888,,,,,3,0,3
Person,Kuno Grein Groth,,,,,4889,,,,,2,0,2
Song,Naked Spectrum,False,2022,Desert Rock,True,4890,2022,,2022,2022.0,3,10,13
Person,Jing Qian,,,,,4891,,,,,3,0,3
Song,Beneath the Mask,True,2027,Jazz Surf Rock,True,4892,,,,2027.0,2,4,6
Person,Jie Mao,,,,,4893,,,,,1,0,1
Person,Guiying Su,,,,,4894,,,,,1,0,1
Person,Xiulan Wan,,,,,4895,,,,,1,0,1
Person,Wei Mo,,,,,4896,,,,,1,0,1
Song,Unfiltered Light,True,2016,Blues Rock,True,4897,,,,2016.0,3,3,6
Person,Scott Flores,,,,,4898,,,,,4,0,4
Person,Mark Singleton,,,,,4899,,,,,1,0,1
Song,Raw Palette,True,2023,Doom Metal,True,4900,2023,,,2023.0,5,3,8
Person,Frédérique Peron,,,,,4901,,,,,2,0,2
Person,Megan Baird,,,,,4902,,,,,2,0,2
Song,Fanfare of Folly,True,2014,Indie Rock,True,4903,,,2014,2014.0,2,5,7
Person,Amélie Peltier,,,,,4904,,,,,2,0,2
Person,Guillaume Cohen du Leduc,,,,,4905,,,,,1,0,1
Person,Wendy Nelson,,,,,4906,,,,,1,0,1
Person,Jerry Abbott,,,,,4907,,,,,1,0,1
RecordLabel,Toro Tracks,,,,,4908,,,,,0,4,4
Album,Battlefield Ballad,,2026,Alternative Rock,True,4909,,,,2026.0,3,3,6
Person,Cengiz Knappe,,,,,4910,,,,,4,0,4
Person,Nicolai Caspar,,,,,4911,,,,,1,0,1
Album,Satirical Skirmish,,2028,Space Rock,True,4912,,,,2028.0,3,7,10
Person,Victor Scott,,,,,4913,,,,,1,0,1
Person,Mark Mueller,,,,,4914,,,,,1,0,1
Person,Sherry Flores,,,,,4915,,,,,1,0,1
Person,Brandi Price,,,,,4916,,,,,1,0,1
Person,Katherine Dodson,,,,,4917,,,,,2,0,2
Person,Xia Li,,,,,4918,,,,,1,0,1
RecordLabel,Resilient Recordings,,,,,4919,,,,,0,2,2
Song,Comedic Conflict,True,2029,Darkwave,True,4920,,,,2029.0,7,5,12
Person,Nicholas Mckinney,,,,,4921,,,,,1,0,1
Person,Jeanette Bass,,,,,4922,,,,,1,0,1
Person,Jennifer Allen,,,,,4923,,,,,1,0,1
Person,Devon White,,,,,4924,,,,,2,0,2
RecordLabel,Arbor Sound,,,,,4925,,,,,0,4,4
Song,Street Corner Serenade,True,2015,Southern Gothic Rock,True,4926,,,,2015.0,3,7,10
Person,Victoria Johnson,,,,,4927,,,,,1,0,1
Person,Gloria Lewis,,,,,4928,,,,,2,0,2
Person,Jerry Ruiz,,,,,4929,,,,,1,0,1
Person,Bianca Weber,,,,,4930,,,,,5,0,5
RecordLabel,Tidal Verse Records,,,,,4931,,,,,0,5,5
Album,Harmony in the Alleyway,,1987,Speed Metal,True,4932,,,,1987.0,3,7,10
Song,Whispers and Echoes,True,2022,Symphonic Metal,True,4933,2016,,,2022.0,2,4,6
Person,Tao Qiao,,,,,4934,,,,,1,0,1
Song,Vintage Voices,False,2030,Synthwave,True,4935,,,,2030.0,6,4,10
Person,Megan Gilmore,,,,,4936,,,,,4,0,4
Album,Priceless Heart,,2000,Southern Gothic Rock,False,4937,,,,2000.0,4,10,14
Person,Frau Viola Ullmann,,,,,4938,,,,,1,0,1
Person,Thies Seifert,,,,,4939,,,,,1,0,1
Person,Alicia Heinz,,,,,4940,,,,,2,0,2
Person,Rose-Marie Schmidtke,,,,,4941,,,,,2,0,2
Person,Ivona Žáková,,,,,4942,,,,,2,0,2
Person,Ilona Stolze,,,,,4943,,,,,4,0,4
RecordLabel,Scribe Sound,,,,,4944,,,,,0,2,2
Album,Beyond the Price Tag,,2026,Desert Rock,False,4945,2020,,,2026.0,10,3,13
Person,Christopher Conway,,,,,4946,,,,,1,0,1
Person,Samantha Mcneil,,,,,4947,,,,,1,0,1
Person,Isaac Brown,,,,,4948,,,,,1,0,1
RecordLabel,Brandizzo Sound,,,,,4949,,,,,0,1,1
Song,Integrity's Valor,False,2025,Americana,True,4950,,,,2025.0,3,5,8
Person,Xiuying Qin,,,,,4951,,,,,1,0,1
Person,Heinz-Gerd Klapp,,,,,4952,,,,,2,0,2
Person,Ivo Ziegert,,,,,4953,,,,,2,0,2
Person,Brita Holsten,,,,,4954,,,,,2,0,2
Album,Unbroken Dignity,,2027,Indie Rock,True,4955,,,,2027.0,2,2,4
Person,Bianca Pugliese,,,,,4956,, Banks,,,1,0,1
Person,Baccio Caracciolo-Pelli,,,,,4957,,,,,1,0,1
RecordLabel,Horizon Echo Records,,,,,4958,,,,,0,2,2
Song,Whispers of Minor Keys,False,2023,Indie Rock,True,4959,,,,2023.0,6,3,9
Person,Michael Perkins,,,,,4960,,,,,2,0,2
Song,Cascading Shadows in C,True,2020,Indie Pop,True,4961,2020,,,2020.0,4,5,9
Person,Russell Ruiz,,,,,4962,,,,,2,0,2
Person,Lawrence Cooper,,,,,4963,,,,,4,0,4
RecordLabel,Guà Resonance,,,,,4964,,,,,0,2,2
Song,Moonlit Melancholy,True,2020,Synthwave,True,4965,,,,2020.0,2,4,6
Person,Larry Bailey,,,,,4966,,,,,1,0,1
Person,Kerri Castillo,,,,,4967,,,,,3,0,3
Person,Christine Mendoza,,,,,4968,,,,,1,0,1
Song,Echoes of Unresolved Harmony,True,2017,Dream Pop,True,4969,,,,2017.0,3,4,7
Person,Chao Wu,,,,,4970,,,,,1,0,1
Person,Juan Jia,,,,,4971,,,,,3,0,3
Person,Xiulan Cao,,,,,4972,,,,,2,0,2
Song,Rhythm of Rio's Soul,True,2024,Dream Pop,True,4973,,,,2024.0,4,10,14
Person,Juan Tao,,,,,4974,,,,,1,0,1
Person,Jun Hao,,,,,4975,,,,,2,0,2
Person,Xiulan Hao,,,,,4976,,,,,3,0,3
Person,Xiuying Liao,,,,,4977,,,,,1,0,1
Person,Aaron Horton,,,,,4978,,,,,1,0,1
Person,Xiuying Ye,,,,,4979,,,,,2,0,2
Person,Guiying Yuan,,,,,4980,,,,,5,0,5
Song,Samba's Heartbeat,False,2024,Space Rock,True,4981,2024,,,2024.0,3,11,14
Person,Xiulan Liu,,,,,4982,,,,,1,0,1
Person,Lei Cheng,,,,,4983,,,,,1,0,1
Person,Gang Fan,,,,,4984,,,,,2,0,2
Song,Dancing Through the Drums,False,2026,Indie Folk,True,4985,,,,2026.0,3,11,14
Person,Xia Tan,,,,,4986,,,,,1,0,1
Person,Lei Shi,,,,,4987,,,,,1,0,1
Person,Xiulan Meng,,,,,4988,,,,,2,0,2
Person,Gang Zeng,,,,,4989,,,,,2,0,2
Person,Chao Hou,,,,,4990,,,,,1,0,1
Person,Kristine Bullock,,,,,4991,,,,,1,0,1
Song,Carnival's Pulse,True,1997,Indie Pop,True,4992,,,,1997.0,4,7,11
Person,Hans-Eberhard Schleich,,,,,4993,,,,,2,0,2
Person,Ida Stolze-Lübs,,,,,4994,,,,,1,0,1
Person,Carmine Harloff,,,,,4995,,,,,1,0,1
Song,Seven Tones of Twilight,True,2001,Synthwave,True,4996,,,,2001.0,2,7,9
Person,Tammy Wilcox,,,,,4997,,Silver Halcyon,,,2,0,2
Person,Christine Olson,,,,,4998,,,,,2,0,2
Person,Megan Mcclure,,,,,4999,,,,,1,0,1
RecordLabel,Outernative,,,,,5000,,,,,0,1,1
Song,Chamber of Seven Shadows,False,1994,Indie Rock,True,5001,1991,,,1994.0,2,1,3
Person,Svetlana Freudenberger,,,,,5002,,,,,1,0,1
RecordLabel,Emperor Harmony,,,,,5003,,,,,0,1,1
Song,Harmonic Septet in Amber,True,2021,Synthwave,True,5004,,,,2021.0,4,10,14
Person,Na Kong,,,,,5005,,,,,1,0,1
Person,Tao Kang,,,,,5006,,,,,3,0,3
Person,Yang Xiao,,,,,5007,,,,,1,0,1
Person,Fang Kong,,,,,5008,,,,,2,0,2
Song,Echoes of Eight Strings,False,2023,Dream Pop,True,5009,2023,,,2023.0,2,5,7
Person,William White,,,,,5010,, J.T. Rose,,,2,0,2
Person,Tao Gao,,,,,5011,,,,,3,0,3
RecordLabel,Riverstone,,,,,5012,,,,,0,1,1
Song,Leaky Life Blues,True,2022,Indie Folk,True,5013,2022,,,2022.0,2,5,7
Person,Javi Fuente Benavente,,,,,5014,,,,,1,0,1
Person,Candela Pallarès Artigas,,,,,5015,,,,,3,0,3
Person,Feliciana Figuerola Cruz,,,,,5016,,,,,8,0,8
RecordLabel,Sinaloan Rhythms,,,,,5017,,,,,0,9,9
Song,Bucket of Broken Dreams,False,2016,Blues Rock,True,5018,2016,,,2016.0,3,3,6
Person,Simone Maurice,,,,,5019,,,,,1,0,1
Person,Diana Wilkinson,,,,,5020,,,,,2,0,2
Song,"Patch Me Up, Henry",True,2024,Jazz Surf Rock,True,5021,,,,2024.0,3,10,13
Person,Yong Zhu,,,,,5022,,,,,3,0,3
Person,Yan Tan,,,,,5023,,,,,2,0,2
Person,Na Xie,,,,,5024,,,,,4,0,4
Person,Yan Tian,,,,,5025,,,,,2,0,2
Person,Cynthia Dixon,,,,,5026,,,,,13,0,13
Person,Xiuying Dong,,,,,5027,,,,,2,0,2
Song,Holes Where Hope Should Be,True,2007,Alternative Rock,True,5028,,,,2007.0,4,10,14
Song,Landsbyens Drøm (Village's Dream),True,2026,Desert Rock,True,5029,,,,2026.0,6,11,17
Person,Wei Shi,,,,,5030,,,,,1,0,1
Person,Jing Wang,,,,,5031,,,,,2,0,2
Person,Richard Reyes,,,,,5032,,,,,1,0,1
Person,Fang Lin,,,,,5033,,,,,3,0,3
RecordLabel,Cube Sonic,,,,,5034,,,,,0,2,2
Album,Skogens Fortelling (The Forest's Tale),,2028,Space Rock,True,5035,2028,,,2028.0,19,4,23
Person,Qiang Qian,,,,,5036,,,,,1,0,1
Person,Xiuying Qian,,,,,5037,,,,,1,0,1
Person,Min He,,,,,5038,,,,,17,0,17
RecordLabel,Cadenza Noir,,,,,5039,,,,,0,2,2
Song,Eldgamle Stier (Ancient Paths),True,2026,Lo-Fi Electronica,True,5040,2023,,,2026.0,7,4,11
Person,Astrid Weinhold,,,,,5041,,,,,1,0,1
Person,Janin Hartmann,,,,,5042,,,,,2,0,2
Person,Meik Plath,,,,,5043,,,,,4,0,4
RecordLabel,Toten Sounds,,,,,5044,,,,,0,1,1
RecordLabel,Distrito Sonoro,,,,,5045,,,,,0,3,3
Album,Høstens Melodi (Autumn's Melody),,2007,Americana,True,5046,,,2007,2007.0,5,8,13
Person,Jie Cao,,,,,5047,,,,,2,0,2
Person,Dennis Bush,,,,,5048,,,,,5,0,5
Person,Robert Knight,,,,,5049,,,,,8,0,8
Person,Xiuying Liang,,,,,5050,,,,,2,0,2
Song,Whispers of Summer Wings,True,1997,Emo/Pop Punk,True,5051,,,,1997.0,3,13,16
Person,Falko Mielcarek,,,,,5052,,,,,1,0,1
Song,Sunlit Serenade,True,2029,Jazz Surf Rock,True,5053,,,,2029.0,5,3,8
Person,Ping Pan,,,,,5054,,,,,3,0,3
Song,Ephemeral Chorus,False,2029,Indie Rock,True,5055,,,,2029.0,3,6,9
Person,Thomas Carter,,,,,5056,,,,,1,0,1
RecordLabel,Onzième Sonore,,,,,5057,,,,,0,6,6
Song,Rhythm of the Heated Skies,True,2021,Lo-Fi Electronica,False,5058,2021,,,2021.0,4,4,8
Song,Neon Nights and Velvet Dreams,False,2023,Doom Metal,False,5059,,,,2023.0,3,7,10
Person,Doris Klemt-Junck,,,,,5060,,,,,1,0,1
Album,Sequin Serenade,,2013,Synthwave,True,5061,,,,2013.0,2,10,12
Person,Osamu Hayashi,,,,,5062,,,,,1,0,1
Person,Satomi Aoki,,,,,5063,,,,,2,0,2
Person,Akira Saito,,,,,5064,,,,,1,0,1
Person,Momoko Yamamoto,,,,,5065,,,,,2,0,2
Person,Mikako Kondo,,,,,5066,,,,,1,0,1
Person,Yosuke Ito,,,,,5067,,,,,1,0,1
Song,Retrograde Rhythm,True,2026,Americana,True,5068,2026,,,2026.0,2,5,7
Person,Yan Cheng,,,,,5069,,Ivessa,,,2,0,2
Person,Yong Zhou,,,,,5070,,,,,1,0,1
Person,Lei Xiong,,,,,5071,,,,,1,0,1
Person,Taylor Hayes,,,,,5072,,,,,1,0,1
RecordLabel,Żmierek Sounds,,,,,5073,,,,,0,2,2
Album,Mirror Ball Memories,,2010,Dream Pop,True,5074,2010,,,2010.0,4,7,11
Song,Reflection's Embrace,True,2021,Blues Rock,True,5075,,,2021,2021.0,4,6,10
Person,Amalia Tartaglia,,,,,5076,,,,,3,0,3
Person,Adrien Gonzalez-Duval,,,,,5077,,,,,1,0,1
RecordLabel,Clay Spin,,,,,5078,,,,,0,2,2
Song,The Pool of Self-Obsession,True,2020,Indie Folk,True,5079,2020,,2020,2020.0,2,10,12
Person,Melody Cuevas,,,,,5080,,,,,1,0,1
Person,Christy Lewis,,,,,5081,,,,,1,0,1
Person,Karen Schultz,,,,,5082,,,,,1,0,1
Person,Ryan Baxter,,,,,5083,,,,,1,0,1
Person,Stanley Roberts,,,,,5084,,,,,1,0,1
Person,Christopher Wilcox,,,,,5085,,,,,1,0,1
Person,William Vollbrecht,,,,,5086,,,,,1,0,1
Person,Debbie Mcgrath,,,,,5087,,,,,2,0,2
Song,Echoes of a Lonely Gaze,False,2026,Lo-Fi Electronica,True,5088,2026,,2026,2026.0,13,6,19
Song,Drowning in My Own Image,True,2020,Indie Folk,True,5089,2017,,,2020.0,4,9,13
Person,Gang Huang,,,,,5090,,Dante Cruz,,,1,0,1
Person,Min Li,,,,,5091,,,,,1,0,1
Person,Na Cui,,,,,5092,,,,,1,0,1
Person,Yang Lu,,,,,5093,,,,,1,0,1
Person,Lei Kong,,,,,5094,,,,,2,0,2
Person,Xia Cheng,,,,,5095,,,,,2,0,2
Song,Whispers of the Verdant Farewell,True,2026,Synthwave,True,5096,,,,2026.0,5,6,11
Person,Sandra Miller,,,,,5097,,,,,1,0,1
Person,Michelle Johnson,,,,,5098,,,,,2,0,2
Person,Tina Morgan,,,,,5099,,,,,1,0,1
Song,Sylvan Bride's Lament,False,2010,Oceanus Folk,True,5100,2010,,,2010.0,4,12,16
Person,Ethan Sanchez,,,,,5101,,,,,1,0,1
Person,Yan Fang,,,,,5102,,,,,1,0,1
Person,Xiuying Yin,,,,,5103,,,,,1,0,1
Person,Fang Gu,,,,,5104,,,,,2,0,2
Person,Na Yang,,,,,5105,,,,,1,0,1
Person,Yan Liang,,,,,5106,,,,,5,0,5
Person,Tao Yao,,,,,5107,,,,,2,0,2
Person,Ping Cui,,,,,5108,,,,,2,0,2
Song,Echoes from the Alpine Parting,True,2004,Emo/Pop Punk,True,5109,,,,2004.0,5,6,11
Song,Wilderness Vows at Twilight,True,1991,Indie Pop,True,5110,1991,,,1991.0,2,28,30
Album,Shattered Horizons,,2008,Emo/Pop Punk,True,5111,,,,2008.0,2,3,5
Person,Lei Wang,,,,,5112,,,,,12,0,12
Song,Gravity of Collapse,True,2026,Indie Rock,True,5113,,,,2026.0,7,9,16
Person,Evelyn Hernandez,,,,,5114,,,,,4,0,4
Person,Adam Nelson,,,,,5115,,,,,2,0,2
Person,James Green,,,,,5116,,,,,2,0,2
Person,Kevin Baker,,,,,5117,,,,,4,0,4
Person,Kathryn Sherman,,,,,5118,,,,,4,0,4
Song,Fragments of Yesterday,True,2011,Psychedelic Rock,False,5119,,,,2011.0,3,12,15
Person,Olivia Morgan,,,,,5120,,LIV,,,2,0,2
Person,Brian Holmes,,,,,5121,,,,,1,0,1
Person,Ricky Evans,,,,,5122,,,,,2,0,2
Person,Janet Wood,,,,,5123,,,,,2,0,2
Person,Theresa Bradley,,,,,5124,,,,,3,0,3
Person,Shari Gomez,,,,,5125,,,,,1,0,1
Song,Broken Silent Skies,True,2026,Indie Folk,True,5126,,,,2026.0,2,4,6
Person,Justin Morales,,,,,5127,,,,,1,0,1
Person,Tyler Clay,,,,,5128,,,,,1,0,1
Person,Nicholas Davis,,,,,5129,,,,,2,0,2
Person,William Francis,,,,,5130,,,,,1,0,1
Album,Landfill Lament,,2010,Doom Metal,True,5131,,,,2010.0,3,5,8
Person,Ottilie Fiebig,,,,,5132,,,,,1,0,1
Song,Trash Heap Serenade,True,2007,Speed Metal,True,5133,,,,2007.0,1,9,10
Person,Anastazja Siedlik,,,,,5134,, DA GHOST,,,1,0,1
Person,Liwia Głuszko,,,,,5135,,,,,1,0,1
Person,Mieszko Dorna,,,,,5136,,,,,1,0,1
Person,Wiktor Kazimierczyk,,,,,5137,,,,,1,0,1
Person,Crystal Caldwell,,,,,5138,,,,,1,0,1
Person,Kajetan Ryszkiewicz,,,,,5139,,,,,1,0,1
Person,Sara Hołubowicz,,,,,5140,,,,,2,0,2
RecordLabel,Municipal Groove,,,,,5141,,,,,0,4,4
Song,Discarded Dreams,True,1996,Psychedelic Rock,True,5142,1996,,,1996.0,2,5,7
Person,David Jenkins,,,,,5143,, The Lotus,,,1,0,1
Person,Kathy Phillips,,,,,5144,,Katrix,,,2,0,2
Person,Tammy Griffin,,,,,5145,,,,,1,0,1
Song,Waste Management Waltz,False,2026,Darkwave,True,5146,,,2026,2026.0,6,9,15
Person,Yong Xia,,,,,5147,,Neon Solstice,,,1,0,1
Person,Matthew Williams,,,,,5148,,,,,1,0,1
Person,Lei Jiang,,,,,5149,,,,,2,0,2
Person,Kenneth Moore,,,,,5150,,,,,2,0,2
Person,Linda Santos,,,,,5151,,,,,2,0,2
Person,Jason Garcia,,,,,5152,,,,,1,0,1
RecordLabel,Sonore Horizon,,,,,5153,,,,,0,1,1
Song,Whispers of the Windswept Carriage,True,2020,Indie Folk,True,5154,,,,2020.0,2,9,11
Person,David Glenn,,,,,5155,,,,,1,0,1
Person,Min Chen,,,,,5156,,,,,1,0,1
Person,Johnny Smith,,,,,5157,,,,,2,0,2
Person,Ming Fang,,,,,5158,,,,,1,0,1
Song,Rhythms of the Rolling Journey,True,2029,Desert Rock,True,5159,,,,2029.0,3,8,11
Person,Kimberly Smith,,,,,5160,,,,,2,0,2
Person,Susan Spencer,,,,,5161,,,,,1,0,1
Person,Duane Richardson,,,,,5162,,,,,2,0,2
Person,Brian Garrett,,,,,5163,,,,,2,0,2
Person,Karen Williams,,,,,5164,,,,,1,0,1
Song,Praise Be to My Traveling Soul,True,2020,Doom Metal,True,5165,2020,,,2020.0,3,8,11
Person,Carlos Davis,,,,,5166,,,,,2,0,2
Person,Rebecca Thompson,,,,,5167,,,,,2,0,2
Person,Elizabeth Lin,,,,,5168,,,,,1,0,1
Person,Adam Reid,,,,,5169,,,,,1,0,1
Person,Ashley Moore,,,,,5170,,,,,1,0,1
Person,Nichole Dean,,,,,5171,,,,,1,0,1
RecordLabel,Mestika Sound,,,,,5172,,,,,0,1,1
Album,Echoes of the Wandering Wheels,,2029,Dream Pop,True,5173,,,,2029.0,5,5,10
Person,Christina Mckay,,,,,5174,, NITE,,,1,0,1
Person,Lei Zhou,,,,,5175,,,,,1,0,1
Person,Wei Zheng,,,,,5176,,,,,2,0,2
Person,Jing Zhong,,,,,5177,,,,,1,0,1
Song,Rhythm of Seven Steps,True,2027,Lo-Fi Electronica,True,5178,2027,,,2027.0,3,2,5
Person,Haley Silva,,,,,5179,,,,,1,0,1
RecordLabel,Mighty Bydgoszcz Sound,,,,,5180,,,,,0,1,1
Song,Dancing Through Numbered Paths,True,2018,Dream Pop,True,5181,,,,2018.0,4,11,15
Person,Rosalie Hörle,,,,,5182,,,,,1,0,1
Person,Madeleine Wulf,,,,,5183,,,,,2,0,2
Person,Baptist Gierschner,,,,,5184,,,,,1,0,1
Person,Min Qiu,,,,,5185,,,,,1,0,1
Person,Ante Reinhardt-Hande,,,,,5186,,,,,7,0,7
Person,Guiying Cai,,,,,5187,,,,,4,0,4
Song,Hopscotch Heartbeat,True,2012,Synthwave,True,5188,,,,2012.0,2,7,9
Person,Kimberly Hernandez,,,,,5189,,,,,1,0,1
Person,Matthew Conner PhD,,,,,5190,,,,,1,0,1
Person,Caroline Williams,,,,,5191,,,,,1,0,1
Person,Michelle Ellis,,,,,5192,,,,,2,0,2
Person,Jacob Rogers,,,,,5193,,,,,2,0,2
RecordLabel,Ophelia Pulse,,,,,5194,,,,,0,2,2
Song,The Geometric Waltz,True,2027,Dream Pop,True,5195,2027,,,2027.0,3,8,11
Person,Xiuying Fan,,,,,5196,, Leo Winter,,,1,0,1
Person,James Nolan,,,,,5197,,,,,1,0,1
Person,Ping Zou,,,,,5198,,,,,1,0,1
Person,William Sullivan,,,,,5199,,,,,2,0,2
Person,Xia Qin,,,,,5200,,,,,1,0,1
Person,Nichole Cruz,,,,,5201,,,,,1,0,1
Person,Heather Pollard,,,,,5202,,,,,1,0,1
Song,Linguistic Labyrinths,True,2007,Emo/Pop Punk,True,5203,2007,,,2007.0,3,5,8
Album,Syntax of Shadows,,2028,Indie Folk,True,5204,,,,2028.0,3,8,11
Person,John Howe,,,,,5205,,,,,1,0,1
Person,Xiuying Gong,,,,,5206,,,,,2,0,2
Person,Min Liang,,,,,5207,,,,,1,0,1
Person,Fang Xiao,,,,,5208,,,,,1,0,1
Person,Na Ye,,,,,5209,,,,,2,0,2
Person,Chao Ye,,,,,5210,,,,,2,0,2
Person,Xia Tan,,,,,5211,,,,,1,0,1
Song,Whispers Unraveled,False,2004,Southern Gothic Rock,True,5212,,,,2004.0,2,9,11
Person,Samantha Bullock,,,,,5213,,,,,15,0,15
Song,Grammatical Gymnastics,False,2012,Lo-Fi Electronica,True,5214,,,,2012.0,4,9,13
Person,Kathleen Davis,,,,,5215,,,,,4,0,4
Song,Twilight's Gypsy Memories,True,2018,Jazz Surf Rock,True,5216,2018,,,2018.0,3,7,10
Person,Yang Liao,,,,,5217,,,,,1,0,1
Song,Sunset Over Wandering Hearts,True,1996,Blues Rock,True,5218,,,1996,1996.0,2,4,6
Person,Arsenio Berengario,,,,,5219,,,,,1,0,1
Song,Crimson Skies and Distant Love,True,2023,Americana,True,5220,,,,2023.0,2,6,8
Person,Ping Qiao,,,,,5221,,,,,2,0,2
Person,Xia Lin,,,,,5222,,,,,2,0,2
Person,Jun Xiong,,,,,5223,,,,,4,0,4
Album,Echoes of a Romany Farewell,,2017,Doom Metal,True,5224,2017,,,2017.0,2,8,10
Person,Alfredo Ajello,,,,,5225,,,,,4,0,4
Person,Puccio Bixio-Gatto,,,,,5226,,,,,3,0,3
Person,Sonia Porzio,,,,,5227,,,,,1,0,1
Person,Vittorio Tamburello,,,,,5228,,,,,2,0,2
Person,Janet Cunningham,,,,,5229,,,,,2,0,2
RecordLabel,Yandex Rhythm,,,,,5230,,,,,0,2,2
RecordLabel,Shrine Studios,,,,,5231,,,,,0,1,1
Song,Whispers of Ancient Branches,True,2009,Emo/Pop Punk,True,5232,,,,2009.0,6,8,14
Album,Twilight Between Legends,,2004,Dream Pop,True,5233,2004,,,2004.0,1,11,12
Person,Tao Peng,,,,,5234,,,,,1,0,1
Person,Li Liao,,,,,5235,,,,,2,0,2
Person,Xiuying Cui,,,,,5236,,,,,2,0,2
Person,Xia Kong,,,,,5237,,,,,1,0,1
Song,Shadows of Forgotten Myths,True,2016,Jazz Surf Rock,True,5238,2016,,,2016.0,2,6,8
Person,Prerak Keer,,,,,5239,,,,,1,0,1
Person,Gokul Konda,,,,,5240,,,,,1,0,1
Person,Indranil Vala,,,,,5241,,,,,2,0,2
RecordLabel,Resonant Valley,,,,,5242,,,,,0,3,3
Song,The Woodland's Silent Chronicle,True,2027,Jazz Surf Rock,True,5243,2024,,,2027.0,2,4,6
Person,Ping Lei,,,,,5244,,,,,1,0,1
Person,Guiying Hou,,,,,5245,,,,,2,0,2
Person,Yong Cui,,,,,5246,,,,,1,0,1
Song,Polaroid Memories,True,2024,Indie Folk,True,5247,,,,2024.0,1,10,11
Person,Yang Cui,,,,,5248,,,,,1,0,1
Person,Xiuying Xiang,,,,,5249,,,,,2,0,2
Person,Tao Ma,,,,,5250,,,,,2,0,2
Person,Tao Huang,,,,,5251,,,,,2,0,2
Person,Xia Liao,,,,,5252,,,,,1,0,1
Person,Tao Long,,,,,5253,,,,,2,0,2
Song,Sunset on Asphalt,True,2028,Blues Rock,True,5254,2028,,,2028.0,5,7,12
Person,Orazio Curatoli,,,,,5255,,,,,1,0,1
Person,Dolores Tasso,,,,,5256,,,,,3,0,3
Person,Renzo Dallapé,,,,,5257,,,,,2,0,2
Person,Gianfranco Falier,,,,,5258,,,,,11,0,11
RecordLabel,Saint Sound Studios,,,,,5259,,,,,0,2,2
Album,Young and Restless,,2010,Doom Metal,True,5260,,,,2010.0,2,6,8
Person,Ming Zhou,,,,,5261,,,,,1,0,1
Person,Xia Pan,,,,,5262,,,,,2,0,2
Person,Min Peng,,,,,5263,,,,,1,0,1
Song,Faded Denim Days,True,2007,Doom Metal,True,5264,2007,,,2007.0,3,9,12
Album,Brass Whispers in Ascending Harmony,,2002,Speed Metal,True,5265,,,2002,2002.0,4,6,10
Person,Guiying Hou,,,,,5266,,,,,5,0,5
Song,Tripartite Fanfare of Metallic Voices,True,2027,Space Rock,True,5267,,,2027,2027.0,2,6,8
Person,Jing Lai,,,,,5268,,,,,1,0,1
Person,Gang Du,,,,,5269,,,,,1,0,1
Person,Xia Wei,,,,,5270,,,,,1,0,1
Person,Yong Meng,,,,,5271,,,,,2,0,2
RecordLabel,Jevany Groove,,,,,5272,,,,,0,2,2
Song,Concerto for Embouchure and Echo,True,2025,Dream Pop,True,5273,,,,2025.0,2,4,6
Person,Ming Feng,,,,,5274,,,,,2,0,2
Person,Xiuying Zhou,,,,,5275,,,,,1,0,1
Song,Windborne Dialogues of Three Horns,True,2013,Indie Folk,True,5276,2013,,,2013.0,3,3,6
Person,Joseph Adams,,,,,5277,,,,,2,0,2
Person,Heather Davis,,,,,5278,,,,,1,0,1
Song,Silent Walls,True,1998,Indie Pop,True,5279,1998,,,1998.0,2,8,10
Person,Cameron Faulkner,,,,,5280,,Horizon,,,3,0,3
Person,Ismet Heser,,,,,5281,,,,,10,0,10
RecordLabel,Epoch Verse Publications,,,,,5282,,,,,0,2,2
Song,Dial Tone Goodbye,True,2003,Indie Pop,True,5283,,,,2003.0,3,7,10
Song,Read Receipts and Regrets,False,1984,Blues Rock,True,5284,1984,,1984,1984.0,2,5,7
Album,White Noise Between Us,,2017,Dream Pop,True,5285,2017,,,2017.0,4,2,6
Person,Amanda Hill,,,,,5286,, R.E.D.,,,6,0,6
Person,Darshit Gandhi,,,,,5287,,,,,1,0,1
Album,Broadway's Glittering Moment,,2010,Doom Metal,True,5288,,,,2010.0,2,11,13
Person,Larry Massey,,,,,5289,,,,,1,0,1
Person,Raymond Kennedy,,,,,5290,,,,,1,0,1
Person,Rene Wulff-Kranz,,,,,5291,,,,,1,0,1
Person,Stephanie Silva,,,,,5292,,,,,2,0,2
Person,Jorge Hood,,,,,5293,,,,,2,0,2
Person,Keith Hernandez,,,,,5294,,,,,3,0,3
Album,Feathers and Sequins,,2004,Doom Metal,True,5295,,,,2004.0,1,20,21
Person,Samuel Morrison,,,,,5296,,,,,1,0,1
Person,Anthony Gutierrez,,,,,5297,,,,,3,0,3
Person,Andrew Miller,,,,,5298,,,,,2,0,2
Person,Robert Martinez,,,,,5299,,,,,2,0,2
Song,The Midnight Revue,False,2027,Psychedelic Rock,True,5300,,,,2027.0,4,7,11
Person,Leonard Phillips,,,,,5301,,TR1P LIT,,,2,0,2
Person,Matthew Nichols,,,,,5302,,,,,2,0,2
Person,Latoya English,,,,,5303,,,,,2,0,2
Person,Dustin Lopez,,,,,5304,,,,,3,0,3
Person,Walter Bell,,,,,5305,,,,,2,0,2
RecordLabel,Sacred Sound,,,,,5306,,,,,0,5,5
Song,Florenz's Dream,False,2013,Doom Metal,True,5307,,,,2013.0,4,9,13
Person,Berend Suijker-Tirie,,,,,5308,,,,,4,0,4
Person,Gundula Löchel,,,,,5309,,,,,4,0,4
Song,Whispers Between Verses,True,2024,Indie Rock,True,5310,2024,,,2024.0,4,15,19
Person,Autumn Johnson,,,,,5311,,,,,1,0,1
Person,Ramona Mezzetta,,,,,5312,,,,,1,0,1
Person,Sydney James,,,,,5313,,,,,1,0,1
Person,Veronica Ferguson,,,,,5314,,,,,3,0,3
Person,Lauren Rich,,,,,5315,,,,,1,0,1
Person,Cynthia Nunez,,,,,5316,,,,,2,0,2
Person,Craig Campbell,,,,,5317,,,,,1,0,1
Song,Melody of the Heart,True,2019,Doom Metal,False,5318,,,,2019.0,3,8,11
Person,Gioacchino Gargallo,,,,,5319,, Cruz,,,2,0,2
Person,Bianca Peano,,,,,5320,,,,,3,0,3
Person,Randolf Fiebig,,,,,5321,,,,,2,0,2
Album,Echoes of Us,,2027,Dream Pop,True,5322,2027,,,2027.0,2,3,5
Person,Leroy Reeves,,,,,5323,,,,,2,0,2
Person,Alan Smith,,,,,5324,,,,,1,0,1
Album,Rhythm of Romance,,2013,Doom Metal,True,5325,,,,2013.0,4,6,10
Person,Elenore Wulff,,,,,5326,,,,,1,0,1
Person,Hubertine Plath,,,,,5327,,,,,1,0,1
Person,Irmtraut Benthin,,,,,5328,,,,,1,0,1
Person,Yang Gu,,,,,5329,,,,,2,0,2
Person,Oscar Marshall,,,,,5330,,,,,4,0,4
Song,Toilet Titan,True,2017,Synthwave,True,5331,,,,2017.0,2,5,7
Person,Jolanta Schlosser,,,,,5332,,,,,2,0,2
Person,Henrike Pärtzelt,,,,,5333,,,,,1,0,1
Person,Hans Josef Haering,,,,,5334,,,,,2,0,2
Song,Cameraman's Lament,True,2013,Blues Rock,True,5335,,,,2013.0,3,4,7
Person,Karla Moreno,,,,,5336,,R3K STRIKKA,,,1,0,1
Person,Patricia Cherry,,,,,5337,,,,,2,0,2
Person,Colton Dickerson,,,,,5338,,,,,3,0,3
Song,Digital Head Quest,False,2026,Indie Folk,True,5339,2026,,,2026.0,3,9,12
Person,Alyssa Franklin,,,,,5340,,,,,1,0,1
Person,Li Tan,,,,,5341,,,,,2,0,2
Person,Fang Yin,,,,,5342,,,,,1,0,1
Person,Heidi Mills,,,,,5343,,,,,1,0,1
Person,Jie Fan,,,,,5344,,,,,1,0,1
Person,Xiulan Wang,,,,,5345,,,,,7,0,7
Person,Juan Qiu,,,,,5346,,,,,1,0,1
RecordLabel,Last Frequency Music,,,,,5347,,,,,0,3,3
Album,Porcelain Rebellion,,2010,Americana,False,5348,,,,2010.0,1,4,5
Person,Wei Zhong,,,,,5349,,,,,2,0,2
Person,Wei Zeng,,,,,5350,,,,,1,0,1
Album,Lifted Voices,,2014,Dream Pop,True,5351,,,2014,2014.0,2,8,10
Person,Ping Xiang,,,,,5352,,,,,1,0,1
Person,Chao Cai,,,,,5353,,,,,1,0,1
Person,Stephen Ross,,,,,5354,,,,,1,0,1
Person,Jing Tian,,,,,5355,,,,,3,0,3
Song,Hallelujah Horizon,True,2016,Psychedelic Rock,True,5356,,,,2016.0,2,10,12
Person,Emily Glenn,,,,,5357,,,,,2,0,2
Person,Jing Xiang,,,,,5358,,,,,2,0,2
Person,Na Luo,,,,,5359,,,,,2,0,2
Person,Ping Xiang,,,,,5360,,,,,5,0,5
Song,Echoes of Adoration,True,2026,Emo/Pop Punk,True,5361,2020,,,2026.0,9,3,12
Person,Yong Su,,,,,5362,,,,,4,0,4
Person,Jing Yin,,,,,5363,,,,,4,0,4
Song,Radiant Worship,True,2027,Dream Pop,True,5364,,,,2027.0,3,10,13
Person,Guiying Zhao,,,,,5365,, Diamond Dusk,,,1,0,1
Person,Xiuying Song,,,,,5366,,,,,8,0,8
Person,Juan Feng,,,,,5367,,,,,6,0,6
Person,Xia Dai,,,,,5368,,,,,7,0,7
Person,Lei Xie,,,,,5369,,,,,1,0,1
Person,Xiuying Xiang,,,,,5370,,,,,8,0,8
Person,Lei Lai,,,,,5371,,,,,2,0,2
Song,Caribbean Courage,False,2013,Indie Folk,True,5372,2010,,,2013.0,1,4,5
Person,Victoria Pierce,,,,,5373,,,,,3,0,3
Person,Wieslaw Heydrich,,,,,5374,,,,,1,0,1
RecordLabel,Harmonic Horizons,,,,,5375,,,,,0,2,2
Song,Island Resolve,True,2022,Desert Rock,True,5376,,,,2022.0,3,7,10
Person,Juan Lai,,,,,5377,,,,,2,0,2
Person,Min Xiang,,,,,5378,,,,,1,0,1
Person,Yan Sun,,,,,5379,,,,,1,0,1
Person,Na Dai,,,,,5380,,,,,1,0,1
Person,Guiying Jia,,,,,5381,,,,,4,0,4
Person,Yong Wang,,,,,5382,,,,,9,0,9
Song,Tropical Determination,True,1984,Indie Folk,True,5383,,,1984,1984.0,2,3,5
Person,Jennifer Henderson,,,,,5384,,,,,1,0,1
Person,Elizabeth Flores,,,,,5385,,,,,1,0,1
Song,Reggae Spirit Rising,True,2013,Oceanus Folk,True,5386,,,,2013.0,2,5,7
Person,Yang Zhong,,,,,5387,,,,,2,0,2
Person,Jun Yu,,,,,5388,,,,,2,0,2
Song,If Only You Had Stayed in Your Hometown,True,2020,Post-Apocalyptic Folk,True,5389,,,,2020.0,7,6,13
Person,Wei Wan,,,,,5390,,,,,2,0,2
Person,Yan Jia,,,,,5391,,,,,1,0,1
Song,Postcards from the City I Left Behind,True,2016,Synthpop,True,5392,2016,,,2016.0,1,4,5
Person,Wei Hao,,,,,5393,,,,,1,0,1
Song,Echoes of a Road Not Taken,True,2027,Americana,True,5394,2027,,,2027.0,5,6,11
Person,Yan Kang,,,,,5395,,,,,3,0,3
Album,Miles Between Us and Memory Lane,,2026,Psychedelic Rock,True,5396,2026,,,2026.0,3,11,14
Person,Guiying Fu,,,,,5397,,,,,1,0,1
Person,Shawn Fox,,,,,5398,,,,,6,0,6
Person,Chao Liao,,,,,5399,,,,,2,0,2
Person,Min Lu,,,,,5400,,,,,2,0,2
Person,Xia Yu,,,,,5401,,,,,1,0,1
Person,Jun Yin,,,,,5402,,,,,5,0,5
Person,Juan Ding,,,,,5403,,,,,1,0,1
Person,Jing Feng,,,,,5404,,,,,5,0,5
RecordLabel,Jevany Harmony,,,,,5405,,,,,0,1,1
RecordLabel,Argelers Vinyl,,,,,5406,,,,,0,1,1
Song,The Whispers of Walborg,True,2023,Avant-Garde Folk,True,5407,,,,2023.0,8,4,12
Person,Yong Mao,,,,,5408,,,,,2,0,2
RecordLabel,Echoes Terrain,,,,,5409,,,,,0,1,1
Song,Echoes from the Northern Fjord,True,2023,Indie Folk,True,5410,,,,2023.0,2,5,7
Person,Jie Li,,,,,5411,,,,,1,0,1
Person,Xiuying Yao,,,,,5412,,,,,2,0,2
Person,Lei Kong,,,,,5413,,,,,2,0,2
RecordLabel,Rumson Rhythm,,,,,5414,,,,,0,4,4
Song,Walborg's Lament,True,2028,Darkwave,True,5415,2028,,2028,2028.0,5,12,17
Person,Guiying Wan,,,,,5416,,,,,1,0,1
Person,Qiang Jiang,,,,,5417,,,,,1,0,1
Person,Ming Zeng,,,,,5418,,,,,2,0,2
Person,Karen Graham,,,,,5419,,,,,1,0,1
Person,Wei Long,,,,,5420,,,,,2,0,2
Person,Qiang Wen,,,,,5421,,,,,1,0,1
Person,Yan Qiu,,,,,5422,,,,,3,0,3
Person,Chao Fang,,,,,5423,,,,,1,0,1
Person,Qiang Su,,,,,5424,,,,,1,0,1
Song,Memories of the Nordic Maiden,True,2013,Doom Metal,True,5425,2013,,2013,2013.0,3,18,21
Person,Pier Pavone-Cignaroli,,,,,5426,,,,,2,0,2
Album,Harvest Whispers,,1997,Dream Pop,True,5427,1997,,,1997.0,1,7,8
Person,Sebastiano Torlonia,,,,,5428,,,,,2,0,2
Person,Griselda Renier-Mozart,,,,,5429,,,,,1,0,1
Person,Caterina Mercadante-Munari,,,,,5430,,,,,1,0,1
Person,Elizabeth Baker,,,,,5431,,,,,1,0,1
Song,Sickle's Serenade,True,2004,Synthwave,True,5432,,,,2004.0,2,15,17
Person,Jennifer Gibson,,,,,5433,,,,,3,0,3
Person,Laura Brown,,,,,5434,,,,,1,0,1
Person,Jing Gao,,,,,5435,,,,,1,0,1
Song,Fields of Golden Promise,True,1984,Dream Pop,True,5436,,,,1984.0,1,6,7
Person,Anaya Randhawa,,,,,5437,,,,,1,0,1
Song,Reaper's Rhythm,True,2028,Dream Pop,True,5438,,,,2028.0,2,10,12
Person,Fang Shi,,,,,5439,,,,,1,0,1
Person,Guiying Lu,,,,,5440,,,,,1,0,1
Person,Guiying Jin,,,,,5441,,,,,1,0,1
Person,Qiang Jin,,,,,5442,,,,,1,0,1
Person,Megan Fox,,,,,5443,,,,,1,0,1
Person,Xiuying Gao,,,,,5444,,,,,2,0,2
Person,Xia Zhao,,,,,5445,,,,,1,0,1
Person,Jie Gu,,,,,5446,,,,,1,0,1
Person,Yang Lai,,,,,5447,,,,,1,0,1
Song,Masked Moments,True,2002,Alternative Rock,True,5448,2002,,,2002.0,2,5,7
Person,Jonathan Fisher,,,,,5449,, Palmer,,,1,0,1
Person,Stephanie Bird,,,,,5450,,,,,2,0,2
Person,Jun Pan,,,,,5451,,,,,1,0,1
Song,Distance Between Hearts,True,2007,Doom Metal,True,5452,,,,2007.0,2,5,7
Person,Jonathan May,,,,,5453,,,,,1,0,1
Person,Xia Long,,,,,5454,,,,,3,0,3
Song,Quarantine Whispers,False,1999,Southern Gothic Rock,True,5455,,,1999,1999.0,3,17,20
Person,Matthew Miller,,,,,5456,,,,,1,0,1
Song,Six Feet From You,True,2017,Oceanus Folk,True,5457,,,,2017.0,3,4,7
Person,Raymond Martin,,,,,5458,,,,,1,0,1
Person,Tao Jin,,,,,5459,,,,,9,0,9
Song,Shadows Behind Lace,True,2024,Psychedelic Rock,True,5460,2024,,2024,2024.0,3,8,11
Person,Letizia Agnesi-Piacentini,,,,,5461,,,,,1,0,1
Person,Arnaldo Borzomì,,,,,5462,,,,,1,0,1
Person,Pomponio Pometta,,,,,5463,,,,,2,0,2
Person,Ottavio Barcella-Ritacca,,,,,5464,,,,,1,0,1
Person,Ippazio Barcella,,,,,5465,,,,,4,0,4
Person,Aurora Alboni,,,,,5466,,,,,1,0,1
Person,Coriolano Riccati,,,,,5467,,,,,1,0,1
RecordLabel,Alabaster Sonics,,,,,5468,,,,,0,1,1
Song,Windowpane Secrets,True,2020,Indie Pop,True,5469,,,,2020.0,3,6,9
Person,Ruben Watkins,,,,,5470,,,,,2,0,2
Person,Gerald Collins,,,,,5471,,,,,1,0,1
Person,Amanda Davis,,,,,5472,,,,,2,0,2
Song,Translucent Whispers,True,2020,Alternative Rock,True,5473,,,,2020.0,2,4,6
Person,Na Fu,,,,,5474,,,,,1,0,1
Person,Sheila Acosta,,,,,5475,,,,,2,0,2
RecordLabel,Horizon Sound Records,,,,,5476,,,,,0,3,3
Song,Fabric Divides,True,2026,Americana,True,5477,2026,,2026,2026.0,3,5,8
Person,Marilyn Moore,,,,,5478,,,,,4,0,4
Person,Susan Edwards,,,,,5479,,,,,3,0,3
Song,Whispers of Our Silent Agreement,False,2018,Lo-Fi Electronica,True,5480,,,,2018.0,6,6,12
Person,Min Zhao,,,,,5481,,,,,4,0,4
Person,Yong Hu,,,,,5482,,,,,1,0,1
Song,Shadows of a Promise Unbroken,True,2023,Synthwave,True,5483,,,,2023.0,4,9,13
Person,Tao Hu,,,,,5484,,,,,2,0,2
Person,Guiying Ren,,,,,5485,,,,,1,0,1
Person,Ming Qiu,,,,,5486,,,,,1,0,1
Person,Ashley Brady,,,,,5487,,,,,1,0,1
RecordLabel,Novaxis,,,,,5488,,,,,0,1,1
Album,Sealed with Unspoken Words,,2025,Dream Pop,True,5489,2022,,2025,2025.0,2,3,5
Person,Joseph Contreras,,,,,5490,,,,,2,0,2
Person,Ana Wilson,,,,,5491,,,,,1,0,1
Song,The Covenant We Share,True,2023,Indie Folk,True,5492,,,,2023.0,7,17,24
Person,Gang Jia,,,,,5493,,,,,1,0,1
Person,Chao Yu,,,,,5494,,,,,1,0,1
Person,Ming Chen,,,,,5495,,,,,2,0,2
Person,Ping Li,,,,,5496,,,,,2,0,2
Person,Jie Sun,,,,,5497,,,,,2,0,2
Person,Susan Scott,,,,,5498,,,,,1,0,1
Person,Olivia Steinberg,,,,,5499,,,,,1,0,1
Person,Min Gao,,,,,5500,,,,,1,0,1
Person,Yong Zhong,,,,,5501,,,,,1,0,1
Person,Fang Lu,,,,,5502,,,,,5,0,5
Person,Li Wan,,,,,5503,,,,,1,0,1
Person,Yong Lei,,,,,5504,,,,,3,0,3
Person,Gang Ren,,,,,5505,,,,,1,0,1
RecordLabel,Quirós Sonic,,,,,5506,,,,,0,4,4
Song,Petal Waltz,True,2017,Americana,True,5507,2017,,2017,2017.0,2,7,9
Person,Jing Wei,,,,,5508,,,,,1,0,1
Person,Yan Xu,,,,,5509,,,,,2,0,2
Person,Juan Xiao,,,,,5510,,,,,2,0,2
Person,Min Mo,,,,,5511,,,,,1,0,1
Person,Min Xiong,,,,,5512,,,,,1,0,1
RecordLabel,Bon Air Records,,,,,5513,,,,,0,1,1
Song,Blossom Rhythm,False,2023,Doom Metal,True,5514,,,2023,2023.0,4,4,8
Person,Herr Folkert Vogt,,,,,5515,,,,,3,0,3
Person,Gregory Morris,,,,,5516,,,,,1,0,1
Person,Andree Dippel,,,,,5517,,,,,1,0,1
RecordLabel,Last Horizon Productions,,,,,5518,,,,,0,2,2
Song,Garden's Symphony,True,2013,Indie Folk,True,5519,2013,,2013,2013.0,3,8,11
Person,Lei Jin,,,,,5520,,,,,1,0,1
Person,Matthew Burton,,,,,5521,,,,,1,0,1
Person,Lindsey Simpson,,,,,5522,,,,,1,0,1
Person,Yang Liao,,,,,5523,,,,,1,0,1
RecordLabel,Spire Sound,,,,,5524,,,,,0,1,1
RecordLabel,Jingū Records,,,,,5525,,,,,0,1,1
Song,Blooming Choreography,True,2023,Southern Gothic Rock,True,5526,,,,2023.0,3,8,11
Song,Voiceless Devotion,True,2017,Psychedelic Rock,True,5527,2017,,,2017.0,2,9,11
Person,Jun Gong,,,,,5528,,,,,2,0,2
Person,Ming Zheng,,,,,5529,,,,,1,0,1
Song,Whispers of Reverence,False,2026,Desert Rock,True,5530,,,,2026.0,2,3,5
Person,Wei Shen,,,,,5531,,,,,1,0,1
Person,Yan Yuan,,,,,5532,,,,,1,0,1
Person,Yan Cui,,,,,5533,,,,,1,0,1
RecordLabel,Guyonne Sound,,,,,5534,,,,,0,3,3
Song,Unspoken Praise,True,2001,Doom Metal,True,5535,,,2001,2001.0,2,6,8
Person,Scott Kennedy,,,,,5536,,,,,1,0,1
Person,Dennis Fields,,,,,5537,,,,,1,0,1
Person,Donald Oliver,,,,,5538,,,,,1,0,1
Person,Sean Rodgers,,,,,5539,,,,,7,0,7
Song,Quiet Communion,True,2023,Dream Pop,True,5540,,,,2023.0,4,15,19
Person,Yong Lin,,,,,5541,,,,,4,0,4
Person,Xiulan Cai,,,,,5542,,,,,6,0,6
Person,Mark Sparks,,,,,5543,,,,,3,0,3
Person,Chao Chen,,,,,5544,,,,,5,0,5
Person,Xia Lin,,,,,5545,,,,,1,0,1
Song,Sweet Metabolism,True,2000,Speed Metal,True,5546,,,,2000.0,6,7,13
Song,Delta-9 Daydreams,False,2023,Synthwave,True,5547,,,,2023.0,3,10,13
Person,Christopher Romero,,,,,5548,,,,,1,0,1
Person,Danielle Gray,,,,,5549,,,,,4,0,4
Person,Bryan Shaw,,,,,5550,,,,,1,0,1
Person,Jonathan Horne,,,,,5551,,,,,1,0,1
Person,Raymond Ponce,,,,,5552,,,,,2,0,2
Person,Catherine Black,,,,,5553,,,,,1,0,1
Person,Gordon Cox,,,,,5554,,,,,6,0,6
Person,Laura Ward,,,,,5555,,,,,1,0,1
Album,Gummy Galaxy,,2029,Southern Gothic Rock,True,5556,2029,,,2029.0,3,4,7
Person,Kendra Green,,,,,5557,,,,,5,0,5
Person,William Mcclain,,,,,5558,,,,,5,0,5
Song,Infused Intentions,True,2023,Synthpop,True,5559,,,,2023.0,13,4,17
Person,Bruce Hernandez,,,,,5560,,,,,1,0,1
Person,Donna Ellison,,,,,5561,,,,,1,0,1
Person,Mitchell Mcdonald,,,,,5562,,,,,2,0,2
RecordLabel,Westward Sound,,,,,5563,,,,,0,1,1
RecordLabel,Pinnacle Sound,,,,,5564,,,,,0,8,8
Song,Cosmic Coincidence,True,2024,Dream Pop,True,5565,,,,2024.0,2,5,7
Person,Ida Burzec,,,,,5566,,,,,1,0,1
Person,Urszula Henke,,,,,5567,,,,,1,0,1
Person,Wojciech Jarmuła,,,,,5568,,,,,1,0,1
Person,Tola Cymer,,,,,5569,,,,,1,0,1
RecordLabel,Elche Echoes,,,,,5570,,,,,0,2,2
Song,Written in the Stars,True,2007,Jazz Surf Rock,True,5571,,,,2007.0,2,4,6
Person,Jun Luo,,,,,5572,,,,,3,0,3
Person,Xia Zeng,,,,,5573,,,,,1,0,1
Song,Our Inevitable Path,True,2017,Indie Folk,True,5574,2017,,,2017.0,2,4,6
Person,Shannon Harvey,,,,,5575,,,,,3,0,3
RecordLabel,Verdant Valley Recordings,,,,,5576,,,,,0,1,1
Album,Destiny's Whisper,,2029,Indie Folk,True,5577,,,,2029.0,2,6,8
Person,Juan Zhou,,,,,5578,,,,,2,0,2
Person,Jie Wen,,,,,5579,,,,,2,0,2
Person,Gang Yu,,,,,5580,,,,,1,0,1
Person,Gang He,,,,,5581,,,,,1,0,1
RecordLabel,Midnight Willow Studios,,,,,5582,,,,,0,1,1
Album,Playground Echoes,,2007,Southern Gothic Rock,True,5583,,,,2007.0,4,7,11
Song,Unwritten Maps,True,2010,Doom Metal,True,5584,,,,2010.0,2,7,9
Person,Manon Diaz,,,,,5585,, Kira Wolf,,,1,0,1
Person,Benoît Delmas,,,,,5586,,,,,1,0,1
Person,Audrey Le Boucher,,,,,5587,,,,,1,0,1
Song,Skinned Knees and Daydreams,True,2026,Space Rock,True,5588,,,,2026.0,1,4,5
Person,Paul-Robert Bodin,,,,,5589,,,,,2,0,2
Person,Gabrielle-Susan Bousquet,,,,,5590,,,,,1,0,1
Song,Small Shadows Growing,True,2025,Symphonic Metal,True,5591,,,2025,2025.0,3,9,12
Person,Anja Niemeier,,,,,5592,,,,,1,0,1
Person,Silvia Baum,,,,,5593,,,,,2,0,2
Person,Marc Arroyo,,,,,5594,,,,,1,0,1
Person,Marco Kusch,,,,,5595,,,,,1,0,1
Person,Hans-Josef Steckel-Harloff,,,,,5596,,,,,2,0,2
Person,Hansjoachim Gieß,,,,,5597,,,,,2,0,2
Song,Whispers of an Unbound Horizon,False,2017,Oceanus Folk,False,5598,,,,2017.0,2,3,5
Song,Echoes of Untouched Moments,False,2020,Synthwave,True,5599,,,,2020.0,2,3,5
Person,Michelle Russo,,,,,5600,,Michelle,,,1,0,1
Person,Jie Shen,,,,,5601,,,,,1,0,1
Person,Qiang Gu,,,,,5602,,,,,4,0,4
Song,"Wandering Soul, Silent Memories",True,2010,Doom Metal,True,5603,2010,,,2010.0,2,7,9
Person,Tiya Kota,,,,,5604,,,,,1,0,1
Person,Onkar Shankar,,,,,5605,,,,,1,0,1
Person,Arnav Khosla,,,,,5606,,,,,3,0,3
Person,Advika Ramakrishnan,,,,,5607,,,,,1,0,1
Person,Bhamini Saini,,,,,5608,,,,,4,0,4
Song,Footsteps Before Feeling,True,2006,Synthwave,True,5609,,,,2006.0,3,6,9
Person,Michael Pearson,,,,,5610,,,,,1,0,1
Song,Traces of Your Heart,True,2002,Emo/Pop Punk,True,5611,,,2002,2002.0,3,3,6
Person,Juan Qiao,,,,,5612,,,,,5,0,5
Person,Wei Liu,,,,,5613,,,,,2,0,2
Song,Echoes of Your Memory,True,2026,Synthwave,True,5614,,,,2026.0,3,2,5
Person,Derek Cline,,,,,5615,,,,,4,0,4
Album,Invisible Strings,,2018,Space Rock,False,5616,,,,2018.0,4,4,8
Person,Kimberly Walker,,,,,5617,,,,,2,0,2
Person,Heidi Dudley,,,,,5618,,,,,1,0,1
Person,Wei Han,,,,,5619,,,,,6,0,6
Album,The Weight of Your Absence,,2028,Synthwave,True,5620,,,,2028.0,9,6,15
Person,Charles Jacobs,,,,,5621,,BIGG STACCZ,,,2,0,2
Person,Ping Mo,,,,,5622,,,,,1,0,1
Person,Min Yao,,,,,5623,,,,,1,0,1
Person,Jing Tao,,,,,5624,,,,,2,0,2
Song,Partners in Redemption,True,2003,Synthwave,True,5625,,,,2003.0,3,5,8
Person,Qiang Xiang,,,,,5626,,,,,2,0,2
Person,Guiying Pan,,,,,5627,,,,,1,0,1
Album,Rescue Mission Underway,,2027,Indie Rock,True,5628,2027,,,2027.0,2,4,6
Person,Monika Leonowicz,,,,,5629,, Joey Mars,,,1,0,1
Person,Adrianna Panasiewicz,,,,,5630,,TY$ON WAVE,,,2,0,2
Person,Wojciech Ratka,,,,,5631,,,,,1,0,1
RecordLabel,Ozark Groove,,,,,5632,,,,,0,2,2
Song,Allies of the Last Chance,True,2026,Dream Pop,True,5633,,,,2026.0,2,3,5
Person,Radosław Krzyk,,,,,5634,,,,,3,0,3
RecordLabel,Lunar Haven Studios,,,,,5635,,,,,0,2,2
Album,Breaking the Escape Clause,,2026,Darkwave,True,5636,2022,,2026,2026.0,2,6,8
Person,Steven Hobbs,,,,,5637,,The Hobbs,,,2,0,2
Person,Brandon Marshall,,,,,5638,,,,,1,0,1
Person,Anaïs Blanchard,,,,,5639,,,,,1,0,1
Person,Alex Smith,,,,,5640,,,,,1,0,1
Person,Émile Didier,,,,,5641,,,,,1,0,1
RecordLabel,Civic Sound Collective,,,,,5642,,,,,0,2,2
Song,"Farewell, My Heartache",True,2011,Lo-Fi Electronica,True,5643,,,,2011.0,9,15,24
Person,Li Zhang,,,,,5644,,,,,3,0,3
Person,Wei Zhao,,,,,5645,,,,,6,0,6
Person,Fang Bai,,,,,5646,,,,,10,0,10
Song,The Last Goodbye,True,2028,Darkwave,False,5647,2028,,,2028.0,5,6,11
Person,Mark Dunlap,,,,,5648,,,,,1,0,1
Person,Wei Zeng,,,,,5649,,,,,2,0,2
Person,Yang Shao,,,,,5650,,,,,1,0,1
Person,Lucas Smith,,,,,5651,,,,,2,0,2
RecordLabel,Tirrena Tones,,,,,5652,,,,,0,6,6
Song,Memories Fade Away,True,2023,Alternative Rock,True,5653,,,,2023.0,3,3,6
Person,Stacy Davenport,,,,,5654,,,,,1,0,1
Person,Kyle Jackson,,,,,5655,,,,,2,0,2
RecordLabel,Royal Frequency,,,,,5656,,,,,0,1,1
Song,Letting Go of Us,True,2023,Indie Rock,True,5657,,,,2023.0,2,8,10
Person,Magdalene Rust,,,,,5658,,,,,1,0,1
Person,Marietta Kraushaar,,,,,5659,,,,,1,0,1
Song,Vacant Brain Waves,True,1997,Indie Rock,True,5660,,,,1997.0,2,9,11
Person,Na Wei,,,,,5661,,,,,2,0,2
Person,Min Hou,,,,,5662,,,,,2,0,2
Song,Cognitive Disconnect,True,1987,Indie Folk,True,5663,1987,,,1987.0,2,7,9
Song,Temporary Intelligence,True,2020,Dream Pop,True,5664,,,,2020.0,2,10,12
Person,Paul Bailey,,,,,5665,, Knight,,,2,0,2
Person,Olivia Clark,,,,,5666,,Ethereal Epoch,,,2,0,2
Person,Scott Johnson,,,,,5667,,,,,3,0,3
Person,Morgan Collins,,,,,5668,,,,,2,0,2
Person,Danielle Franklin,,,,,5669,,,,,1,0,1
Person,Rebecca Wheeler,,,,,5670,,,,,1,0,1
Person,Margrit Hiller-Jopich,,,,,5671,,,,,2,0,2
RecordLabel,Liquid Horizon Records,,,,,5672,,,,,0,1,1
Song,Slow Processor,True,2030,Indie Folk,True,5673,2030,,,2030.0,3,4,7
Person,Laura Stanton,,,,,5674,,,,,2,0,2
Person,Janice Schultz,,,,,5675,,,,,2,0,2
Person,Xia Liang,,,,,5676,,,,,3,0,3
Person,Kenneth Randolph,,,,,5677,,,,,3,0,3
RecordLabel,Orchestre Solaire,,,,,5678,,,,,0,6,6
RecordLabel,Echenberg-Wäschental,,,,,5679,,,,,0,2,2
Song,Gaul's Last Hangover,True,2020,Americana,True,5680,2020,,,2020.0,1,17,18
Song,Iberian Intoxication,True,2017,Americana,True,5681,,,,2017.0,2,5,7
Person,Pamela Griffin,,,,,5682,,,,,1,0,1
Person,Sarah Hayes,,,,,5683,,,,,2,0,2
Person,Mary Gutierrez,,,,,5684,,,,,1,0,1
Song,Liquid Legions,True,2017,Space Rock,True,5685,,,,2017.0,3,6,9
Person,Matthew Brown,,,,,5686,,,,,1,0,1
Song,"Mead, Mediterranean, and Mayhem",True,2010,Indie Folk,True,5687,,,,2010.0,2,15,17
Person,Tino Ring,,,,,5688,,,,,1,0,1
Song,Midnight Getaway,True,2006,Emo/Pop Punk,True,5689,,,,2006.0,1,3,4
Person,Hannes Cichorius-Seifert,,,,,5690,,,,,1,0,1
Song,Runaway Hearts,True,2008,Speed Metal,True,5691,,,,2008.0,1,4,5
Person,Rigo Becker,,,,,5692,,,,,6,0,6
RecordLabel,Pula Prism,,,,,5693,,,,,0,3,3
Song,Stolen Horizons,True,2020,Dream Pop,True,5694,,,,2020.0,2,6,8
Person,Ann Schmidt,,,,,5695,,,,,1,0,1
Person,Zachary Woods,,,,,5696,,,,,2,0,2
Person,Denise Poole,,,,,5697,,,,,1,0,1
RecordLabel,Valley Vinyl,,,,,5698,,,,,0,2,2
Album,Nomad's Embrace,,2026,Indie Rock,True,5699,2026,,,2026.0,5,4,9
Person,Ping Shen,,,,,5700,,,,,2,0,2
Person,Xiuying Ren,,,,,5701,,,,,1,0,1
Person,Qiang Zhong,,,,,5702,,,,,1,0,1
RecordLabel,ABA Music Group,,,,,5703,,,,,0,2,2
Song,The North Pole Transformation,True,1995,Emo/Pop Punk,True,5704,,,,1995.0,2,10,12
Person,Adam Davis,,,,,5705,,,,,5,0,5
Album,Sleigh Ride to Destiny,,2004,Americana,False,5706,2004,,,2004.0,1,4,5
Person,Anastasie Auger,,,,,5707,,,,,1,0,1
Person,Georges-Grégoire Martin,,,,,5708,,,,,1,0,1
Person,Adrien Gonzalez,,,,,5709,,,,,1,0,1
RecordLabel,Apex Sounds,,,,,5710,,,,,0,2,2
Song,"Crimson Coat, White Beard",True,2024,Psychedelic Rock,True,5711,,,2024,2024.0,1,11,12
Person,Yang Peng,,,,,5712,,,,,1,0,1
Person,James Torres,,,,,5713,,,,,2,0,2
Person,Ping Yuan,,,,,5714,,,,,1,0,1
Person,Ming Sun,,,,,5715,,,,,1,0,1
Person,Jie Yan,,,,,5716,,,,,1,0,1
Person,Tao Liu,,,,,5717,,,,,2,0,2
Song,Reindeer's Chosen One,True,2028,Psychedelic Rock,False,5718,,,,2028.0,3,7,10
Person,Anthony Smith,,,,,5719,,,,,1,0,1
Person,Lisa Sparks,,,,,5720,,,,,1,0,1
Person,Brittany Sanchez,,,,,5721,,,,,1,0,1
Person,Elizabeth Brennan,,,,,5722,,,,,1,0,1
Person,Charlene Collins,,,,,5723,,,,,1,0,1
Person,Jason Davis,,,,,5724,,,,,2,0,2
RecordLabel,Lantern Sound Studios,,,,,5725,,,,,0,1,1
Song,The Path Unfolding,True,2010,Alternative Rock,True,5726,,,,2010.0,3,8,11
Person,Yasmin Verschut,,,,,5727,,,,,11,0,11
Person,Ryan Ford,,,,,5728,,,,,6,0,6
RecordLabel,Metropole Sound,,,,,5729,,,,,0,1,1
Album,Wayward Journey,,2022,Oceanus Folk,True,5730,,,,2022.0,5,7,12
Person,Min Huang,,,,,5731,,,,,1,0,1
Person,Jing Xiang,,,,,5732,,,,,1,0,1
Person,Tao Zou,,,,,5733,,,,,1,0,1
Person,Yang Shao,,,,,5734,,,,,2,0,2
Person,Xiulan Hu,,,,,5735,,,,,2,0,2
RecordLabel,Pulse Juice Records,,,,,5736,,,,,0,2,2
Song,Navigating Horizons,True,2020,Dream Pop,True,5737,2020,,,2020.0,3,5,8
Person,Kenneth Banks,,,,,5738,,,,,1,0,1
Person,Sean Mendoza,,,,,5739,,,,,1,0,1
Person,Amber Sanders,,,,,5740,,,,,1,0,1
Person,Anthony Hamilton,,,,,5741,,,,,1,0,1
Person,Amy Johnston,,,,,5742,,,,,1,0,1
RecordLabel,Cascade Resonance,,,,,5743,,,,,0,3,3
RecordLabel,Ninth Haven Sounds,,,,,5744,,,,,0,1,1
RecordLabel,Woo Navigation,,,,,5745,,,,,0,1,1
Song,Roadmap to Myself,True,2000,Indie Rock,True,5746,,,,2000.0,2,6,8
Person,Bryan Sandoval,,,,,5747,,,,,1,0,1
Person,Sarah Harrison,,,,,5748,,,,,1,0,1
Person,Megan Garcia,,,,,5749,,,,,1,0,1
Person,Dominique Ramos,,,,,5750,,,,,4,0,4
Song,Downward Spiral,True,2025,Dream Pop,True,5751,,,,2025.0,3,11,14
Person,Lisa Nunez,,,,,5752,, The Vector,,,1,0,1
Person,Denise Fisher,,,,,5753,,,,,1,0,1
Person,Charles Jacobs,,,,,5754,,,,,1,0,1
Person,Colleen Palmer,,,,,5755,,,,,1,0,1
Person,Kimberly Collins,,,,,5756,,,,,2,0,2
Person,Samuel Ryan,,,,,5757,,,,,1,0,1
Person,Brittany Strickland,,,,,5758,,,,,1,0,1
Person,Marc Andersen,,,,,5759,,,,,1,0,1
Person,Kimberly Jordan,,,,,5760,,,,,1,0,1
Song,No Redemption,True,2026,Oceanus Folk,True,5761,2026,,,2026.0,3,3,6
Person,William Knapp,,,,,5762,,,,,3,0,3
Person,Michael Smith,,,,,5763,,,,,2,0,2
Album,Toxic From the Start,,2009,Avant-Garde Folk,True,5764,,,2009,2009.0,2,4,6
Person,Amanda Marquez,,,,,5765,,,,,3,0,3
Person,Frederick Freeman,,,,,5766,,,,,2,0,2
Album,Worse Than Yesterday,,2015,Desert Rock,True,5767,,,,2015.0,2,7,9
Person,Xiulan Mo,,,,,5768,,,,,1,0,1
Person,Guiying Hou,,,,,5769,,,,,1,0,1
Person,Na Su,,,,,5770,,,,,1,0,1
Person,Yong Du,,,,,5771,,,,,1,0,1
Person,Min Qian,,,,,5772,,,,,6,0,6
Song,Blood and Honor's Path,True,2010,Dream Pop,True,5773,,,,2010.0,4,5,9
Person,Nicholas Rasmussen,,,,,5774,,,,,2,0,2
Person,Joseph Escobar,,,,,5775,,,,,1,0,1
Person,Edward Collier,,,,,5776,,,,,2,0,2
Song,Standing Watch at Dawn's Edge,True,2013,Indie Folk,True,5777,,,,2013.0,3,15,18
Person,Xiuying Yuan,,,,,5778,,,,,2,0,2
Person,Yang Kang,,,,,5779,,,,,1,0,1
Person,Gang Shao,,,,,5780,,,,,1,0,1
Person,Fang Xiong,,,,,5781,,,,,3,0,3
Album,The Uniform That Speaks Volumes,,2028,Southern Gothic Rock,True,5782,2028,,,2028.0,5,4,9
Person,Mark Beck,,,,,5783,,,,,2,0,2
Person,Mary Brooks,,,,,5784,,,,,2,0,2
Person,Odette-Inès Lelièvre,,,,,5785,,,,,4,0,4
RecordLabel,KOSAAF Records,,,,,5786,,,,,0,1,1
Album,Courage Stitched in Camouflage,,1991,Synthwave,True,5787,1991,,,1991.0,2,6,8
Person,Rocco Hauffer,,,,,5788,,,,,1,0,1
Person,Thilo Sölzer,,,,,5789,,,,,2,0,2
Song,Riverside Memories,True,2007,Dream Pop,True,5790,,,,2007.0,3,8,11
Person,Ming Fan,,,,,5791,,,,,1,0,1
Person,Yan Kang,,,,,5792,,,,,1,0,1
Person,Xiulan Cao,,,,,5793,,,,,1,0,1
Person,Frederic Margraf,,,,,5794,,,,,3,0,3
Person,Li Shi,,,,,5795,,,,,4,0,4
Song,Echoes of the Mohegan,True,2012,Doom Metal,True,5796,,,,2012.0,3,6,9
Person,Esther Schinke,,,,,5797,,,,,3,0,3
Person,Atenulf Nadi-Vergassola,,,,,5798,,,,,2,0,2
Person,Gregor Dippel,,,,,5799,,,,,2,0,2
Person,Fabrizia Gualtieri,,,,,5800,,,,,1,0,1
RecordLabel,Joker's Wild Music,,,,,5801,,,,,0,7,7
Song,Tribal Waters,True,1984,Indie Pop,True,5802,,,,1984.0,3,8,11
Person,Kathleen Cunningham,,,,,5803,,,,,3,0,3
Song,Settler's Crossing,False,2024,Lo-Fi Electronica,True,5804,,,,2024.0,4,6,10
Person,Yan Yin,,,,,5805,,,,,5,0,5
Person,Xiuying Zhong,,,,,5806,,,,,5,0,5
Person,Ping Xia,,,,,5807,,,,,5,0,5
Album,Reflections of Us,,2013,Indie Folk,True,5808,,,2013,2013.0,2,18,20
Person,Chao Yi,,,,,5809,, PHVNTOM,,,2,0,2
Person,Yong Cui,,,,,5810,,,,,1,0,1
Person,Samantha Mills,,,,,5811,,,,,3,0,3
Person,Li Dong,,,,,5812,,,,,1,0,1
Song,Heartstrings Intertwined,True,2013,Indie Rock,True,5813,2013,,,2013.0,3,4,7
Person,Navya Kala,,,,,5814,,Navya,,,1,0,1
Person,Divit Behl,,,,,5815,,Velvet Algorithm,,,2,0,2
Person,Tara Kaul,,,,,5816,,,,,1,0,1
RecordLabel,Shamrock Sound,,,,,5817,,,,,0,11,11
Song,"Two Souls, One Rhythm",False,2024,Synthwave,True,5818,2024,,,2024.0,6,8,14
Person,Sara Ramirez,,,,,5819,,,,,2,0,2
Person,Ping Tang,,,,,5820,,,,,1,0,1
Person,Xia Chang,,,,,5821,,,,,2,0,2
Person,Wei Meng,,,,,5822,,,,,2,0,2
Person,Lei Zheng,,,,,5823,,,,,1,0,1
RecordLabel,Cement Sonics,,,,,5824,,,,,0,1,1
RecordLabel,Artanis Audio,,,,,5825,,,,,0,1,1
Song,Mirror of Affection,True,2020,Desert Rock,True,5826,,,,2020.0,2,17,19
Person,Lei Yi,,,,,5827,,,,,1,0,1
Person,Kari Sutton,,,,,5828,,,,,1,0,1
Person,Yan Tao,,,,,5829,,,,,1,0,1
Person,Li Bai,,,,,5830,,,,,2,0,2
Person,Jun Dai,,,,,5831,,,,,4,0,4
Song,Until the Last Breath Echoes,True,2029,Desert Rock,True,5832,2029,,,2029.0,3,4,7
Person,Gang Pan,,,,,5833,,,,,1,0,1
Person,Wei Ren,,,,,5834,,,,,1,0,1
Person,Gregory Hansen,,,,,5835,,,,,1,0,1
Person,Jing Gu,,,,,5836,,,,,1,0,1
Song,Promises Etched in Starlight,True,2018,Dream Pop,True,5837,2018,,,2018.0,2,6,8
Person,Graziella Marenzio-Scialpi,,,,,5838,,,,,1,0,1
Song,Permanent Horizon,True,2006,Southern Gothic Rock,True,5839,2006,,2006,2006.0,7,5,12
Song,Beyond Farewell's Shadow,True,2012,Southern Gothic Rock,True,5840,2012,,,2012.0,2,5,7
Person,Matthew Garcia,,,,,5841,,,,,1,0,1
Person,Khushi Upadhyay,,,,,5842,,,,,2,0,2
RecordLabel,Toten Tracks,,,,,5843,,,,,0,1,1
Song,Golden Rays Break Through,True,2005,Southern Gothic Rock,True,5844,,,,2005.0,1,5,6
Person,Jonathan Lewis,,,,,5845,,,,,6,0,6
RecordLabel,Frontera Sonora,,,,,5846,,,,,0,3,3
Song,Dawn's Warm Embrace,False,2029,Americana,True,5847,,,,2029.0,5,7,12
Person,Gang Yang,,,,,5848,,MNTL X (Mental X),,,1,0,1
Person,Gang Cai,,,,,5849,,Zane Ellis,,,1,0,1
Person,Na Jin,,,,,5850,,,,,1,0,1
Person,Lei Yi,,,,,5851,,,,,1,0,1
Person,Jie Song,,,,,5852,,,,,1,0,1
Person,Olav Mülichen,,,,,5853,,,,,3,0,3
Song,Sunlight Whispers,True,2017,Indie Folk,True,5854,,,,2017.0,3,19,22
Person,Laura Jefferson,,,,,5855,,,,,1,0,1
Person,Jonathan Young,,,,,5856,,,,,2,0,2
Person,Heather Wood,,,,,5857,,,,,1,0,1
Person,Donald Medina,,,,,5858,,,,,3,0,3
Person,David Schultz,,,,,5859,,,,,2,0,2
Person,Erik Mathews,,,,,5860,,,,,2,0,2
Person,Lisa Hofmann,,,,,5861,,,,,5,0,5
Person,Jacqueline Dickson,,,,,5862,,,,,2,0,2
Person,Joshua Orozco,,,,,5863,,,,,3,0,3
Person,Jun Guo,,,,,5864,,,,,3,0,3
Person,Christine Ward,,,,,5865,,,,,4,0,4
Album,Radiant Horizon,,1997,Dream Pop,True,5866,,,1997,1997.0,1,8,9
Person,Anastazja Brózda,,,,,5867,,,,,1,0,1
Person,Marcelina Wochnik,,,,,5868,,,,,1,0,1
Person,Alex Halama,,,,,5869,,,,,4,0,4
Person,Tymon Miszta,,,,,5870,,,,,2,0,2
Song,Radiant Threads,True,2013,Indie Pop,True,5871,,,,2013.0,3,6,9
Person,Nicolaus Fiebig,,,,,5872,,Vesper Bloom,,,2,0,2
Song,Luminescent Paths,True,2026,Americana,True,5873,,,,2026.0,4,6,10
Person,Xiulan Meng,,,,,5874,,,,,2,0,2
Person,Xiulan Shi,,,,,5875,,,,,1,0,1
Person,Ping Han,,,,,5876,,,,,1,0,1
Album,Whispers of Starlight,,2023,Indie Folk,True,5877,,,,2023.0,3,4,7
Person,Katherine Tanner,,,,,5878,,,,,1,0,1
Person,Adam Fletcher,,,,,5879,,,,,1,0,1
Person,Erika Nguyen,,,,,5880,,,,,2,0,2
RecordLabel,Southern Sound Collective,,,,,5881,,,,,0,1,1
Album,Celestial Weave,,2025,Synthwave,True,5882,,,,2025.0,8,6,14
Album,Altar of Devotion,,2020,Oceanus Folk,True,5883,,,,2020.0,3,4,7
Person,Li Wen,,,,,5884,,,,,2,0,2
Person,Steven Williams,,,,,5885,,,,,1,0,1
Person,Wei Qian,,,,,5886,,,,,1,0,1
Song,The Price of Freedom,True,1997,Doom Metal,True,5887,,,,1997.0,2,27,29
Person,Nicholas Boyd,,,,,5888,,,,,2,0,2
Person,Laura Dillon,,,,,5889,,,,,1,0,1
Person,Allison Patterson,,,,,5890,,,,,5,0,5
Song,Bleeding Heart's Pledge,True,2008,Dream Pop,True,5891,,,2008,2008.0,4,15,19
Person,Michelotto Toldo,,,,,5892,,,,,2,0,2
Song,Unspoken Surrender,True,2027,Psychedelic Rock,True,5893,,,,2027.0,4,12,16
Person,Juan Qian,,,,,5894,,Halcyon,,,1,0,1
Person,Wei Dai,,,,,5895,,,,,1,0,1
Person,Joshua Mckenzie,,,,,5896,,,,,1,0,1
Person,Ping Gong,,,,,5897,,,,,1,0,1
Person,Yan Zhao,,,,,5898,,,,,1,0,1
Person,Jason Stevens,,,,,5899,,,,,1,0,1
Person,Amy Wood,,,,,5900,,,,,1,0,1
Person,Yang Su,,,,,5901,,,,,1,0,1
Person,Juan Liu,,,,,5902,,,,,3,0,3
Person,Li Song,,,,,5903,,,,,1,0,1
Person,Min Qian,,,,,5904,,,,,1,0,1
Person,Juan Tian,,,,,5905,,,,,1,0,1
RecordLabel,Sanctum Soundworks,,,,,5906,,,,,0,1,1
Album,Shattered Illusions,,1997,Indie Folk,True,5907,,,1997,1997.0,2,5,7
Person,Georges Besnard,,,,,5908,,,,,13,0,13
Person,Kaitlyn Warren,,,,,5909,,,,,8,0,8
Person,Jeanne Guillou,,,,,5910,,,,,8,0,8
Song,Sleepless Memories,False,2024,Indie Rock,True,5911,,,,2024.0,5,7,12
Person,Xia Xue,,,,,5912,,,,,4,0,4
Album,Love's Ghosting,,2015,Blues Rock,True,5913,,,,2015.0,2,5,7
Person,Whitney Yates,,,,,5914,,,,,2,0,2
Person,Mary Frank,,,,,5915,,,,,1,0,1
Song,Phantom Heart,True,2018,Americana,True,5916,,,,2018.0,3,4,7
Person,Jeanette Carey,,,,,5917,,,,,2,0,2
Person,Paul Kirk,,,,,5918,,,,,1,0,1
Person,Katelyn Malone,,,,,5919,,,,,1,0,1
RecordLabel,Lumina Veranda,,,,,5920,,,,,0,4,4
Song,Peach Blossoms of the Kibi Plain,True,2002,Speed Metal,True,5921,,,,2002.0,4,3,7
Person,Dwayne Wilson,,,,,5922,,,,,4,0,4
Song,Kurashiki Blues,True,2026,Darkwave,True,5923,2026,,,2026.0,4,5,9
Person,Na Gu,,,,,5924,,,,,1,0,1
Person,Jie Cai,,,,,5925,,,,,1,0,1
Person,Lei Ren,,,,,5926,,,,,2,0,2
Person,Megan Marsh,,,,,5927,,,,,1,0,1
Song,Mist Over Mount Washu,False,2019,Lo-Fi Electronica,True,5928,,,,2019.0,11,8,19
Person,Xiulan Xiong,,,,,5929,,,,,1,0,1
Song,Legends of the Kibiji Road,True,2024,Desert Rock,True,5930,2024,,,2024.0,2,7,9
Person,Zaira Peano-Castelli,,,,,5931,, Eva Black,,,1,0,1
Person,Ugolino Bettin,,,,,5932,,,,,1,0,1
Person,Antonina Zaccardo,,,,,5933,,,,,2,0,2
Person,Lidia Battisti-Righi,,,,,5934,,,,,3,0,3
Person,Rita Finzi,,,,,5935,,,,,2,0,2
Person,Romana Iadanza,,,,,5936,,,,,3,0,3
RecordLabel,National Guardian Records,,,,,5937,,,,,0,13,13
Song,Synchronized Souls,True,2024,Dream Pop,True,5938,2024,,,2024.0,3,6,9
Person,Andrew Cruz,,,,,5939,,,,,1,0,1
Person,Wei Gu,,,,,5940,,,,,1,0,1
Person,Gang Qian,,,,,5941,,,,,2,0,2
Person,Kevin Cooke,,,,,5942,,,,,1,0,1
Person,Chao Long,,,,,5943,,,,,1,0,1
Album,Hearts in Harmony,,2024,Dream Pop,True,5944,,,,2024.0,3,8,11
Person,Tao Wang,,,,,5945,,,,,1,0,1
Person,Yan Wan,,,,,5946,,,,,2,0,2
Person,Fang Kong,,,,,5947,,,,,1,0,1
Person,Yang Hou,,,,,5948,,,,,1,0,1
Album,Resilient Love,,2017,Synthpop,True,5949,,,,2017.0,1,5,6
Person,Alessandra Omma-Paolini,,,,,5950,,,,,1,0,1
Person,Iolanda Prada,,,,,5951,,,,,10,0,10
Song,Rebuild,True,2024,Indie Rock,True,5952,2024,,2024,2024.0,3,9,12
Person,Emily Johnson,,,,,5953,,,,,2,0,2
Person,Lisa Jones,,,,,5954,,,,,1,0,1
Person,Christopher Rice,,,,,5955,,,,,3,0,3
RecordLabel,Voix Féminines,,,,,5956,,,,,0,2,2
RecordLabel,Silver Horizon,,,,,5957,,,,,0,1,1
Song,Mending Pieces,True,2004,Indie Rock,True,5958,2004,,,2004.0,5,4,9
Person,Megan Morrow,,,,,5959,,,,,3,0,3
Album,Resilient Heart,,2002,Doom Metal,True,5960,,,,2002.0,3,6,9
Person,Terri Preston,,,,,5961,,,,,2,0,2
Person,Kelly Reyes,,,,,5962,,,,,1,0,1
Person,Barry Wilkerson,,,,,5963,,,,,1,0,1
Person,Brett Larson,,,,,5964,,,,,1,0,1
Song,Rise from the Wreckage,True,2017,Indie Pop,True,5965,,,,2017.0,3,6,9
Person,Tyler Padilla,,,,,5966,,,,,1,0,1
Person,Richard Gutierrez,,,,,5967,,,,,3,0,3
Person,Dorota Cierpka,,,,,5968,,,,,2,0,2
Person,Kristiane Stadelmann,,,,,5969,,,,,2,0,2
Person,Robert Fronia,,,,,5970,,,,,1,0,1
RecordLabel,Urban Tremor,,,,,5971,,,,,0,6,6
Song,Liturgical Echoes,True,2010,Dream Pop,True,5972,,,,2010.0,2,10,12
Person,Christine Wall,,,,,5973,,Orphea,,,5,0,5
Person,Brian Gonzalez,,,,,5974,,,,,4,0,4
Person,Richard Page,,,,,5975,,,,,2,0,2
Person,Ping Jia,,,,,5976,,,,,4,0,4
Person,Herr Oliver Schacht,,,,,5977,,,,,2,0,2
Person,Li Jin,,,,,5978,,,,,6,0,6
RecordLabel,Navio Rhythms,,,,,5979,,,,,0,3,3
Song,Sacred Resonance,True,2025,Indie Rock,True,5980,,,,2025.0,10,3,13
Album,Celestial Harmonies,,2023,Dream Pop,True,5981,,,,2023.0,4,6,10
Person,Yan Kang,,,,,5982,,,,,1,0,1
Person,Xiulan Tang,,,,,5983,,,,,2,0,2
Person,Min Qian,,,,,5984,,,,,3,0,3
Person,Rachel Thompson,,,,,5985,,,,,1,0,1
Song,Congregation's Whisper,True,2004,Americana,True,5986,,,2004,2004.0,3,8,11
Person,Kristi Yu,,,,,5987,,,,,3,0,3
Person,Joseph Burgess,,,,,5988,,,,,5,0,5
Person,Christopher Davis,,,,,5989,,,,,2,0,2
Person,Stephanie Garcia,,,,,5990,,,,,5,0,5
RecordLabel,Echo Ridge Studios,,,,,5991,,,,,0,4,4
Song,"Always, Sometimes, Sometimes",False,2026,Dream Pop,True,5992,,,,2026.0,4,3,7
Person,James Harvey,,,,,5993,,,,,1,0,1
Song,"Forever, Barely, Barely",True,2011,Southern Gothic Rock,True,5994,,,,2011.0,4,8,12
Person,Francesca Krebs,,,,,5995,,,,,3,0,3
Song,"Endless, Fleeting, Fleeting",True,2026,Dream Pop,True,5996,,,,2026.0,2,7,9
Person,Andy Eigenwillig,,,,,5997,,,,,1,0,1
Person,Cemal Boucsein,,,,,5998,,,,,2,0,2
Person,Beatrix Mende,,,,,5999,,,,,1,0,1
Person,Cilli Trommler,,,,,6000,,,,,2,0,2
Album,"Constant, Wavering, Wavering",,2003,Indie Pop,True,6001,2003,,,2003.0,3,3,6
Person,Charles Chase,,,,,6002,,,,,4,0,4
RecordLabel,Cadore Sounds,,,,,6003,,,,,0,3,3
Album,Grace Beyond Measure,,2022,Synthwave,True,6004,2022,,,2022.0,4,9,13
Person,Gang Xia,,,,,6005,,,,,1,0,1
Song,Mercy's Endless Tide,True,2004,Doom Metal,True,6006,,,,2004.0,3,80,83
Person,Xiuying Han,,,,,6007,,,,,1,0,1
Song,Redeemed by Boundless Love,True,2017,Indie Rock,True,6008,2010,,,2017.0,2,16,18
Person,Ping Jia,,,,,6009,,,,,1,0,1
Person,Lei Fang,,,,,6010,,,,,1,0,1
Person,Ming Fu,,,,,6011,,,,,1,0,1
Person,Jing Qin,,,,,6012,,,,,1,0,1
Person,Xia Xiong,,,,,6013,,,,,1,0,1
Person,Chao Xu,,,,,6014,,,,,1,0,1
Person,Jun Duan,,,,,6015,,,,,2,0,2
Person,Chao Deng,,,,,6016,,,,,1,0,1
Person,Xiuying Zhang,,,,,6017,,,,,3,0,3
Person,Min Deng,,,,,6018,,,,,1,0,1
RecordLabel,Murga Sounds,,,,,6019,,,,,0,12,12
Song,Sunrise of Forgiveness,True,2026,Indie Folk,True,6020,,,,2026.0,5,3,8
RecordLabel,Thermopolis Tracks,,,,,6021,,,,,0,2,2
Song,Melody of My Soul,True,2016,Americana,True,6022,,,,2016.0,2,6,8
Person,Sean Jackson,,,,,6023,,,,,1,0,1
Song,Unsilenced Whispers,True,2026,Space Rock,True,6024,,,,2026.0,4,3,7
Person,Xia Zeng,,,,,6025,,,,,2,0,2
Person,Gang Jia,,,,,6026,,,,,1,0,1
RecordLabel,Cadenza,,,,,6027,,,,,0,1,1
Album,Vocal Liberation,,1990,Alternative Rock,True,6028,,,,1990.0,3,6,9
Person,Wally Beckmann,,,,,6029,,,,,2,0,2
Person,Carlo Mazzacurati,,,,,6030,,,,,5,0,5
Person,Benvenuto Lerner,,,,,6031,,,,,2,0,2
Person,Rosaria Pedersoli,,,,,6032,,,,,4,0,4
RecordLabel,Prairie Echo Sounds,,,,,6033,,,,,0,5,5
RecordLabel,Silverdale Sound,,,,,6034,,,,,0,4,4
Song,Echoes from Within,False,2017,Indie Pop,True,6035,,,,2017.0,2,7,9
Person,Yan Kang,,,,,6036,,Vesper Illusion,,,9,0,9
Person,Fang Tan,,,,,6037,,,,,5,0,5
Person,Jie Tian,,,,,6038,,,,,3,0,3
Person,Fang Yin,,,,,6039,,,,,8,0,8
RecordLabel,Plaza Pulse,,,,,6040,,,,,0,3,3
Song,Daughters of Chiapas,True,2017,Synthwave,True,6041,,,2017,2017.0,1,8,9
Person,Holly Horton,,,,,6042,,,,,1,0,1
Person,Kristen Hamilton,,,,,6043,,,,,1,0,1
Person,Christine Jennings,,,,,6044,,,,,1,0,1
Person,Crystal Yu,,,,,6045,,,,,1,0,1
Person,Brian Morales,,,,,6046,,,,,1,0,1
Person,Carlos Mccann,,,,,6047,,,,,1,0,1
Person,Ryan Johnston,,,,,6048,,,,,1,0,1
Song,Mountain Melodies,True,2000,Doom Metal,True,6049,,,,2000.0,2,3,5
Person,Bryan Sanchez,,,,,6050,, Steel,,,4,0,4
Album,Rhythms of the Sierra,,2013,Desert Rock,True,6051,2010,,,2013.0,2,18,20
Person,Heidi Jones,,,,,6052,,,,,5,0,5
Person,Guiying Huang,,,,,6053,,,,,4,0,4
Song,Colorful Traditions,True,2026,Dream Pop,True,6054,,,2026,2026.0,11,14,25
Person,Yong Fu,,,,,6055,,,,,5,0,5
Person,Xiulan Qin,,,,,6056,,,,,5,0,5
Person,Anthony Hancock,,,,,6057,,,,,4,0,4
Person,Li Bai,,,,,6058,,,,,2,0,2
Person,Brandon Kirby,,,,,6059,,,,,1,0,1
Person,Xiulan Yin,,,,,6060,,,,,3,0,3
Song,Determination's Flame,True,2010,Southern Gothic Rock,True,6061,2007,,,2010.0,2,6,8
Person,Ping Mao,,,,,6062,,,,,3,0,3
Person,Jun Xiong,,,,,6063,,,,,3,0,3
Song,Willpower Wins,False,2025,Dream Pop,True,6064,2022,,,2025.0,3,3,6
Song,Push Through the Doubt,True,2029,Dream Pop,True,6065,2029,,,2029.0,13,8,21
Person,Jun Qiao,,,,,6066,,,,,3,0,3
Person,Yong Wen,,,,,6067,,,,,2,0,2
Person,Tao Liang,,,,,6068,,,,,1,0,1
Person,Jun Yao,,,,,6069,,,,,1,0,1
Song,Desire's Pathway,True,2014,Lo-Fi Electronica,True,6070,2014,,,2014.0,3,6,9
Person,Xiulan Lu,,,,,6071,,,,,1,0,1
Song,Whispers of My Homeland,True,1998,Synthwave,True,6072,,,,1998.0,5,10,15
Person,Agnès de Leroy,,,,,6073,,,,,1,0,1
Song,Borders of the Heart,True,2023,Southern Gothic Rock,True,6074,,,2023,2023.0,2,7,9
Person,Elizabeth Myers,,,,,6075,,,,,2,0,2
Song,"Tiny Nation, Endless Dreams",False,2017,Dream Pop,True,6076,,,2017,2017.0,3,5,8
Person,Tao Pan,,,,,6077,,,,,1,0,1
Person,Osamu Yamashita,,,,,6078,,,,,2,0,2
Person,Wei Kang,,,,,6079,,,,,1,0,1
Song,Starlit Chains,True,2013,Doom Metal,True,6080,,,,2013.0,3,10,13
Person,Lei Qin,,,,,6081,,,,,2,0,2
Person,Chao Cao,,,,,6082,,,,,2,0,2
Person,Xiulan Lai,,,,,6083,,,,,6,0,6
Person,Ming Wei,,,,,6084,,,,,2,0,2
Person,Na Liao,,,,,6085,,,,,3,0,3
Person,Fang Duan,,,,,6086,,,,,1,0,1
Song,Celestial Maiden's Lament,True,2025,Doom Metal,True,6087,,,2025,2025.0,7,9,16
Person,Yang Yang,,,,,6088,,,,,1,0,1
Person,Jie Jia,,,,,6089,,,,,4,0,4
Person,Chao Duan,,,,,6090,,,,,3,0,3
Person,Ming Fan,,,,,6091,,,,,2,0,2
Album,Nebula's Embrace,,2029,Desert Rock,True,6092,2022,,,2029.0,3,8,11
Person,Na Cao,,,,,6093,,,,,3,0,3
Person,Tao Meng,,,,,6094,,,,,1,0,1
Person,Wayne Wilson,,,,,6095,,,,,2,0,2
Person,Na Tan,,,,,6096,,,,,1,0,1
Person,Hector Smith,,,,,6097,,,,,1,0,1
Person,Antonietta Kreusel-Seip,,,,,6098,,,,,3,0,3
Person,Yong Gong,,,,,6099,,,,,2,0,2
Album,Perseus' Promise,,2012,Southern Gothic Rock,True,6100,,,,2012.0,3,4,7
Person,Juan Yao,,,,,6101,,,,,1,0,1
RecordLabel,Kallas Soundworks,,,,,6102,,,,,0,1,1
Album,Riddles of the Heart,,2022,Dream Pop,True,6103,2019,,,2022.0,3,9,12
Person,Ming Shen,,,,,6104,,,,,1,0,1
RecordLabel,Caldera Sonora,,,,,6105,,,,,0,1,1
Song,Unanswered Questions,True,2020,Indie Folk,True,6106,,,,2020.0,2,12,14
Person,Natalie Fields,,,,,6107,,,,,1,0,1
Song,Pieces of a Puzzle,True,2029,Dream Pop,True,6108,2029,,,2029.0,3,4,7
Person,Margaret Mueller,,,,,6109,,,,,1,0,1
Person,Charles Smith,,,,,6110,,,,,1,0,1
RecordLabel,Adra Rising,,,,,6111,,,,,0,4,4
RecordLabel,Starlight Media,,,,,6112,,,,,0,1,1
Song,The Mystery Remains,True,2020,Alternative Rock,False,6113,2020,,,2020.0,2,11,13
Person,Frau Sybille Becker,,,,,6114,,,,,2,0,2
Person,Radmila Stey-Kambs,,,,,6115,,,,,2,0,2
Person,John Goodwin,,,,,6116,,,,,2,0,2
Person,Felix Hornich,,,,,6117,,,,,2,0,2
Person,Miranda Page,,,,,6118,,,,,1,0,1
RecordLabel,Signature Sounds,,,,,6119,,,,,0,1,1
Song,Breaking Chains,True,2026,Darkwave,True,6120,,,2026,2026.0,1,7,8
Person,Guiying Zhong,,,,,6121,,,,,1,0,1
Person,Taylor Pace,,,,,6122,,,,,1,0,1
Person,Juan Deng,,,,,6123,,,,,1,0,1
Person,Heidi Richardson,,,,,6124,,,,,2,0,2
Person,Xia Cui,,,,,6125,,,,,1,0,1
Song,Horizon's Promise,True,2029,Darkwave,False,6126,,,,2029.0,2,4,6
Person,Jie Yin,,,,,6127,,,,,2,0,2
Person,Alicia Simmons,,,,,6128,,,,,1,0,1
Person,Elizabeth Gonzalez,,,,,6129,,,,,2,0,2
Song,Unfolding Path,False,2026,Doom Metal,True,6130,2026,,,2026.0,6,8,14
Person,Thomas King,,,,,6131,,,,,2,0,2
Person,Yan Gao,,,,,6132,,,,,1,0,1
Person,Christina Soto,,,,,6133,,,,,1,0,1
Person,Richard Johnson,,,,,6134,,,,,2,0,2
Person,Lei Luo,,,,,6135,,,,,3,0,3
Person,Valerio Carullo,,,,,6136,,,,,1,0,1
Song,Beyond the Moment,True,2024,Synthwave,True,6137,2024,,,2024.0,3,5,8
Person,Jeffrey Phillips,,,,,6138,,Echelon,,,4,0,4
Person,Russell Barnes,,,,,6139,,,,,1,0,1
Person,Brian Brown,,,,,6140,,,,,2,0,2
RecordLabel,Convergencia Sonora,,,,,6141,,,,,0,4,4
Song,Lunar Lament,False,2029,Symphonic Metal,True,6142,,,2029,2029.0,7,7,14
Person,Christopher Cox,,,,,6143,,Synthetic Aeon,,,1,0,1
Person,Terry Harris,,,,,6144,,,,,1,0,1
Person,Chelsea Paul,,,,,6145,,,,,2,0,2
Person,Cody Lopez,,,,,6146,,,,,1,0,1
Person,Kenneth Evans,,,,,6147,,,,,1,0,1
Song,Sundown's Sorrow,True,2020,Synthpop,True,6148,,,,2020.0,3,4,7
Person,Tao Peng,,,,,6149,,,,,1,0,1
Person,Yong Chen,,,,,6150,,,,,2,0,2
Song,Celestial Tears,True,2023,Indie Folk,True,6151,,,,2023.0,3,2,5
Person,Vidur Dasgupta,,,,,6152,,,,,2,0,2
RecordLabel,JU Soundworks,,,,,6153,,,,,0,1,1
Song,Eclipse of Emotion,True,2020,Desert Rock,True,6154,,,,2020.0,5,6,11
Person,Joann Johnson,,,,,6155,,,,,4,0,4
RecordLabel,Beuern Sounds,,,,,6156,,,,,0,5,5
RecordLabel,Blurry Beats,,,,,6157,,,,,0,8,8
Song,They Won't Understand Our Vision,True,2018,Avant-Garde Folk,True,6158,,,,2018.0,8,5,13
Person,Debra Martin,,,,,6159,,,,,4,0,4
Song,Outsiders By Design,True,1997,Alternative Rock,True,6160,,,1997,1997.0,2,6,8
Person,Hellmut Graf,,,,,6161,,Velora,,,2,0,2
Person,Ehrenfried Werner,,,,,6162,,,,,1,0,1
Song,Deaf to Our Frequency,False,2022,Psychedelic Rock,True,6163,,,2022,2022.0,2,5,7
Person,Stephanie Johnson,,,,,6164,,,,,1,0,1
Person,Pamela Crane,,,,,6165,,,,,1,0,1
Person,Kevin Pearson,,,,,6166,,,,,1,0,1
Person,Adira Bhagat,,,,,6167,,,,,1,0,1
Song,Strangers to Our Dreams,True,2017,Psychedelic Rock,True,6168,,,,2017.0,2,7,9
Person,Rudi Bolander-Zimmer,,,,,6169,,,,,2,0,2
Song,Twilight's Gentle Whisper,True,2023,Oceanus Folk,True,6170,,,,2023.0,5,7,12
Person,Li Qiao,,,,,6171,,,,,1,0,1
Person,Ping Tao,,,,,6172,,,,,1,0,1
Person,Lei Tan,,,,,6173,,,,,2,0,2
Person,Na Han,,,,,6174,,,,,1,0,1
Person,Liwia Piejko,,,,,6175,,,,,2,0,2
Person,Fang Zhong,,,,,6176,,,,,1,0,1
Album,Shadows Before Nightfall,,2010,Americana,True,6177,,,,2010.0,2,13,15
Person,Yang Long,,,,,6178,,,,,1,0,1
Person,Xiulan Xue,,,,,6179,,,,,1,0,1
Song,Dusk's Lingering Embrace,True,2010,Desert Rock,True,6180,,,2010,2010.0,3,6,9
Person,Ming Tan,,,,,6181,,,,,2,0,2
Person,Shirley Riley,,,,,6182,,,,,4,0,4
Song,When Daylight Softly Fades,True,2015,Psychedelic Rock,True,6183,,,,2015.0,1,7,8
Person,Wei Shi,,,,,6184,,,,,2,0,2
Person,Chao Gong,,,,,6185,,,,,1,0,1
Person,Yang Ma,,,,,6186,,,,,1,0,1
Person,Lei Kang,,,,,6187,,,,,3,0,3
Person,Min Zhong,,,,,6188,,,,,1,0,1
Song,Riverstone Whispers,True,2007,Indie Folk,True,6189,,,,2007.0,4,2,6
Song,Borderline Currents,True,2024,Synthwave,True,6190,,,,2024.0,4,5,9
Song,Siberian Watershed,True,1994,Synthwave,True,6191,,,,1994.0,2,8,10
Person,Adam Lopez,,,,,6192,,,,,2,0,2
Song,Blood and Tributaries,True,2008,Southern Gothic Rock,True,6193,,,,2008.0,3,6,9
Song,Snowflakes and Silent Nights,False,2019,Dream Pop,True,6194,2019,,,2019.0,2,6,8
Person,Min Xiong,,,,,6195,,,,,2,0,2
Person,Phillip Martinez,,,,,6196,,,,,1,0,1
Person,Ming He,,,,,6197,,,,,1,0,1
Person,Xiuying Cheng,,,,,6198,,,,,7,0,7
Person,Juan Cai,,,,,6199,,,,,1,0,1
RecordLabel,Mercury Artanis,,,,,6200,,,,,0,2,2
Song,Whispers of Winter's Embrace,True,2020,Indie Folk,True,6201,,,,2020.0,1,4,5
Person,Katherine Preston,,,,,6202,,BIG SHVX,,,2,0,2
Person,Kimberly Cain,,,,,6203,,,,,1,0,1
RecordLabel,Root Origin Records,,,,,6204,,,,,0,1,1
Song,Candlelight Memories,False,2027,Alternative Rock,True,6205,2027,,,2027.0,2,3,5
Person,Xia Wu,,,,,6206,,,,,1,0,1
Person,Chao Fan,,,,,6207,,,,,1,0,1
Person,Yang Tang,,,,,6208,,,,,1,0,1
RecordLabel,Terzola Tracks,,,,,6209,,,,,0,3,3
Song,The Gentle Frost of December,True,2022,Alternative Rock,True,6210,,,2022,2022.0,6,7,13
Song,Broken Whispers to the Divine,True,2028,Dream Pop,True,6211,2028,,,2028.0,4,7,11
Person,Na Yan,,,,,6212,,,,,1,0,1
Person,Yan Zhou,,,,,6213,,,,,1,0,1
Person,Xiulan Yuan,,,,,6214,,,,,1,0,1
Person,Chao Ma,,,,,6215,,,,,1,0,1
Song,"Trembling Hands, Reaching Higher",True,2023,Southern Gothic Rock,True,6216,,,,2023.0,1,5,6
Person,Tao Duan,,,,,6217,,,,,1,0,1
Song,Echoes of Grace in Silent Moments,True,2023,Doom Metal,True,6218,,,2023,2023.0,5,10,15
Person,Fang Yao,,,,,6219,,,,,1,0,1
Person,Tao Lin,,,,,6220,,,,,2,0,2
Person,Ming Zou,,,,,6221,,,,,1,0,1
Person,Chao Shi,,,,,6222,,,,,1,0,1
Person,Li Kong,,,,,6223,,,,,2,0,2
Person,Rebecca Ruiz,,,,,6224,,,,,1,0,1
Person,Jun Fang,,,,,6225,,,,,6,0,6
Person,Ming Ren,,,,,6226,,,,,1,0,1
Song,When Mercy Finds Me Weeping,True,1999,Speed Metal,True,6227,,,,1999.0,4,9,13
Person,Ping Yao,,,,,6228,,,,,4,0,4
Album,Stones of the Holy City,,2018,Synthwave,True,6229,,,,2018.0,4,5,9
Person,Thomas Weber,,,,,6230,,,,,5,0,5
Album,Echoes from Zion's Walls,,2029,Lo-Fi Electronica,True,6231,,,,2029.0,4,3,7
Person,Jing Ren,,,,,6232,,,,,1,0,1
Album,Pilgrimage of Longing,,2023,Dream Pop,True,6233,2023,,,2023.0,7,4,11
Person,Mike Robinson,,,,,6234,,,,,5,0,5
Song,Sacred Crossroads,False,2026,Dream Pop,True,6235,,,,2026.0,2,12,14
Person,Jun Tian,,,,,6236,, DR3∆M,,,1,0,1
Person,Juan Zheng,,,,,6237,,,,,2,0,2
Person,Xiulan Zhao,,,,,6238,,,,,1,0,1
Person,Min Ren,,,,,6239,,,,,1,0,1
Person,Frank Shaffer,,,,,6240,,,,,1,0,1
Person,Lei Deng,,,,,6241,,,,,1,0,1
Person,Li Hou,,,,,6242,,,,,1,0,1
Person,Qiang Qin,,,,,6243,,,,,1,0,1
Person,Jie Xu,,,,,6244,,,,,2,0,2
Song,Andante in Amber,True,1989,Emo/Pop Punk,True,6245,,,,1989.0,5,22,27
Song,Largo Luminescence,True,2026,Alternative Rock,True,6246,,,,2026.0,3,4,7
Person,Na Zhou,,,,,6247,,,,,2,0,2
Person,Yang Yu,,,,,6248,,,,,1,0,1
Person,Fang Mo,,,,,6249,,,,,2,0,2
Song,Moderato Meridian,True,2017,Southern Gothic Rock,True,6250,2017,,,2017.0,2,8,10
Album,Allegretto Aurora,,2020,Indie Folk,True,6251,,,,2020.0,1,5,6
Album,Generation Rising,,2022,Indie Pop,True,6252,,,2022,2022.0,2,3,5
Song,Rebel Heartbeats,True,2023,Synthwave,True,6253,,,,2023.0,4,6,10
Person,Ramona Camiscione,,,,,6254,,,,,1,0,1
Person,Adele Curatoli,,,,,6255,,,,,1,0,1
RecordLabel,Joker's Wild Records,,,,,6256,,,,,0,1,1
Song,Voices Unsilenced,True,2020,Doom Metal,True,6257,2020,,,2020.0,2,7,9
Person,Jing Kang,,,,,6258,,,,,1,0,1
Person,Jun Song,,,,,6259,,,,,2,0,2
Person,Yong Jia,,,,,6260,,,,,1,0,1
Person,Jun Xia,,,,,6261,,,,,1,0,1
Song,Torch of Tomorrow,False,1992,Dream Pop,True,6262,,,,1992.0,2,7,9
Song,Whispers Between Strings,False,2028,Alternative Rock,True,6263,,,,2028.0,3,4,7
Person,Darshit Chopra,,,,,6264,,,,,1,0,1
Person,Eshani Deep,,,,,6265,,,,,1,0,1
Person,Reyansh Barad,,,,,6266,,,,,2,0,2
RecordLabel,Sévère Sonics,,,,,6267,,,,,0,2,2
Song,Harmonic Crossroads,True,2017,Indie Folk,True,6268,2017,,2017,2017.0,2,9,11
Person,Ming Zheng,,,,,6269,,,,,4,0,4
Person,Yan Feng,,,,,6270,,,,,7,0,7
Album,Intervals of Twilight,,2004,Alternative Rock,True,6271,,,2004,2004.0,2,6,8
Album,Quartet in Shadowed Light,,2025,Oceanus Folk,True,6272,,,,2025.0,2,6,8
Person,Nicole Thomas,,,,,6273,,,,,1,0,1
Person,Gang Fan,,,,,6274,,,,,1,0,1
Person,Qiang Qian,,,,,6275,,,,,3,0,3
Album,Hands Off Her Heart,,1994,Indie Folk,True,6276,1994,,,1994.0,1,3,4
Person,Chao Song,,,,,6277,,,,,2,0,2
RecordLabel,Cascade Horizon Music,,,,,6278,,,,,0,5,5
Song,Walk Away from Women,True,2028,Alternative Rock,True,6279,,,,2028.0,5,5,10
Person,Lei Tan,,,,,6280,,,,,1,0,1
Person,Stacey Christensen,,,,,6281,,,,,1,0,1
Person,Li Feng,,,,,6282,,,,,1,0,1
Person,Min Meng,,,,,6283,,,,,1,0,1
RecordLabel,Verdura Sounds,,,,,6284,,,,,0,4,4
RecordLabel,Barcis Beats,,,,,6285,,,,,0,1,1
Song,Distant from Her Desire,False,2028,Darkwave,True,6286,,,,2028.0,5,3,8
Person,Li Su,,,,,6287,,,,,1,0,1
Person,Gang Zeng,,,,,6288,,,,,2,0,2
Album,No More Chasing Shadows,,2029,Jazz Surf Rock,True,6289,,,2029,2029.0,4,5,9
Person,Na Wei,,,,,6290,,Neon Oracle,,,1,0,1
Person,Xiulan Hao,,,,,6291,,,,,2,0,2
Person,Na Jin,,,,,6292,,,,,1,0,1
Song,Scars of Knowledge,True,2025,Dream Pop,True,6293,,,,2025.0,3,13,16
Person,Yang Cao,,,,,6294,,,,,2,0,2
Person,Xia Yuan,,,,,6295,,,,,1,0,1
Person,Lindsey Walker,,,,,6296,,,,,2,0,2
RecordLabel,Luminex Records,,,,,6297,,,,,0,4,4
Song,Bruised Wisdom,True,1994,Alternative Rock,True,6298,,,,1994.0,3,9,12
Person,Caleb Payne,,,,,6299,,,,,1,0,1
Song,"Fading Strength, Rising Insight",True,1997,Blues Rock,True,6300,,,,1997.0,3,3,6
Album,The Weight of Understanding,,2017,Post-Apocalyptic Folk,True,6301,2017,,,2017.0,2,9,11
Person,Thérèse Guillou,,,,,6302,,,,,2,0,2
Person,Stefanie Sullivan,,,,,6303,,,,,1,0,1
Person,Alexandra Moreno,,,,,6304,,,,,1,0,1
Person,Yves Aubry,,,,,6305,,,,,1,0,1
Person,Katie Oliver,,,,,6306,,,,,2,0,2
Song,Gaze of Understanding,True,2025,Dream Pop,True,6307,2025,,2025,2025.0,7,6,13
Person,Li Liao,,,,,6308,,,,,1,0,1
Person,Yan He,,,,,6309,,,,,1,0,1
Person,Ping Deng,,,,,6310,,,,,1,0,1
Person,Juan Lei,,,,,6311,,,,,1,0,1
Person,Fang Xiang,,,,,6312,,,,,5,0,5
Song,Unspoken Connections,True,2009,Dream Pop,True,6313,,,,2009.0,2,4,6
Person,Phillip Hamilton,,,,,6314,,,,,2,0,2
Song,Iris to Iris,True,1987,Emo/Pop Punk,True,6315,1987,,,1987.0,2,22,24
Person,Dennis Lee,,,,,6316,,,,,11,0,11
Person,Bradley Hayes,,,,,6317,,,,,9,0,9
Song,Stare Down the Distance,False,2017,Americana,True,6318,2017,,,2017.0,3,4,7
Person,Christian Rojas,,,,,6319,,,,,1,0,1
Person,Whitney Torres,,,,,6320,,,,,1,0,1
Person,Daryl Parsons,,,,,6321,,,,,1,0,1
Song,Montmartre Moonlight,True,2013,Desert Rock,True,6322,2013,,,2013.0,2,11,13
Person,Ibrahim Heerkens-Everde,,,,,6323,,,,,1,0,1
Person,Li Tian,,,,,6324,,,,,1,0,1
Person,Lei Xue,,,,,6325,,,,,1,0,1
Person,Tao Hu,,,,,6326,,,,,2,0,2
Album,Seine Street Serenade,,2007,Alternative Rock,True,6327,,,,2007.0,2,4,6
Person,Lise Gerrits,,,,,6328,,,,,5,0,5
Album,Café Couleurs,,2000,Blues Rock,True,6329,2000,,,2000.0,3,7,10
Person,Gianpaolo Sibilia,,,,,6330,,,,,2,0,2
Person,Cecilia Cusano-Squarcione,,,,,6331,,,,,2,0,2
Person,Karl-Heinz Bruder,,,,,6332,,,,,3,0,3
Song,Lumières de la Ville,True,2012,Jazz Surf Rock,True,6333,,,,2012.0,5,6,11
Person,Ming Huang,,,,,6334,, Dom Rivers,,,1,0,1
Person,Ming Zhou,,,,,6335,,,,,2,0,2
Person,Fang Hao,,,,,6336,,,,,2,0,2
Song,Dressed to the Nines,True,2029,Indie Rock,True,6337,,,,2029.0,7,3,10
Person,Juan Qin,,,,,6338,,,,,1,0,1
Song,Glitz and Glamour,True,2017,Blues Rock,True,6339,2011,,,2017.0,4,3,7
Person,Matthew Sanchez,,,,,6340,,,,,3,0,3
RecordLabel,Timber Creek Records,,,,,6341,,,,,0,1,1
Song,High Society Strut,True,2004,Dream Pop,True,6342,,,,2004.0,3,10,13
Person,Devansh Seshadri,,,,,6343,,,,,1,0,1
Song,Uptown Swagger,True,2024,Desert Rock,True,6344,,,,2024.0,3,10,13
Person,Wei Sun,,,,,6345,,,,,1,0,1
Person,Chao Gu,,,,,6346,,,,,2,0,2
Person,Li Yang,,,,,6347,,,,,2,0,2
Person,Tao Guo,,,,,6348,,,,,5,0,5
Person,Yan Zhong,,,,,6349,,,,,3,0,3
RecordLabel,Veldenklank,,,,,6350,,,,,0,1,1
Song,Rain of Affection,True,2028,Psychedelic Rock,True,6351,,,,2028.0,3,6,9
Person,Wei Wei,,,,,6352,,Shadow Choir,,,3,0,3
Person,Chao Mao,,,,,6353,,,,,1,0,1
Person,Jun Yan,,,,,6354,,,,,1,0,1
Person,Ping Tao,,,,,6355,,,,,4,0,4
RecordLabel,Yandex Soundscape,,,,,6356,,,,,0,1,1
RecordLabel,Nishi Sound,,,,,6357,,,,,0,2,2
Song,Deluge of Devotion,True,2017,Doom Metal,True,6358,,,,2017.0,2,7,9
Person,Dierk Reichmann,,,,,6359,,,,,1,0,1
Person,Leo Schuster,,,,,6360,,,,,3,0,3
Person,Thekla Schuster,,,,,6361,,,,,2,0,2
Person,Herr Reinald Roht,,,,,6362,,,,,1,0,1
Song,Cascading Tenderness,True,1984,Dream Pop,True,6363,,,,1984.0,2,8,10
Song,Waterfall of Passion,True,2012,Speed Metal,True,6364,,,,2012.0,2,3,5
Album,Whisper Your Desire,,2020,Indie Rock,True,6365,2020,,,2020.0,3,6,9
Person,Ricciotti Traetta,,,,,6366,,,,,2,0,2
Album,Lips Like Silk,,2018,Americana,True,6367,,,2018,2018.0,1,6,7
Song,Tender Embrace,True,1994,Synthwave,True,6368,,,,1994.0,2,27,29
Person,Jeffery Bailey,,,,,6369,,,,,3,0,3
Person,Jun Shao,,,,,6370,,,,,3,0,3
Person,Jun Hao,,,,,6371,,,,,9,0,9
Song,Unspoken Passion,True,2027,Dream Pop,True,6372,,,,2027.0,3,3,6
Person,Qiang Han,,,,,6373,,,,,1,0,1
Person,Wei Shao,,,,,6374,,,,,1,0,1
Person,Michael Peterson,,,,,6375,,,,,2,0,2
Song,Temptation's Edge,False,2026,Dream Pop,True,6376,,,2026,2026.0,2,4,6
Song,Whisper and Wait,True,2015,Dream Pop,True,6377,2015,,,2015.0,3,7,10
Person,Jun Cui,,,,,6378,,,,,2,0,2
Person,Tao Xiao,,,,,6379,,,,,1,0,1
Person,Michael Ramirez,,,,,6380,,,,,1,0,1
Person,Fang Dong,,,,,6381,,,,,2,0,2
Song,Slow Burn Desire,True,2010,Synthwave,True,6382,,,2010,2010.0,3,6,9
Person,Yan Ding,,,,,6383,, Mystic Dawn,,,1,0,1
Person,Kristina Cowan,,,,,6384,,,,,1,0,1
Person,Li Song,,,,,6385,,,,,1,0,1
Song,Almost Touched,True,2023,Alternative Rock,True,6386,,,,2023.0,3,5,8
Person,William Shields,,,,,6387,,,,,1,0,1
Person,Xia Hu,,,,,6388,,,,,2,0,2
Person,Jie Liao,,,,,6389,,,,,1,0,1
Album,Fever of Your Memory,,2023,Indie Rock,True,6390,,,,2023.0,3,4,7
Person,Elizabeth Rivera,,,,,6391,,,,,3,0,3
RecordLabel,Vicentine Vinyl,,,,,6392,,,,,0,6,6
Song,Infected by Your Absence,True,2007,Blues Rock,True,6393,2007,,,2007.0,1,6,7
Person,Robert Stephens,,,,,6394,,,,,1,0,1
Person,Annegret Nerger,,,,,6395,,,,,1,0,1
Song,Contagious Heartache,True,2017,Indie Rock,True,6396,,,,2017.0,2,5,7
Song,Symptoms of Loving You,False,2011,Emo/Pop Punk,True,6397,,,,2011.0,3,5,8
Song,Sacred Brevity in Nine Movements,False,2008,Dream Pop,True,6398,,,,2008.0,3,8,11
Person,Jie Su,,,,,6399,,,,,2,0,2
Person,Jason Warner,,,,,6400,,,,,2,0,2
Person,Chelsea Liu,,,,,6401,,,,,2,0,2
Person,Margaret Mccarthy,,,,,6402,,,,,2,0,2
Person,Xia Xiong,,,,,6403,,,,,4,0,4
Song,Liturgical Fragments: A Choral Meditation,True,2023,Emo/Pop Punk,True,6404,,,,2023.0,2,3,5
Person,Amber Ward,,,,,6405,,,,,2,0,2
Song,Celestial Whispers: Ninth Ecclesiastical Composition,True,2023,Dream Pop,False,6406,2023,,,2023.0,4,9,13
Person,Benjamin Gutierrez,,,,,6407,,,,,2,0,2
Person,Maria Rubio,,,,,6408,,,,,1,0,1
Person,Timothy Sanchez,,,,,6409,,,,,1,0,1
Person,Patrick Wall,,,,,6410,,,,,2,0,2
Person,Bradley Valencia,,,,,6411,,,,,1,0,1
Song,Harmonic Prayers: The Condensed Ritual,True,2022,Desert Rock,True,6412,,,,2022.0,4,11,15
Person,Ming Jiang,,,,,6413,,,,,2,0,2
Person,Tao Su,,,,,6414,,,,,4,0,4
Song,Echoes of Forgotten Melodies,False,2017,Alternative Rock,True,6415,2017,,,2017.0,3,4,7
Person,Joseph Hart,,,,,6416,,,,,1,0,1
Album,Whispers from a Distant Refrain,,2017,Oceanus Folk,True,6417,,,,2017.0,3,8,11
Song,Memories in Harmonic Dust,True,2028,Dream Pop,True,6418,2028,,,2028.0,6,8,14
Person,Min Wang,,,,,6419,,The Ember Syndicate,,,1,0,1
Person,Ping Ding,,,,,6420,,,,,1,0,1
Person,Melanie Ballard,,,,,6421,,,,,2,0,2
RecordLabel,Rhizome Resonance,,,,,6422,,,,,0,1,1
Song,The Last Note of Yesterday,True,2013,Indie Folk,True,6423,,,,2013.0,1,8,9
Person,Cheryl Carter,,,,,6424,,,,,9,0,9
Person,Krystal Martin,,,,,6425,,,,,1,0,1
Person,Stacie Bennett,,,,,6426,,,,,2,0,2
Album,Celebration's Spark,,2021,Synthwave,True,6427,2021,,,2021.0,3,10,13
Song,Echoes of Joy,False,2023,Oceanus Folk,True,6428,,,,2023.0,2,8,10
Person,Jie Li,,,,,6429,,,,,1,0,1
Person,Min Bai,,,,,6430,,,,,1,0,1
Person,Ming Qiao,,,,,6431,,,,,1,0,1
Person,Yang Dai,,,,,6432,,,,,1,0,1
Person,Guiying Tao,,,,,6433,,,,,2,0,2
RecordLabel,Manzeggio,,,,,6434,,,,,0,1,1
Album,Triumph's Embrace,,2024,Space Rock,True,6435,,,,2024.0,6,11,17
Person,Xiuying Ma,,,,,6436,,,,,2,0,2
Person,Na Fan,,,,,6437,,,,,3,0,3
Person,Jun Song,,,,,6438,,,,,1,0,1
Person,Christine Martin,,,,,6439,,,,,1,0,1
Person,Chao Jiang,,,,,6440,,,,,2,0,2
Person,Li Jia,,,,,6441,,,,,2,0,2
Person,Lei Du,,,,,6442,,,,,2,0,2
Song,Radiant Hope,True,2026,Indie Rock,True,6443,2026,,,2026.0,2,7,9
Person,Adira Ramaswamy,,,,,6444,,,,,1,0,1
Person,Drishya Setty,,,,,6445,,,,,2,0,2
Person,Samar Dutta,,,,,6446,,,,,2,0,2
Song,Endless Mental Replay,True,2025,Oceanus Folk,True,6447,,,,2025.0,2,7,9
Person,Chao Wu,,,,,6448,,,,,2,0,2
Person,Guiying Ye,,,,,6449,,,,,1,0,1
Person,Chao Wan,,,,,6450,,,,,1,0,1
Person,Xiuying Huang,,,,,6451,,,,,1,0,1
Person,Jun Fu,,,,,6452,,,,,1,0,1
Person,Fang Han,,,,,6453,,,,,1,0,1
Song,Memories on Repeat,True,1991,Indie Pop,True,6454,1988,,,1991.0,2,13,15
Person,Rebecca Chapman,,,,,6455,,,,,2,0,2
Song,Haunting Your Headspace,True,2027,Dream Pop,True,6456,,,,2027.0,3,13,16
Person,Ming Cheng,,,,,6457,,,,,1,0,1
Person,Na Peng,,,,,6458,,,,,3,0,3
Person,Ming Pan,,,,,6459,,,,,2,0,2
Person,Tao Liu,,,,,6460,,,,,1,0,1
Album,Thoughts That Won't Let Go,,1990,Synthwave,True,6461,,,,1990.0,2,8,10
Person,Christy Hernandez,,,,,6462,,,,,1,0,1
Person,Adam Knox,,,,,6463,,,,,1,0,1
Person,Yong Bai,,,,,6464,,,,,4,0,4
Person,Jennifer Savage,,,,,6465,,,,,4,0,4
RecordLabel,Tinsmith Sounds,,,,,6466,,,,,0,2,2
Song,Nordic Echoes,True,2010,Blues Rock,True,6467,,,,2010.0,4,5,9
Person,Ernest Clark,,,,,6468,,,,,1,0,1
Person,Pamela Massey,,,,,6469,,,,,1,0,1
Person,Andrej Ruppersberger,,,,,6470,,,,,7,0,7
Person,Richard Francis,,,,,6471,,,,,1,0,1
RecordLabel,Bergstadt Records,,,,,6472,,,,,0,1,1
Song,Stockholm Serenade,False,2014,Dream Pop,True,6473,,,2014,2014.0,8,5,13
Song,Midsummer's Melody,True,2027,Dream Pop,True,6474,,,,2027.0,8,6,14
Person,Guiying Ren,,,,,6475,,,,,3,0,3
Song,Scandinavian Sonata,True,2022,Doom Metal,True,6476,,,,2022.0,4,8,12
Person,Regina Hensley,,,,,6477,,,,,2,0,2
Person,Cheryl Miller,,,,,6478,,,,,1,0,1
Person,Alex Schwartz,,,,,6479,,,,,2,0,2
Person,Michael Bennett,,,,,6480,,,,,1,0,1
RecordLabel,Urban Realm Studios,,,,,6481,,,,,0,3,3
Song,Daydream's Descent,True,2027,Dream Pop,True,6482,,,,2027.0,6,7,13
Person,Yan Yan,,,,,6483,,,,,6,0,6
Person,Wei Dong,,,,,6484,,,,,5,0,5
Person,Juan Jin,,,,,6485,,,,,2,0,2
Person,Stephanie Montoya,,,,,6486,,,,,2,0,2
Person,Min Sun,,,,,6487,,,,,3,0,3
Person,Ming Lei,,,,,6488,,,,,2,0,2
Song,Whispers of Imagination,False,2027,Space Rock,True,6489,,,,2027.0,2,6,8
Person,Chao Qiao,,,,,6490,,,,,1,0,1
Person,Lei He,,,,,6491,,,,,1,0,1
Person,Chao Peng,,,,,6492,,,,,2,0,2
Album,Ethereal Drift,,2012,Speed Metal,True,6493,,,2012,2012.0,2,4,6
Person,Seth Payne,,,,,6494,,,,,4,0,4
Person,Emily Bush,,,,,6495,,,,,2,0,2
RecordLabel,Ornain Meurthe Records,,,,,6496,,,,,0,2,2
Song,Memories Unbound,True,2010,Synthwave,True,6497,,,,2010.0,3,6,9
Person,Xiulan Qiu,,,,,6498,,,,,2,0,2
Person,Anthony Padilla,,,,,6499,,,,,1,0,1
Person,Wei Tan,,,,,6500,,,,,2,0,2
Person,Wei Xie,,,,,6501,,,,,3,0,3
RecordLabel,Watershed Sounds,,,,,6502,,,,,0,2,2
Song,Bund Boogie,True,2018,Emo/Pop Punk,True,6503,,,,2018.0,8,3,11
Song,Huangpu Hustle,False,2010,Indie Pop,True,6504,,,,2010.0,3,5,8
Song,Nanjing Road Rhythm,True,2012,Americana,True,6505,2012,,,2012.0,5,9,14
Person,Ivo Cannizzaro,,,,,6506,,,,,1,0,1
Album,Silk Street Swing,,2017,Speed Metal,True,6507,,,,2017.0,6,11,17
Person,Alejandro Barnes,,,,,6508,,,,,1,0,1
Person,Eric Wallace,,,,,6509,,,,,1,0,1
Person,Charles Paul,,,,,6510,,,,,2,0,2
Person,Justin Allen,,,,,6511,,,,,2,0,2
RecordLabel,La Source-Navale,,,,,6512,,,,,0,1,1
Song,Walls of Memory,False,2022,Psychedelic Rock,True,6513,,,,2022.0,4,9,13
Person,Xiuying Dai,,,,,6514,,,,,1,0,1
Person,Jing Zeng,,,,,6515,,,,,1,0,1
Person,Chao Yang,,,,,6516,,,,,1,0,1
Person,Li Jia,,,,,6517,,,,,1,0,1
Person,Andrea Martin,,,,,6518,,,,,2,0,2
Person,Lei Luo,,,,,6519,,,,,1,0,1
Person,Qiang Yao,,,,,6520,,,,,1,0,1
Song,Revolutionary Shadows,True,2028,Doom Metal,True,6521,,,,2028.0,7,10,17
Person,Fang Tang,,,,,6522,,,,,1,0,1
Person,James Harrington,,,,,6523,,,,,1,0,1
Song,Tenement of Freedom,True,2014,Oceanus Folk,True,6524,,,,2014.0,2,13,15
Person,Kristin Anderson,,,,,6525,,,,,8,0,8
Person,James Clark,,,,,6526,,,,,2,0,2
Person,Ming Su,,,,,6527,,,,,1,0,1
Person,Vanessa Ramos,,,,,6528,,,,,11,0,11
Song,Echoes from the Eighteenth Floor,True,2029,Dream Pop,True,6529,,,,2029.0,2,8,10
Person,Yang Zhong,,,,,6530,, M.K. Ultra,,,1,0,1
Person,Guiying Cui,,,,,6531,,,,,2,0,2
Person,Kana Ito,,,,,6532,,,,,2,0,2
Person,Qiang Tao,,,,,6533,,,,,1,0,1
Person,Tao Yao,,,,,6534,,,,,7,0,7
Song,Udder Rhythm,True,2023,Symphonic Metal,True,6535,2023,,,2023.0,1,7,8
Person,Xiulan Zhang,,,,,6536,,,,,2,0,2
Person,Jie Fu,,,,,6537,,,,,1,0,1
Person,Xiuying Qiao,,,,,6538,,,,,1,0,1
Person,Juan Tan,,,,,6539,,,,,1,0,1
RecordLabel,Presidential Vinyl,,,,,6540,,,,,0,1,1
Song,Pasture Party,True,2020,Doom Metal,True,6541,,,,2020.0,2,3,5
Person,Klaus-Werner Löchel,,,,,6542,,,,,1,0,1
Song,Mooo-ving Groove,True,2029,Jazz Surf Rock,True,6543,,,2029,2029.0,2,4,6
Person,Min Ma,,,,,6544,,,,,1,0,1
Person,Xiulan Feng,,,,,6545,,,,,1,0,1
Person,Chao Yao,,,,,6546,,,,,1,0,1
Person,Min Lei,,,,,6547,,,,,1,0,1
Song,Hoof and Harmony,True,2025,Dream Pop,True,6548,2025,,,2025.0,2,3,5
Person,Jing Xia,,,,,6549,,,,,2,0,2
Person,Li Huang,,,,,6550,,,,,1,0,1
Song,Reglas Rotas (Broken Rules),False,2014,Indie Folk,True,6551,2014,,,2014.0,2,12,14
Person,Na Yan,,,,,6552,,,,,1,0,1
Person,Na Xu,,,,,6553,,,,,2,0,2
Person,Guiying Kang,,,,,6554,,,,,4,0,4
Person,Jasmine Adams,,,,,6555,,,,,5,0,5
Song,La Última Jugada (The Last Move),True,2027,Symphonic Metal,True,6556,,,,2027.0,3,8,11
Person,Wei Yao,,,,,6557,,,,,1,0,1
Person,Lotte Arens,,,,,6558,,,,,2,0,2
Person,Wei Shen,,,,,6559,,,,,1,0,1
Song,Estrategia del Corazón (Strategy of the Heart),True,2023,Darkwave,True,6560,2023,,,2023.0,5,5,10
Person,Urban Budig,,,,,6561,,,,,1,0,1
Person,Juri Textor,,,,,6562,,,,,1,0,1
Person,Klaus-Günter Bender,,,,,6563,,,,,1,0,1
Song,Dados del Destino (Dice of Destiny),True,2019,Space Rock,True,6564,2019,,,2019.0,3,10,13
Person,Yong Liao,,,,,6565,,Mason King,,,5,0,5
Person,Lei Tan,,,,,6566,,,,,5,0,5
Person,Jing Sun,,,,,6567,,,,,4,0,4
Person,Qiang Gao,,,,,6568,,,,,5,0,5
Song,Whispers of the Lô,True,2029,Desert Rock,True,6569,,,,2029.0,6,5,11
Person,Li Li,,,,,6570,,,,,1,0,1
Person,Jie Tao,,,,,6571,,,,,1,0,1
Person,Gang Dai,,,,,6572,,,,,3,0,3
Person,Lei Sun,,,,,6573,,,,,1,0,1
Person,Xia Tang,,,,,6574,,,,,1,0,1
Song,Riverbanks of Memory,False,2024,Symphonic Metal,True,6575,,,2024,2024.0,4,9,13
Person,Arsenio Saraceno-Mercati,,,,,6576,,,,,4,0,4
Song,Currents of Homeland,True,2029,Jazz Surf Rock,True,6577,2025,,,2029.0,5,6,11
Person,Xiuying Kong,,,,,6578,,,,,1,0,1
Person,Lei Qian,,,,,6579,,,,,2,0,2
Person,Jun Su,,,,,6580,,,,,1,0,1
Song,Echoes Along the Lô,True,2020,Americana,True,6581,,,,2020.0,3,6,9
Person,Vicki Shepard,,,,,6582,,Cobalt Sonnet,,,1,0,1
Person,Ernest Mills,,,,,6583,,,,,1,0,1
Person,Yong Cao,,,,,6584,,,,,1,0,1
Person,Xia Wan,,,,,6585,,,,,2,0,2
Person,Qiang Bai,,,,,6586,,,,,1,0,1
Album,Last Call Farewell,,2007,Indie Rock,True,6587,,,,2007.0,2,5,7
Song,Closing Time Conscience,False,2027,Alternative Rock,True,6588,2027,,,2027.0,6,8,14
Person,Laura Badoglio,,,,,6589,,,,,1,0,1
Person,Étienne Bruneau,,,,,6590,,,,,2,0,2
RecordLabel,Tritex Music,,,,,6591,,,,,0,1,1
Song,When the Bar Lights Go Up,False,2000,Emo/Pop Punk,True,6592,,,,2000.0,2,4,6
Person,Lori Massey,,,,,6593,,,,,2,0,2
Song,Too Drunk to Drive Home,True,2017,Alternative Rock,True,6594,,,,2017.0,3,3,6
Person,Carrie Morris,,,,,6595,,Aether Sanctum,,,1,0,1
Person,Jodi Salazar,,,,,6596,,,,,2,0,2
Album,Head Over Heels for You,,2029,Dream Pop,True,6597,,,,2029.0,5,9,14
Person,Yan Liu,,,,,6598,,,,,1,0,1
Person,Jun Du,,,,,6599,,,,,1,0,1
Person,Tao Deng,,,,,6600,,,,,1,0,1
Person,Jing Ren,,,,,6601,,,,,1,0,1
Person,Qiang Wu,,,,,6602,,,,,1,0,1
Song,Can't Get Enough of Us,True,2028,Jazz Surf Rock,True,6603,,,,2028.0,2,9,11
Person,Gang Qiu,,,,,6604,,,,,1,0,1
Person,Jun Xie,,,,,6605,,,,,4,0,4
Song,Love's Wild Ride,True,2023,Doom Metal,True,6606,,,,2023.0,4,6,10
Person,Juan Xia,,,,,6607,,,,,1,0,1
Person,Jun Cai,,,,,6608,,,,,4,0,4
Person,Jie Ren,,,,,6609,,,,,1,0,1
Person,Li Zhong,,,,,6610,,,,,6,0,6
Song,Completely Crazy (About You),True,2013,Oceanus Folk,True,6611,2013,,,2013.0,2,13,15
Person,Kelli Turner,,,,,6612,,,,,1,0,1
Person,Jennifer Diaz,,,,,6613,,,,,2,0,2
Person,Latasha Chavez,,,,,6614,,,,,1,0,1
Person,Courtney Phillips,,,,,6615,,,,,2,0,2
Song,Wisdom's Whispers in Twilight,True,2011,Indie Rock,True,6616,2011,,2024,2011.0,2,13,15
Song,Graceful Reflections of Maturity,True,2017,Dream Pop,True,6617,2017,,,2017.0,2,8,10
Person,Lei Xiong,,,,,6618,, A.D. Knight,,,1,0,1
Person,Li Fan,,,,,6619,,,,,1,0,1
Person,Guiying Zeng,,,,,6620,,,,,4,0,4
Person,Na Han,,,,,6621,,,,,2,0,2
Person,Xia Zeng,,,,,6622,,,,,8,0,8
Person,Billy Thompson,,,,,6623,,,,,2,0,2
Song,Sage Steps Through Sunlight,True,2013,Indie Folk,True,6624,,,,2013.0,1,9,10
Person,Lei Wang,,,,,6625,,,,,2,0,2
Person,Xia Cai,,,,,6626,,,,,3,0,3
Person,Yong Yan,,,,,6627,,,,,2,0,2
Album,The Gentle Courage of Years,,2004,Indie Rock,True,6628,,,,2004.0,2,8,10
Person,Herr Hans Dieter Hentschel,,,,,6629,,,,,1,0,1
Person,Friedl Bauer-Hövel,,,,,6630,,,,,1,0,1
Person,Heiderose Putz,,,,,6631,,,,,1,0,1
Person,Hertha Schinke,,,,,6632,,,,,1,0,1
Song,Tumbling into Us,False,2020,Lo-Fi Electronica,True,6633,,,,2020.0,4,5,9
Person,Timothy Burke,,,,,6634,,,,,4,0,4
Album,Surrender to the Moment,,2000,Doom Metal,True,6635,,,,2000.0,2,11,13
Person,Juan Du,,,,,6636,,,,,2,0,2
Person,Emily Drake,,,,,6637,,,,,1,0,1
Person,Lei Feng,,,,,6638,,,,,2,0,2
Song,When Walls Come Falling Down,True,1994,Alternative Rock,True,6639,,,,1994.0,2,5,7
Person,Mandy Murphy,,,,,6640,,,,,2,0,2
Person,Melissa Thomas,,,,,6641,,,,,3,0,3
Person,Jason Singleton,,,,,6642,,,,,2,0,2
Song,The Companion's Heart,True,2013,Indie Folk,True,6643,,,,2013.0,3,9,12
RecordLabel,Horizont,,,,,6644,,,,,0,1,1
Album,Friendship's Tender Melody,,2013,Doom Metal,True,6645,,,,2013.0,3,6,9
Person,Tao Su,,,,,6646,,,,,1,0,1
Person,Jun Jiang,,,,,6647,,,,,1,0,1
Person,Min Shi,,,,,6648,,,,,1,0,1
Person,Jie Cao,,,,,6649,,,,,1,0,1
Person,Xia Li,,,,,6650,,,,,1,0,1
Song,Whispers of Affection,False,1996,Dream Pop,True,6651,1996,,,1996.0,3,3,6
Person,Min Su,,,,,6652,,,,,7,0,7
Person,Na Dong,,,,,6653,,,,,3,0,3
RecordLabel,Pulse Wave Records,,,,,6654,,,,,0,7,7
Album,Unspoken Bond,,2025,Dream Pop,True,6655,2025,,,2025.0,2,2,4
Person,Ronald Barnett,,,,,6656,, $KY,,,1,0,1
Person,Kenneth Guerra,,,,,6657,,,,,1,0,1
Song,Sweet Tea and Porch Swing Memories,True,2010,Dream Pop,True,6658,2010,,2010,2010.0,7,5,12
Person,Helen Simon,,,,,6659,, The Shadow,,,7,0,7
Person,Adrian Miller,,,,,6660,,,,,1,0,1
Song,"Magnolia Nights, Southern Lights",True,2023,Doom Metal,True,6661,,,,2023.0,3,5,8
Person,Gang Yu,,,,,6662,,,,,1,0,1
Person,Jun Zhao,,,,,6663,,,,,1,0,1
Person,Jason Mckenzie,,,,,6664,,,,,2,0,2
Song,Backroads and Firefly Tales,True,2026,Desert Rock,True,6665,,,,2026.0,2,9,11
Person,Lei Yu,,,,,6666,,,,,1,0,1
Person,Ming Zhu,,,,,6667,,,,,4,0,4
Person,Li Shen,,,,,6668,,,,,5,0,5
Person,Jie Zhang,,,,,6669,,,,,3,0,3
Person,Jun Xiang,,,,,6670,,,,,1,0,1
Person,Ping Sun,,,,,6671,,,,,2,0,2
Song,Peach Pie and Sunday Smiles,True,2013,Dream Pop,True,6672,,,2013,2013.0,1,3,4
Person,Ping Lei,,,,,6673,,,,,2,0,2
Song,Närma dig friden (Approach the Peace),True,1984,Blues Rock,True,6674,,,1984,1984.0,2,13,15
Song,Vägen hem (The Way Home),True,2028,Jazz Surf Rock,True,6675,,,,2028.0,5,4,9
Person,Anthony Salas,,,,,6676,,,,,3,0,3
Person,Nicole Williamson,,,,,6677,,,,,3,0,3
Person,Katrina Guzman,,,,,6678,,,,,1,0,1
RecordLabel,Knäpp Collective,,,,,6679,,,,,0,3,3
Album,Famn av nåd (Embrace of Grace),,2020,Symphonic Metal,True,6680,,,,2020.0,2,5,7
Person,Mariola Häring,,,,,6681,,,,,2,0,2
Person,Vicki Morgan,,,,,6682,,,,,3,0,3
Person,Deborah White,,,,,6683,,,,,1,0,1
RecordLabel,Gemstone Sound,,,,,6684,,,,,0,2,2
Album,Kallelsens sång (Song of Calling),,2012,Indie Pop,True,6685,,,,2012.0,2,4,6
Person,Tracey Jordan,,,,,6686,,,,,6,0,6
Song,Embers and Memories,False,2022,Southern Gothic Rock,True,6687,2022,,,2022.0,3,3,6
Song,Crackling Comfort,True,2026,Synthwave,True,6688,,,2026,2026.0,3,5,8
Person,Susanna Raimondi,,,,,6689,,,,,2,0,2
Person,Mercedes Torlonia,,,,,6690,,,,,1,0,1
Person,Gionata Toldo,,,,,6691,,,,,1,0,1
Person,Rodolfo Montecchi-Bonomo,,,,,6692,,,,,1,0,1
Album,Fireside Whispers,,2029,Dream Pop,True,6693,,,,2029.0,2,3,5
Person,Phillip Hampton,,,,,6694,,,,,3,0,3
Person,Donald Davis,,,,,6695,,,,,2,0,2
Person,Emily Brooks,,,,,6696,,,,,2,0,2
Song,Warmth Between Shells,True,2020,Synthwave,True,6697,,,,2020.0,2,3,5
Person,Yong Lei,,,,,6698,,,,,1,0,1
Song,Beside Me,True,2021,Indie Rock,True,6699,2021,,,2021.0,5,3,8
Person,Tara Ghose,,,,,6700,,,,,1,0,1
Person,Tiya Desai,,,,,6701,,,,,2,0,2
Song,Holding Hands,True,2024,Darkwave,True,6702,2024,,2024,2024.0,3,8,11
Person,Olivia Ortega Bermejo,,,,,6703,,,,,1,0,1
Person,Atenulf Pigafetta,,,,,6704,,,,,1,0,1
Person,Alina Ricciardi,,,,,6705,,,,,1,0,1
Person,Cipriano Navone,,,,,6706,,,,,1,0,1
Person,Mariana Galeati,,,,,6707,,,,,2,0,2
Person,Calixta Moya Gómez,,,,,6708,,,,,1,0,1
Song,Intertwined,True,2028,Dream Pop,True,6709,,,2028,2028.0,2,5,7
Person,Jun Feng,,,,,6710,,,,,1,0,1
Person,Xia Li,,,,,6711,,,,,1,0,1
Person,Li Jin,,,,,6712,,,,,1,0,1
Person,Lei Fu,,,,,6713,,,,,2,0,2
Song,Never Alone,True,2017,Indie Folk,True,6714,2017,,,2017.0,2,8,10
Person,Yan Luo,,,,,6715,,,,,1,0,1
Person,Yong Cao,,,,,6716,,,,,1,0,1
Person,William Chan,,,,,6717,,,,,1,0,1
Person,Guiying Xu,,,,,6718,,,,,1,0,1
Person,Fang Tang,,,,,6719,,,,,4,0,4
RecordLabel,Transitory Resonance,,,,,6720,,,,,0,3,3
Song,Tales of the Wise Fool,True,2023,Indie Folk,True,6721,2020,,,2023.0,2,5,7
Person,Jan Zadworny,,,,,6722,,,,,2,0,2
Person,Julita Łuszczak,,,,,6723,,,,,1,0,1
Person,Tadeusz Gemza,,,,,6724,,,,,1,0,1
Album,Laughter in the Marketplace,,2020,Indie Rock,True,6725,2020,,,2020.0,2,4,6
Person,Nicholas Chen,,,,,6726,,,,,2,0,2
Person,Nichole Moore,,,,,6727,,,,,1,0,1
Person,Alexander Rivera,,,,,6728,,,,,1,0,1
Song,Nasreddin's Riddle,True,2017,Darkwave,True,6729,,,,2017.0,2,7,9
Person,Michael Mann,,,,,6730,, Theo Knight,,,2,0,2
Person,Misty Reyes,,,,,6731,,,,,2,0,2
Person,Jonathan Lawson,,,,,6732,,,,,1,0,1
Person,Robert Quinn,,,,,6733,,,,,1,0,1
Person,Michael Flowers,,,,,6734,,,,,1,0,1
Song,Wisdom Wearing a Donkey's Saddle,False,2008,Alternative Rock,True,6735,,,,2008.0,2,10,12
Song,Twilight Paradigm,True,2031,Indie Folk,True,6736,,,,2031.0,7,4,11
Person,Linda Guzman,,,,,6737,,BLVCK NIMBUS,,,2,0,2
Person,Christine Johnson,,,,,6738,,,,,1,0,1
Person,Gang Xiang,,,,,6739,,,,,1,0,1
Person,Heather Wallace,,,,,6740,,,,,1,0,1
RecordLabel,Dolinka,,,,,6741,,,,,0,2,2
RecordLabel,Neuendorf Music,,,,,6742,,,,,0,1,1
Song,Epochs in Motion,False,2020,Dream Pop,True,6743,,,,2020.0,4,6,10
Person,Wei He,,,,,6744,,,,,1,0,1
Song,Temporal Horizon,False,1994,Indie Pop,True,6745,1994,,,1994.0,2,16,18
Song,Sunset Continuum,True,2018,Southern Gothic Rock,True,6746,,,,2018.0,3,6,9
Person,Štěpánka Bártová,,,,,6747,,,,,1,0,1
Person,Miloslava Nováková,,,,,6748,,,,,2,0,2
Person,Lukáš Strnad,,,,,6749,,,,,1,0,1
Person,Momoko Tanaka,,,,,6750,,,,,1,0,1
RecordLabel,Barcis Groove,,,,,6751,,,,,0,1,1
Song,Soft Collisions,True,2010,Oceanus Folk,True,6752,,,,2010.0,4,12,16
Person,Antonietta Zamengo-Zanazzo,,,,,6753,,,,,1,0,1
Person,Lauretta Tresoldi,,,,,6754,,,,,3,0,3
Person,Patrizio Antonello-Salvemini,,,,,6755,,,,,1,0,1
RecordLabel,Grappa Echo,,,,,6756,,,,,0,2,2
Album,Whispers Before Midnight,,2028,Indie Folk,True,6757,,,2028,2028.0,2,5,7
Person,Min Shao,,,,,6758,,Radio Seraph,,,2,0,2
Person,Yong Lu,,,,,6759,,,,,1,0,1
Person,Yang Tan,,,,,6760,,,,,3,0,3
Person,Juan Guo,,,,,6761,,,,,3,0,3
Song,Fragile Constellations,True,2007,Symphonic Metal,True,6762,,,,2007.0,1,28,29
Person,Asta Reising,,,,,6763,,,,,1,0,1
Person,Karin Metz,,,,,6764,,,,,1,0,1
Song,Whispers of New Bloom,True,2029,Alternative Rock,True,6765,,,,2029.0,4,6,10
Person,Amy Riley,,,,,6766,,,,,2,0,2
Person,Mary Johnson,,,,,6767,,,,,1,0,1
Person,Vicenta Castañeda Arroyo,,,,,6768,,,,,2,0,2
Person,Ricky Richards,,,,,6769,,,,,1,0,1
Song,Tender Green Awakening,False,2025,Americana,True,6770,2025,,,2025.0,1,9,10
Person,Qiang Liao,,,,,6771,,,,,1,0,1
Person,Xiulan Cao,,,,,6772,,,,,1,0,1
Album,Petals and Promises,,2010,Indie Pop,True,6773,,,,2010.0,1,5,6
Person,Sara Jover Iglesias,,,,,6774,, Queen IV,,,1,0,1
Person,Leocadia Falcón Diez,,,,,6775,,,,,1,0,1
Person,Carlito Martí Jaume,,,,,6776,,,,,2,0,2
Song,Springtime's First Breath,True,2013,Psychedelic Rock,True,6777,,,,2013.0,1,6,7
Song,Wheel of Fortune,False,2029,Indie Rock,True,6778,,,,2029.0,6,5,11
Person,Chao Zhong,,,,,6779,,,,,9,0,9
Song,Rolling Destiny,True,2025,Synthwave,True,6780,,,,2025.0,2,5,7
Person,Jun Yu,,,,,6781,,,,,1,0,1
Person,Xiulan Tao,,,,,6782,,,,,2,0,2
Person,Xia Zeng,,,,,6783,,,,,1,0,1
Person,Guiying Deng,,,,,6784,,,,,2,0,2
Song,Circular Motion,True,2002,Lo-Fi Electronica,True,6785,,,,2002.0,4,8,12
RecordLabel,Red Horizon,,,,,6786,,,,,0,1,1
Song,Spin Cycle,False,1997,Americana,True,6787,,,,1997.0,1,5,6
Song,The Whispers of Jakez,True,2013,Indie Folk,True,6788,,,2013,2013.0,2,4,6
Person,Fang Hu,,,,,6789,,,,,1,0,1
Album,Echoes from the Breton Shore,,2022,Dream Pop,True,6790,,,,2022.0,2,4,6
Song,Brother's Lament,True,2015,Synthwave,True,6791,,,,2015.0,2,4,6
Person,Tao He,,,,,6792,,,,,1,0,1
Song,Stones and Shadows of Brittany,True,2029,Doom Metal,True,6793,,,,2029.0,3,7,10
Song,Whispers of Carmentea,True,2026,Alternative Rock,True,6794,2026,,,2026.0,6,3,9
Person,Na Yi,,,,,6795,,,,,1,0,1
RecordLabel,Horizon Harmony,,,,,6796,,,,,0,2,2
Song,Echoes from Ancient Lips,True,2026,Alternative Rock,True,6797,2026,,2026,2026.0,9,3,12
Song,The Oracle's Breath,True,2024,Dream Pop,True,6798,2024,,,2024.0,1,8,9
Person,Dawn Martinez,,,,,6799,,,,,2,0,2
Person,Gang Yu,,,,,6800,,,,,2,0,2
Person,Ping Zhang,,,,,6801,,,,,1,0,1
Person,Lei Tao,,,,,6802,,,,,1,0,1
Person,Chao Tian,,,,,6803,,,,,1,0,1
RecordLabel,Cinematic Sound Studios,,,,,6804,,,,,0,1,1
Album,Prophecy's Maiden,,2027,Space Rock,True,6805,2027,,,2027.0,3,5,8
Person,Ming He,,,,,6806,,,,,1,0,1
Person,Min Shao,,,,,6807,,,,,3,0,3
Person,Jie Zhu,,,,,6808,,,,,5,0,5
Song,Riviera Nights,True,2022,Darkwave,True,6809,,,,2022.0,2,3,5
Person,Kimberly Rodriguez,,,,,6810,,Celestia,,,2,0,2
Person,Stephanie Potter,,,,,6811,,,,,2,0,2
Song,Coastal Whispers,True,2013,Indie Folk,True,6812,,,,2013.0,2,8,10
Person,Yang Bai,,,,,6813,,,,,1,0,1
Person,Na Dong,,,,,6814,,,,,2,0,2
Person,Jing Du,,,,,6815,,,,,1,0,1
Person,William Donovan,,,,,6816,,,,,2,0,2
Person,Tao Lin,,,,,6817,,,,,2,0,2
Song,Paradise Parallel,True,2017,Oceanus Folk,True,6818,2017,,,2017.0,1,9,10
Person,Na Qian,,,,,6819,,,,,1,0,1
Song,Azure Escape,False,2025,Space Rock,True,6820,,,,2025.0,5,8,13
Person,Debra Avery,,,,,6821,,,,,2,0,2
Person,Chao Lin,,,,,6822,,,,,1,0,1
Person,Xia Zhang,,,,,6823,,,,,1,0,1
Person,Guiying Qin,,,,,6824,,,,,2,0,2
Person,Jie Jia,,,,,6825,,,,,2,0,2
RecordLabel,W.K. Steeling,,,,,6826,,,,,0,1,1
Song,Fading Echoes,True,2027,Doom Metal,True,6827,,,,2027.0,13,6,19
Person,Li Qian,,,,,6828,,,,,1,0,1
Person,Lei Tang,,,,,6829,,,,,1,0,1
Album,When Memories Dissolve,,2017,Indie Folk,True,6830,,,,2017.0,2,3,5
Person,James Gibbs,,,,,6831,,,,,1,0,1
RecordLabel,Arrondissement Audio,,,,,6832,,,,,0,1,1
Song,The Last Sweet Moment,True,2023,Dream Pop,True,6833,,,,2023.0,3,6,9
Person,Ping Sun,,,,,6834,,,,,1,0,1
Person,Tao Sun,,,,,6835,,,,,1,0,1
Person,Stacey Martin,,,,,6836,,,,,1,0,1
Album,Sunset of Perfection,,2007,Avant-Garde Folk,True,6837,,,,2007.0,4,5,9
Person,Marcel Kutek,,,,,6838,,,,,2,0,2
Song,Street Dance Symphony,True,2017,Doom Metal,True,6839,,,,2017.0,5,6,11
Person,Fang Dai,,,,,6840,,,,,3,0,3
Person,Jing Yao,,,,,6841,,,,,1,0,1
Person,Wei Zhang,,,,,6842,,,,,2,0,2
Person,Marc Raymond,,,,,6843,,,,,3,0,3
Song,Rhythm of the Alleyways,True,2027,Alternative Rock,True,6844,2021,,,2027.0,2,4,6
Person,Guiying Zeng,,,,,6845,,,,,1,0,1
Person,Qiang Dai,,,,,6846,,,,,2,0,2
Person,Na Li,,,,,6847,,,,,1,0,1
Album,Electric Celebration,,2010,Synthwave,True,6848,2010,,,2010.0,1,4,5
Person,Yang Zheng,,,,,6849,,,,,2,0,2
Person,Min Xiang,,,,,6850,,,,,2,0,2
Song,Midnight Carnival,True,2026,Space Rock,True,6851,,,2026,2026.0,2,4,6
Person,Qiang Pan,,,,,6852,,,,,2,0,2
Person,Xiulan Cao,,,,,6853,,,,,2,0,2
Album,Whispers of the Woodland Realm,,2026,Indie Rock,True,6854,2026,,,2026.0,5,6,11
Person,Renee Walker,,,,,6855,,Valence,,,2,0,2
Person,Sheila Flores,,,,,6856,,,,,1,0,1
Person,Monica Ramirez,,,,,6857,,,,,1,0,1
Person,Larry Miller,,,,,6858,,,,,2,0,2
RecordLabel,Edam Soundworks,,,,,6859,,,,,0,1,1
Song,Twilight's Spectral Embrace,True,2026,Space Rock,True,6860,,,,2026.0,2,6,8
Person,Tao Wu,,,,,6861,,,,,2,0,2
Person,Xia Qiu,,,,,6862,,,,,3,0,3
Person,Jing Jia,,,,,6863,,,,,1,0,1
Song,Echoes from the Elfin Veil,True,2017,Avant-Garde Folk,False,6864,,,,2017.0,8,9,17
Song,Shadows Between Worlds,True,2020,Doom Metal,True,6865,,,,2020.0,2,4,6
Person,Kimberly Roberts,,,,,6866,,,,,3,0,3
Person,Cheryl Wiley,,,,,6867,,,,,1,0,1
Album,Turning the Page,,1992,Indie Pop,True,6868,,,1992,1992.0,1,13,14
Song,First Light of Tomorrow,True,2004,Darkwave,True,6869,2004,,,2004.0,2,7,9
Person,Gilles Raymond,,,,,6870,,,,,2,0,2
Person,Carrie Cobb,,,,,6871,,,,,1,0,1
RecordLabel,Cascina Rhythms,,,,,6872,,,,,0,2,2
Song,Resolutions and Revolutions,True,2029,Dream Pop,True,6873,,,2029,2029.0,3,5,8
Person,Chao Chang,,,,,6874,,,,,2,0,2
Song,Midnight's Promise,True,2007,Blues Rock,True,6875,,,2007,2007.0,3,5,8
Person,Na Tan,,,,,6876,,,,,1,0,1
Person,Min Lei,,,,,6877,,,,,1,0,1
Person,Ming Hu,,,,,6878,,,,,1,0,1
Person,Li Du,,,,,6879,,,,,1,0,1
Person,Juan Wu,,,,,6880,,,,,1,0,1
Song,Blossoming Youth,False,2020,Synthwave,True,6881,2020,,,2020.0,2,5,7
Person,Bobby Ruiz,,,,,6882,,,,,1,0,1
Person,Samantha Walters,,,,,6883,,,,,2,0,2
Person,Ryan Bailey,,,,,6884,,,,,1,0,1
Song,Innocence Unfolding,True,2013,Synthwave,True,6885,,,2013,2013.0,3,12,15
Person,Gang Tang,,,,,6886,,,,,2,0,2
Person,Casey Price,,,,,6887,,,,,1,0,1
Person,Yong Kong,,,,,6888,,,,,1,0,1
Person,Xia Cui,,,,,6889,,,,,4,0,4
Person,Nicole Scott,,,,,6890,,,,,4,0,4
Person,Xia Zhou,,,,,6891,,,,,5,0,5
Person,Yan Dong,,,,,6892,,,,,2,0,2
Song,Tender Silhouette,True,2022,Dream Pop,True,6893,2015,,,2022.0,2,5,7
Person,Leon Hrabia,,,,,6894,,,,,1,0,1
Person,Roksana Wlaźlak,,,,,6895,,,,,1,0,1
Song,Awakening Grace,True,2013,Doom Metal,True,6896,,,,2013.0,3,5,8
Person,Crystal Sanders,,,,,6897,,,,,3,0,3
Person,Ronald Marshall,,,,,6898,,,,,1,0,1
Song,Shattered Pieces,True,2000,Synthwave,True,6899,,,2000,2000.0,3,12,15
Person,Jie Du,,,,,6900,,,,,2,0,2
Song,Love's Bruise,True,2010,Indie Folk,True,6901,,,,2010.0,2,22,24
Person,Jeremy Park,,,,,6902,,,,,2,0,2
Person,April Schmidt,,,,,6903,,,,,1,0,1
Person,William Keller,,,,,6904,,,,,1,0,1
Person,Ping Shen,,,,,6905,,,,,4,0,4
Person,Susan Anderson,,,,,6906,,,,,5,0,5
Person,Jie Shao,,,,,6907,,,,,3,0,3
RecordLabel,Existential Sound,,,,,6908,,,,,0,2,2
Song,Echoes of Goodbye,True,2023,Dream Pop,True,6909,2023,,,2023.0,2,3,5
Person,Krish Thaker,,,,,6910,,,,,1,0,1
Person,Farhan Bansal,,,,,6911,,,,,1,0,1
Album,Broken Record Heart,,2020,Dream Pop,True,6912,2013,,,2020.0,1,4,5
Person,Qiang Bai,,,,,6913,,,,,2,0,2
Person,Xia Ren,,,,,6914,,,,,3,0,3
Song,Ember of Devotion,False,2014,Symphonic Metal,True,6915,,,,2014.0,2,10,12
Person,Lei Shao,,,,,6916,,,,,1,0,1
Person,Guiying Lin,,,,,6917,,,,,1,0,1
Person,Jun Meng,,,,,6918,,,,,2,0,2
Person,Ping Xiao,,,,,6919,,,,,2,0,2
Song,Whispers from Bethlehem,False,2023,Darkwave,True,6920,2023,,,2023.0,2,8,10
Person,Corinna Schweitzer,,,,,6921,, Sterling,,,1,0,1
Person,Eveline Gotthard,,,,,6922,,,,,1,0,1
Person,Hermann Josef Matthäi,,,,,6923,,,,,1,0,1
Person,Kati Sauer-Rudolph,,,,,6924,,,,,1,0,1
Person,Katherine Olson,,,,,6925,,,,,1,0,1
Person,Melanie Armstrong,,,,,6926,,,,,1,0,1
Person,Hans-Karl Schottin,,,,,6927,,,,,1,0,1
Song,Candlelight Pilgrimage,True,2013,Dream Pop,True,6928,,,,2013.0,3,5,8
Person,Amanda Hardy,,,,,6929,,,,,1,0,1
Person,Marilyn Douglas,,,,,6930,,,,,1,0,1
Person,Amanda Baker,,,,,6931,,,,,1,0,1
Person,Thilo Schmiedt,,,,,6932,,,,,1,0,1
Person,Matthew Brown,,,,,6933,,,,,1,0,1
RecordLabel,Agata Sonora,,,,,6934,,,,,0,5,5
Song,Shepherds' Sacred Journey,True,2006,Indie Rock,True,6935,,,,2006.0,1,6,7
Person,Yang Ding,,,,,6936,,,,,1,0,1
Person,Yang Duan,,,,,6937,,,,,1,0,1
Person,Yong Yin,,,,,6938,,,,,2,0,2
Person,Jie Jiang,,,,,6939,,,,,10,0,10
Song,Sacred Triad,True,2029,Darkwave,True,6940,,,2029,2029.0,5,3,8
Song,Echoes of Devotion,True,2023,Oceanus Folk,True,6941,,,,2023.0,5,8,13
Person,Eric Bartlett,,,,,6942,,,,,1,0,1
Person,Min Yan,,,,,6943,,,,,1,0,1
Person,Gang Zhu,,,,,6944,,,,,1,0,1
Person,Ming Yu,,,,,6945,,,,,1,0,1
Song,Harmony in Three Voices,True,1992,Blues Rock,True,6946,,,,1992.0,2,8,10
Person,Lisa Thornton,,,,,6947,,,,,2,0,2
Person,Lori Hall,,,,,6948,,,,,8,0,8
Song,Whispered Benedictions,True,2017,Indie Rock,True,6949,,,,2017.0,4,11,15
Person,Gang Qin,,,,,6950,,,,,6,0,6
Person,Peter Vega,,,,,6951,,,,,1,0,1
Person,Ping He,,,,,6952,,,,,6,0,6
Person,Pamela Miller,,,,,6953,,,,,1,0,1
Song,Masked Whispers of the Commedia,True,2025,Jazz Surf Rock,True,6954,,,2025,2025.0,9,8,17
Person,Anka Spieß,,,,,6955,,,,,1,0,1
Person,Chao Xu,,,,,6956,,,,,2,0,2
Person,Ming Dong,,,,,6957,,,,,1,0,1
Person,Lei Hu,,,,,6958,,,,,1,0,1
Person,Xiulan Huang,,,,,6959,,,,,2,0,2
Song,Diamonds and Shadows: A Harlequin's Tale,True,2019,Dream Pop,True,6960,,,,2019.0,1,12,13
Person,Jun Luo,,,,,6961,,,,,2,0,2
Person,Wei Dai,,,,,6962,,,,,2,0,2
Person,Qiang Ye,,,,,6963,,,,,2,0,2
Person,Li Tian,,,,,6964,,,,,1,0,1
Person,Steven Green,,,,,6965,,,,,2,0,2
Person,Qiang Qiao,,,,,6966,,,,,1,0,1
Song,Pierrot's Lonely Carnival,True,2008,Jazz Surf Rock,True,6967,2008,,,2008.0,3,7,10
Song,Checkered Heartstrings,False,2028,Dream Pop,True,6968,,,,2028.0,3,12,15
Person,Guiying Xia,,,,,6969,,,,,2,0,2
Person,Li Kang,,,,,6970,,,,,2,0,2
Person,Xiuying Ren,,,,,6971,,,,,1,0,1
Person,Eric Morrison,,,,,6972,,,,,1,0,1
Person,Jie Qin,,,,,6973,,,,,2,0,2
Person,Li Wen,,,,,6974,,,,,4,0,4
Person,Chao Yao,,,,,6975,,,,,1,0,1
Album,Thorns Between My Fingers,,2025,Indie Folk,True,6976,,,,2025.0,5,8,13
Song,Crimson Caress,False,2010,Dream Pop,True,6977,,,,2010.0,1,3,4
Person,Janina Worach,,,,,6978,,,,,2,0,2
Song,Wilting Love's Garden,False,2020,Indie Folk,True,6979,,,,2020.0,5,7,12
Person,Guiying Shao,,,,,6980,,,,,1,0,1
Person,Xia Zou,,,,,6981,,,,,1,0,1
Person,Xia Long,,,,,6982,,,,,2,0,2
Song,Velvet Static,True,1994,Synthpop,True,6983,,,,1994.0,2,4,6
Song,Provocative Distance,True,1997,Southern Gothic Rock,True,6984,1997,,,1997.0,3,4,7
Person,Joseph Moore,,,,,6985,,,,,1,0,1
Person,John Harris,,,,,6986,,,,,1,0,1
Person,Tim Morgan,,,,,6987,,,,,1,0,1
Person,Michael Tapia,,,,,6988,,,,,1,0,1
Song,Fever's Edge,True,2023,Emo/Pop Punk,True,6989,2023,,,2023.0,6,5,11
Song,Whispered Friction,False,2017,Synthpop,True,6990,2017,,,2017.0,2,6,8
Person,Julie Mcgrath,,,,,6991,,,,,2,0,2
Person,Lei Bai,,,,,6992,,,,,1,0,1
Person,Brian Ramos,,,,,6993,,,,,1,0,1
Song,Clocktower Cadence,True,2017,Oceanus Folk,True,6994,,,,2017.0,4,21,25
Person,Lei Tan,,,,,6995,,,,,1,0,1
Person,Min He,,,,,6996,,,,,1,0,1
Person,Li Qiu,,,,,6997,,,,,1,0,1
Person,Wei Ma,,,,,6998,,,,,2,0,2
Person,Ping Yan,,,,,6999,,,,,1,0,1
Person,Gang Tao,,,,,7000,,,,,1,0,1
Album,Spring's Rhythmic Parade,,2017,Americana,True,7001,,,,2017.0,4,6,10
Person,Gang Tan,,,,,7002,,,,,4,0,4
Person,Jun Peng,,,,,7003,,,,,1,0,1
Person,Yang Xiao,,,,,7004,,,,,2,0,2
Song,Zürich Bells at Dawn,False,2003,Emo/Pop Punk,True,7005,,,,2003.0,2,11,13
Song,Vernal Procession Pulse,False,2026,Darkwave,True,7006,2026,,,2026.0,3,5,8
Person,David Gibson,,,,,7007,,,,,2,0,2
Person,Sandra Smith,,,,,7008,,,,,2,0,2
Person,Robert Gonzales,,,,,7009,,,,,1,0,1
Song,Baroque Whispers in Minor,True,2010,Indie Folk,True,7010,,,,2010.0,2,6,8
Person,Yan Wu,,,,,7011,,,,,3,0,3
Album,Keyboard's Ethereal Dance,,2016,Southern Gothic Rock,True,7012,,,,2016.0,3,11,14
Person,Kari Barnes,,,,,7013,,,,,1,0,1
Song,Resonance of Forgotten Keys,True,2022,Synthwave,True,7014,2019,,,2022.0,3,4,7
Person,Marina Trapani,,,,,7015,,,,,1,0,1
Person,Damiano Gelli-Verga,,,,,7016,,,,,1,0,1
Person,Flora Casaleggio-Endrizzi,,,,,7017,,,,,1,0,1
Person,Marcella Belletini,,,,,7018,,,,,1,0,1
Song,Counterpoint's Silent Serenade,True,2023,Oceanus Folk,True,7019,,,,2023.0,4,7,11
Person,Xia Kang,,,,,7020,,,,,1,0,1
Person,Ming Yao,,,,,7021,,,,,1,0,1
Person,Christopher Lowery,,,,,7022,,,,,1,0,1
Person,Tami Cox,,,,,7023,,,,,1,0,1
Person,Xia Xia,,,,,7024,,,,,1,0,1
Person,Na Cai,,,,,7025,,,,,1,0,1
Song,Reflejo Interior,False,1983,Americana,True,7026,1983,,,1983.0,2,9,11
Person,Sheryl Roman,,,,,7027,,,,,1,0,1
Person,John Graves,,,,,7028,,,,,1,0,1
Person,Jason Aguirre,,,,,7029,,,,,1,0,1
Person,Matthew Lane,,,,,7030,,,,,1,0,1
RecordLabel,The Observer Recordings,,,,,7031,,,,,0,2,2
RecordLabel,Ivory Keys,,,,,7032,,,,,0,1,1
Song,Mi Propio Camino,False,2003,Speed Metal,True,7033,,,,2003.0,4,4,8
Song,Identidad Privada,True,2010,Alternative Rock,True,7034,2010,,,2010.0,5,5,10
Person,Matthew Carter,,,,,7035,, The Saint,,,3,0,3
Song,Voz Sin Eco,False,1987,Indie Pop,True,7036,,,,1987.0,3,9,12
Person,Geneviève Duhamel,,,,,7037,,,,,2,0,2
Person,Magnus Geisler,,,,,7038,,,,,1,0,1
Person,Johan Hermann,,,,,7039,,,,,1,0,1
Person,Michel Dippel,,,,,7040,,,,,1,0,1
Song,Desert Lullaby,True,2010,Indie Folk,True,7041,2004,,2010,2010.0,2,4,6
Person,John Taylor,,,,,7042,,The Ghost Circuit,,,1,0,1
Person,John Garcia,,,,,7043,,,,,4,0,4
Person,Matthew Cowan,,,,,7044,,,,,4,0,4
Song,Shadows of Sanctuary,True,2026,Dream Pop,True,7045,,,,2026.0,3,7,10
Person,Xiuying Bai,,,,,7046,,,,,1,0,1
Person,Yong Su,,,,,7047,,,,,1,0,1
Person,Lei Tian,,,,,7048,,,,,1,0,1
Person,Chao Wu,,,,,7049,,,,,1,0,1
Person,Yong Hou,,,,,7050,,,,,1,0,1
Person,Xia Yang,,,,,7051,,,,,1,0,1
Song,Borrowed Time in Bethlehem,True,2013,Dream Pop,True,7052,,,,2013.0,3,4,7
Person,Carol Reid,,,,,7053,,,,,3,0,3
Song,Whispers of the Caravan,True,2026,Lo-Fi Electronica,False,7054,,,,2026.0,12,4,16
Person,Lei Duan,,,,,7055,,,,,5,0,5
Song,Reflected Strangers,True,2024,Synthwave,True,7056,2018,,,2024.0,11,8,19
Person,Min Xie,,,,,7057,, J.R. Vale,,,2,0,2
Person,Fang Gu,,,,,7058,,,,,1,0,1
Person,Qiang Shao,,,,,7059,,,,,1,0,1
Person,Min Fu,,,,,7060,,,,,1,0,1
Person,Yang Lu,,,,,7061,,,,,1,0,1
Person,Tracy Warren,,,,,7062,,,,,2,0,2
Album,Portraits of Silence,,2013,Americana,True,7063,,,,2013.0,2,7,9
Person,Cynthia Johns,,,,,7064,,,,,1,0,1
Person,Christopher Gutierrez,,,,,7065,,,,,1,0,1
Person,Holly Stephens,,,,,7066,,,,,2,0,2
Person,Barbara Fox,,,,,7067,,,,,1,0,1
Album,Behind the Mask,,2024,Psychedelic Rock,True,7068,,,2024,2024.0,2,6,8
Person,Chao Zhu,,,,,7069,,,,,2,0,2
Person,Chao Bai,,,,,7070,,,,,1,0,1
Person,Juan Sun,,,,,7071,,,,,1,0,1
Person,Xia Qin,,,,,7072,,,,,3,0,3
Person,Yang Guo,,,,,7073,,,,,3,0,3
Song,Fractured Expressions,True,2017,Indie Folk,True,7074,,,,2017.0,4,6,10
Person,Fang Hou,,,,,7075,,,,,3,0,3
Person,Benjamin Mercer,,,,,7076,,,,,2,0,2
Song,Mercy Beyond Blades,True,2017,Psychedelic Rock,True,7077,,,,2017.0,4,4,8
Person,Ping Xu,,,,,7078,,,,,2,0,2
Person,Jing Huang,,,,,7079,,,,,1,0,1
Album,Celestial Conscience,,2020,Indie Folk,True,7080,,,,2020.0,5,14,19
Person,Na Yuan,,,,,7081,,SAVVY G,,,1,0,1
Person,Jing Fang,,,,,7082,,,,,1,0,1
Person,Lei Deng,,,,,7083,,,,,1,0,1
Person,Yan Deng,,,,,7084,,,,,3,0,3
Person,Wendy Brown,,,,,7085,,,,,4,0,4
Song,Halos Without Harm,True,2025,Synthwave,True,7086,,,,2025.0,3,4,7
Person,Yong Fu,,,,,7087,,,,,1,0,1
Person,Jie Yi,,,,,7088,,,,,1,0,1
Song,Divine Restraint,False,2028,Dream Pop,True,7089,,,,2028.0,5,9,14
Person,Yan Yang,,,,,7090,,,,,2,0,2
Person,Jie Zhang,,,,,7091,,,,,1,0,1
Song,Meadow's Whisper,True,2025,Synthwave,True,7092,,,,2025.0,4,5,9
Person,Juan Ma,,,,,7093,,,,,1,0,1
Person,Li Xue,,,,,7094,,,,,1,0,1
Person,Yan Qiao,,,,,7095,,,,,2,0,2
Person,Xia Xue,,,,,7096,,,,,1,0,1
Album,Echoes of the Pasture,,2023,Americana,True,7097,2023,,,2023.0,2,3,5
Person,Yang Zeng,,,,,7098,,,,,2,0,2
Song,Shepherd's Lullaby,True,2021,Avant-Garde Folk,True,7099,,,,2021.0,3,4,7
Song,Hillside Harmony,True,2012,Alternative Rock,True,7100,2012,,,2012.0,6,5,11
Album,Whispers in the Echoes,,2015,Alternative Rock,True,7101,2015,,,2015.0,7,5,12
Person,Mannat Edwin,,,,,7102,,,,,1,0,1
Person,Mahika Basu,,,,,7103,,,,,1,0,1
Person,Manjari Bobal,,,,,7104,,,,,1,0,1
Person,Nakul Gole,,,,,7105,,,,,2,0,2
RecordLabel,Ribes Sound,,,,,7106,,,,,0,2,2
Song,Traces of Yesterday,True,2020,Dream Pop,True,7107,,,2020,2020.0,1,9,10
Person,Wei Wang,,,,,7108,,,,,1,0,1
Person,Qiang Gu,,,,,7109,,,,,1,0,1
Person,Lei Qiu,,,,,7110,,,,,1,0,1
Person,Yang Wen,,,,,7111,,,,,1,0,1
Person,Ping Dong,,,,,7112,,,,,1,0,1
Song,Fragments of a Forgotten Embrace,False,2007,Doom Metal,True,7113,,,,2007.0,4,4,8
Album,Shadows of Memory,,2017,Dream Pop,True,7114,2017,,,2017.0,1,4,5
Person,Ming Luo,,,,,7115,,Z-LO THE MYST,,,3,0,3
Song,Suffering's Embrace,True,2007,Doom Metal,True,7116,,,,2007.0,3,51,54
Person,Ming Huang,,,,,7117,,,,,2,0,2
Song,Whispers of Pain,True,2028,Dream Pop,True,7118,,,,2028.0,2,5,7
Person,Yan Yu,,,,,7119,, Sasha James,,,1,0,1
Person,Xiulan Ren,,,,,7120,,,,,1,0,1
Person,Lei Xue,,,,,7121,,,,,4,0,4
Person,Yong Ye,,,,,7122,,,,,1,0,1
Album,Torment's Lament,,2029,Indie Rock,True,7123,,,,2029.0,3,5,8
Person,Jeffrey Knight,,,,,7124,,,,,2,0,2
Person,Yang Cheng,,,,,7125,,,,,2,0,2
Person,Qiang Yang,,,,,7126,,,,,1,0,1
Person,Katie Fleming,,,,,7127,,,,,1,0,1
Song,Anguish Unfolding,True,1992,Dream Pop,True,7128,,,,1992.0,3,8,11
Song,Burning Embers,True,2017,Americana,False,7129,,,,2017.0,1,5,6
Person,Lei Ma,,,,,7130,,,,,1,0,1
Person,Xia Dong,,,,,7131,,,,,1,0,1
Person,Xia Ye,,,,,7132,,,,,2,0,2
Song,Flicker's Last Breath,True,2026,Space Rock,True,7133,2026,,,2026.0,9,5,14
Person,Tao Yin,,,,,7134,,,,,2,0,2
Person,Wei Liang,,,,,7135,,,,,1,0,1
Person,Wei Liu,,,,,7136,,,,,3,0,3
Album,Illuminated Shadows,,1997,Doom Metal,True,7137,1997,,,1997.0,2,4,6
Song,Kerosene Memories,False,2019,Speed Metal,True,7138,,,,2019.0,4,6,10
Person,Maura Jovinelli,,,,,7139,,,,,6,0,6
Song,Waves of Longing,True,2029,Desert Rock,True,7140,,,,2029.0,5,10,15
Person,Fang Cheng,,,,,7141,,Quantum Waltz,,,1,0,1
Person,Ping He,,,,,7142,,,,,3,0,3
Person,Ming Xiang,,,,,7143,,,,,5,0,5
Person,Tao Zhang,,,,,7144,,,,,2,0,2
Person,Chao Dai,,,,,7145,,,,,3,0,3
Person,Ming Sun,,,,,7146,,,,,2,0,2
Album,Distant Horizons,,2029,Oceanus Folk,False,7147,,,,2029.0,7,5,12
Person,Gang Xiong,,,,,7148,,,,,2,0,2
Person,Li Huang,,,,,7149,,,,,1,0,1
Person,Qiang Luo,,,,,7150,,,,,2,0,2
Person,Yong Ye,,,,,7151,,,,,1,0,1
RecordLabel,Copper Tone Records,,,,,7152,,,,,0,2,2
Album,Maritime Memories,,2023,Alternative Rock,True,7153,,,,2023.0,4,4,8
Person,Gregg Fuentes,,,,,7154,,,,,5,0,5
Person,Jacqueline Fields,,,,,7155,,,,,4,0,4
Person,Michaela Kelley,,,,,7156,,,,,7,0,7
Song,Salt and Silence,True,1997,Southern Gothic Rock,True,7157,1997,,,1997.0,7,8,15
Person,Bartek Krzysiek,,,,,7158,,,,,1,0,1
Person,Michael Hart,,,,,7159,,,,,1,0,1
Person,Franck Gillet,,,,,7160,,,,,1,0,1
Song,Midnight Howl Symphony,True,2025,Synthwave,True,7161,2025,,2025,2025.0,3,4,7
Person,Lei Zou,,,,,7162,,,,,1,0,1
Person,Li Yi,,,,,7163,,,,,1,0,1
Person,Tao Zheng,,,,,7164,,,,,2,0,2
Song,Canine Warning Signals,False,2003,Synthwave,True,7165,,,,2003.0,2,4,6
Song,Barking at the Moon's Edge,True,2004,Synthpop,True,7166,,,,2004.0,2,4,6
Person,Chao Gao,,,,,7167,,,,,1,0,1
Person,Guiying Xu,,,,,7168,,,,,1,0,1
RecordLabel,Resonant Pulse Records,,,,,7169,,,,,0,1,1
Album,Echoes of Restless Hounds,,2020,Psychedelic Rock,True,7170,,,,2020.0,3,11,14
Person,Jennifer Curtis,,,,,7171,,,,,1,0,1
Person,Elizabeth Adams,,,,,7172,,,,,1,0,1
Person,Marc Ward,,,,,7173,,,,,1,0,1
Person,Melissa Merritt,,,,,7174,,,,,1,0,1
Person,Kim Washington,,,,,7175,,,,,1,0,1
RecordLabel,Parazinho Records,,,,,7176,,,,,0,1,1
Song,Transatlantic Wingspan,True,2013,Indie Folk,True,7177,2013,,2013,2013.0,1,11,12
Person,Na Kong,,,,,7178,,,,,1,0,1
Person,Tina Raymond,,,,,7179,,,,,4,0,4
Song,Aviator's First Dance,True,2023,Oceanus Folk,True,7180,,,2023,2023.0,3,4,7
Person,Min Song,,,,,7181,,,,,2,0,2
Person,Yong Xia,,,,,7182,,,,,1,0,1
RecordLabel,Scarlet Soles,,,,,7183,,,,,0,1,1
Song,Spirit of St. Louis Swing,False,1994,Indie Pop,True,7184,,,1994,1994.0,1,5,6
Person,Wigbert Scholl,,,,,7185,,,,,1,0,1
Person,Stefan Zirme,,,,,7186,,,,,2,0,2
Person,Alfred Tschentscher,,,,,7187,,,,,1,0,1
RecordLabel,Clan Crescendo,,,,,7188,,,,,0,1,1
Song,Clouds and Courage,True,2004,Indie Rock,True,7189,,,,2004.0,2,3,5
Song,Shadows of Silence,True,2027,Psychedelic Rock,True,7190,,,,2027.0,5,6,11
Person,Jennifer Adams,,,,,7191,,,,,1,0,1
Person,Li Yin,,,,,7192,,,,,2,0,2
Person,Wei Cai,,,,,7193,,,,,1,0,1
Song,Hold Me Closer (Don't Let Go),True,2002,Emo/Pop Punk,True,7194,2002,,,2002.0,6,7,13
Song,Echoes of Empty Rooms,False,2029,Indie Folk,True,7195,,,2029,2029.0,3,3,6
Person,Kumiko Sato,,,,,7196,,,,,1,0,1
Song,Invisible Hands Reaching,True,2022,Symphonic Metal,True,7197,,,2022,2022.0,1,11,12
Person,Jing Hou,,,,,7198,,Vortex Cantata,,,1,0,1
Person,Min Xiong,,,,,7199,,,,,2,0,2
Person,Gregory Wright,,,,,7200,,,,,1,0,1
Person,Xia Zeng,,,,,7201,,,,,1,0,1
Person,Wei Tao,,,,,7202,,,,,1,0,1
Person,Ming Su,,,,,7203,,,,,1,0,1
Song,Whispers of a Fleeting Gaze,False,2023,Dream Pop,True,7204,2023,,2023,2023.0,2,4,6
Person,Howard Taylor,,,,,7205,,,,,1,0,1
Person,Kristin Shepard,,,,,7206,,,,,2,0,2
Person,Heather Hardy,,,,,7207,,,,,1,0,1
RecordLabel,Resonant Realm,,,,,7208,,,,,0,1,1
Song,Beloved Silhouette in Twilight,True,2029,Symphonic Metal,True,7209,2029,,,2029.0,4,4,8
Person,James Odom,,,,,7210,,,,,1,0,1
Person,Kelly Barrett,,,,,7211,,,,,1,0,1
Person,William Kennedy,,,,,7212,,,,,2,0,2
Album,Ephemeral Beauty's Embrace,,2029,Indie Folk,True,7213,,,2036,2029.0,6,9,15
Person,Fang Cui,,,,,7214,,,,,4,0,4
Person,Jing Mao,,,,,7215,,,,,5,0,5
Person,Lei Qiu,,,,,7216,,,,,4,0,4
Person,Min Kong,,,,,7217,,,,,4,0,4
Person,Li Song,,,,,7218,,,,,5,0,5
Person,Hannah Richards,,,,,7219,,,,,1,0,1
Person,Li Sun,,,,,7220,,,,,2,0,2
Song,Shadows of a Tender Glance,True,1997,Alternative Rock,True,7221,,,,1997.0,3,3,6
Song,Echoes of Julianne,True,2010,Alternative Rock,True,7222,2010,,,2010.0,7,6,13
Person,Robert Norris,,,,,7223,,,,,4,0,4
Song,Postcards from Julianne's Heart,False,2022,Oceanus Folk,True,7224,,,,2022.0,3,14,17
Person,Ming Chen,,,,,7225,,,,,1,0,1
Song,Silhouette of a Memory,True,2020,Indie Rock,True,7226,,,,2020.0,3,8,11
Person,Patrick Lewis,,,,,7227,,,,,1,0,1
Person,Andrew Morrison,,,,,7228,,,,,2,0,2
Person,Brian Jones,,,,,7229,,,,,1,0,1
Person,James Martinez,,,,,7230,,,,,2,0,2
Person,Jessica Baxter,,,,,7231,,,,,2,0,2
Person,Hannah Elliott,,,,,7232,,,,,2,0,2
Person,Kenneth Crosby,,,,,7233,,,,,4,0,4
RecordLabel,Heritage Echoes,,,,,7234,,,,,0,1,1
Song,The Last Letter to Julianne,True,2023,Oceanus Folk,True,7235,2023,,,2023.0,3,9,12
Person,Jun Yuan,,,,,7236,,,,,2,0,2
Person,Li Ding,,,,,7237,,,,,1,0,1
Person,Qiang Du,,,,,7238,,,,,1,0,1
Person,Wei Bai,,,,,7239,,,,,1,0,1
Person,Yan Zhou,,,,,7240,,,,,5,0,5
Song,Kiinni Sydämessäsi (Caught in Your Heart),True,2028,Indie Rock,True,7241,,,,2028.0,3,3,6
Person,Ahana  Sarin,,,,,7242,,,,,2,0,2
Person,Ritvik Taneja,,,,,7243,,,,,1,0,1
Song,Rakkauden Varjossa (In the Shadow of Love),True,2013,Synthwave,True,7244,2013,,2013,2013.0,2,11,13
Person,Na Cui,,,,,7245,,,,,1,0,1
Person,Kimberly Stanton,,,,,7246,,,,,3,0,3
Person,Kelly Munoz,,,,,7247,,,,,2,0,2
Person,Guiying Lei,,,,,7248,,,,,1,0,1
Song,Vailla Toista (Without Another),True,2023,Indie Pop,True,7249,2023,,,2023.0,10,4,14
Song,Pelkkä Sinä (Just You),False,2013,Doom Metal,True,7250,,,,2013.0,2,9,11
Person,Hartmut Ruppert,,,,,7251,,,,,1,0,1
Person,Zachary Harris,,,,,7252,,,,,8,0,8
RecordLabel,Riverside Elevation,,,,,7253,,,,,0,12,12
Album,Twilight's Gentle Whispers,,2010,Indie Folk,True,7254,,,,2010.0,2,9,11
Person,Patricia Myers,,,,,7255,,,,,2,0,2
Person,Yan Wang,,,,,7256,,,,,3,0,3
Person,Gang Qin,,,,,7257,,,,,3,0,3
Person,Ann Nielsen,,,,,7258,,,,,2,0,2
Person,Qiang Qiao,,,,,7259,,,,,2,0,2
Person,Min Wu,,,,,7260,,,,,4,0,4
Song,Candlelight Sonata,True,2030,Alternative Rock,False,7261,,,,2030.0,3,3,6
Person,Xia Lin,,,,,7262,, Knight IX,,,12,0,12
Album,Dusk's Melodic Embrace,,1985,Alternative Rock,True,7263,1985,,1985,1985.0,1,4,5
Person,Osamu Goto,,,,,7264,,,,,1,0,1
Person,Rika Yamamoto,,,,,7265,,,,,2,0,2
Song,Evening's Soft Refrain,False,2026,Dream Pop,True,7266,,,,2026.0,2,6,8
Person,Yan Su,,,,,7267,,,,,1,0,1
Person,Yang Chang,,,,,7268,,,,,1,0,1
Person,Cheryl Brown,,,,,7269,,,,,2,0,2
Person,Chao Peng,,,,,7270,,,,,1,0,1
Song,Surrender to the Silence,True,2024,Alternative Rock,True,7271,,,,2024.0,10,14,24
Person,Yan Tian,,,,,7272,,,,,1,0,1
Album,Final Breath's Embrace,,2004,Dream Pop,True,7273,,,2004,2004.0,3,6,9
Person,Fang Gao,,,,,7274,,,,,1,0,1
Person,Whitney Schmidt,,,,,7275,,,,,2,0,2
Person,Tammy Howell,,,,,7276,,,,,2,0,2
Person,Ping Xu,,,,,7277,,,,,1,0,1
Song,Requiem for a Fading Self,True,2022,Synthwave,True,7278,2022,,2022,2022.0,25,37,62
Person,Keith Larsen,,,,,7279,,,,,7,0,7
RecordLabel,Solara Sonore,,,,,7280,,,,,0,4,4
Song,When Shadows Consume Me,False,2017,Doom Metal,True,7281,,,,2017.0,5,7,12
Person,Zeeshan Kuruvilla,,,,,7282,,,,,2,0,2
Person,Manikya Badal,,,,,7283,,,,,1,0,1
Person,Ela Dara,,,,,7284,,,,,1,0,1
Person,Daniel Harrington,,,,,7285,,,,,2,0,2
Album,Woven Threads,,2010,Dream Pop,True,7286,,,2010,2010.0,4,4,8
Person,Dana Perkins,,,,,7287,,,,,1,0,1
Person,Christopher Young,,,,,7288,,,,,1,0,1
Person,Deborah Aguilar,,,,,7289,,,,,1,0,1
Person,Christopher Wood,,,,,7290,,,,,1,0,1
Song,Twisted Strands,True,2017,Dream Pop,True,7291,2017,,2017,2017.0,2,4,6
Person,Jing Liao,,,,,7292,,,,,2,0,2
Person,Min Wan,,,,,7293,,,,,1,0,1
Person,Guiying Qiao,,,,,7294,,,,,1,0,1
Song,Binding Fibers,False,2023,Indie Folk,True,7295,,,,2023.0,3,5,8
Song,Intertwined Hearts,False,2017,Symphonic Metal,True,7296,2017,,,2017.0,2,6,8
Person,Holger Hiller,,,,,7297,,,,,3,0,3
Person,Guido Dobes,,,,,7298,,,,,2,0,2
Song,Footsteps of Memory,True,2010,Jazz Surf Rock,True,7299,,,,2010.0,3,4,7
Person,Kayla Jenkins,,,,,7300,,,,,1,0,1
Person,Michael Moore,,,,,7301,,,,,5,0,5
Person,David Orr,,,,,7302,,,,,1,0,1
Person,Joseph Jones,,,,,7303,,,,,1,0,1
Song,Wandering Echoes,True,2005,Southern Gothic Rock,True,7304,2002,,,2005.0,2,7,9
Person,April Welch,,,,,7305,,,,,1,0,1
Person,Vidur D’Alia,,,,,7306,,,,,4,0,4
Person,Raghav Chawla,,,,,7307,,,,,2,0,2
Person,Ranbir Sangha,,,,,7308,,,,,2,0,2
Person,Aarav Chana,,,,,7309,,,,,2,0,2
Song,Steps Beyond Horizon,False,2007,Doom Metal,True,7310,2007,,,2007.0,1,3,4
Song,Pathways Unspoken,True,2010,Blues Rock,True,7311,2010,,,2010.0,7,8,15
Person,Nikol Hrubá,,,,,7312,,,,,1,0,1
Song,Cosmic Corridor Cadence,True,2023,Dream Pop,True,7313,,,2023,2023.0,6,6,12
Person,Jacob Ramirez,,,,,7314,,,,,1,0,1
Person,Margaret Vargas,,,,,7315,,,,,1,0,1
Person,Terri Johnson,,,,,7316,,,,,2,0,2
Person,Chris Ward,,,,,7317,,,,,1,0,1
Person,Gemma Gentilini,,,,,7318,,,,,1,0,1
RecordLabel,Vertiente,,,,,7319,,,,,0,2,2
Song,Lunar Transit Groove,True,1997,Americana,True,7320,,,,1997.0,1,5,6
Person,Divit Khanna,,,,,7321,,,,,2,0,2
Person,Nehmat Chaudhary,,,,,7322,,,,,1,0,1
Person,Dishani Goswami,,,,,7323,,,,,1,0,1
RecordLabel,Tirrena Sound,,,,,7324,,,,,0,1,1
Song,Starship Strut,True,2004,Emo/Pop Punk,True,7325,2004,,,2004.0,4,16,20
Song,Interstellar Highway Hymn,True,2028,Dream Pop,True,7326,,,,2028.0,1,5,6
Person,Lei Zhang,,,,,7327,,,,,1,0,1
Person,Xia Pan,,,,,7328,,,,,2,0,2
Person,Na Cui,,,,,7329,,,,,1,0,1
Album,Layers of Radiance,,2014,Synthwave,True,7330,,,,2014.0,3,6,9
Person,Segismundo Hoyos Múgica,,,,,7331,,,,,1,0,1
Person,Nacio Joel Corral Domingo,,,,,7332,,,,,1,0,1
Person,Alejandro Montenegro-Palomino,,,,,7333,,,,,2,0,2
Person,Alonso del Benítez,,,,,7334,,,,,1,0,1
RecordLabel,Phantom Tone Records,,,,,7335,,,,,0,1,1
Song,Growing Into Grace,True,2020,Synthwave,True,7336,2020,,,2020.0,5,5,10
Person,Jun Ye,,,,,7337,,,,,1,0,1
Person,Chao Li,,,,,7338,,,,,3,0,3
Person,Yang Wu,,,,,7339,,,,,1,0,1
Person,Tao Pan,,,,,7340,,,,,1,0,1
Song,Blooming Beyond Scars,True,2020,Indie Folk,True,7341,,,,2020.0,1,5,6
Person,Juan Li,,,,,7342,,,,,2,0,2
Person,Wei Tian,,,,,7343,,,,,4,0,4
Song,Metamorphosis of Beauty,True,2010,Alternative Rock,True,7344,,,,2010.0,3,4,7
Album,Whispers Behind Walls,,2017,Alternative Rock,True,7345,2017,,,2017.0,4,6,10
Person,James Hart,,,,,7346,,,,,1,0,1
Person,Madhup Ganesh,,,,,7347,,,,,1,0,1
Person,Taimur Iyer,,,,,7348,,,,,1,0,1
Person,Diya Goyal,,,,,7349,,,,,1,0,1
RecordLabel,Lyrical Horizon,,,,,7350,,,,,0,1,1
Song,Silent Frequencies,True,2027,Desert Rock,True,7351,,,,2027.0,4,3,7
Person,Wei Gu,,,,,7352,,,,,1,0,1
Person,Juan Ye,,,,,7353,,,,,2,0,2
Song,The Acoustic Confessional,True,2029,Indie Rock,True,7354,,,,2029.0,3,6,9
Person,Jessica Moreno,,,,,7355,,,,,1,0,1
Person,Justin Williams,,,,,7356,,,,,1,0,1
Person,Ian Dawson,,,,,7357,,,,,1,0,1
Person,Seve Francisco,,,,,7358,,,,,1,0,1
Person,Abril Serna,,,,,7359,,,,,2,0,2
RecordLabel,Bolognese Harmony,,,,,7360,,,,,0,1,1
Song,Resonance Chamber,False,2000,Alternative Rock,True,7361,2000,,,2000.0,4,3,7
Person,Takuma Shimizu,,,,,7362,,,,,1,0,1
Person,Michael Smith,,,,,7363,,,,,1,0,1
Person,Mikako Saito,,,,,7364,,,,,1,0,1
RecordLabel,Cumaral Soundscape,,,,,7365,,,,,0,5,5
Song,Unrivaled,True,2004,Americana,True,7366,,,,2004.0,2,5,7
Person,Anay Behl,,,,,7367,,,,,1,0,1
Person,Zara Dugar,,,,,7368,,,,,2,0,2
Person,Shamik Jhaveri,,,,,7369,,,,,1,0,1
RecordLabel,Żenn Sound,,,,,7370,,,,,0,4,4
Song,Champion's Lament,True,2017,Synthwave,True,7371,,,,2017.0,4,3,7
Person,Jenna Casey,,,,,7372,, FR3$H,,,2,0,2
Person,Pamela Schultz,,,,,7373,,,,,1,0,1
Song,Peak Performance,True,2028,Dream Pop,True,7374,2028,,,2028.0,5,8,13
Person,Maria Morris,,,,,7375,,,,,1,0,1
Person,Sharon Crawford,,,,,7376,,,,,1,0,1
Person,Michelle Anderson,,,,,7377,,,,,1,0,1
Person,Dylan Williams,,,,,7378,,,,,1,0,1
Person,Antonio Allen,,,,,7379,,,,,1,0,1
Song,Beyond Comparison,False,2026,Space Rock,True,7380,,,2026,2026.0,2,6,8
Song,The Unwritten Map,False,2030,Americana,True,7381,,,2030,2030.0,3,5,8
Person,Luciano Calzada Arcos,,,,,7382,,,,,1,0,1
Person,Jivika Keer,,,,,7383,,,,,1,0,1
Person,Rafael Hoz Pizarro,,,,,7384,,,,,2,0,2
Person,Gina Miller,,,,,7385,,,,,1,0,1
Song,Where Differences Dissolve,True,2027,Alternative Rock,True,7386,,,2027,2027.0,3,5,8
Person,Regina Bruce,,,,,7387,,,,,4,0,4
Person,Amber Huff,,,,,7388,,,,,3,0,3
Song,Empathy's Embrace,True,1989,Blues Rock,True,7389,1983,,,1989.0,3,6,9
Person,Ashley Cabrera,,,,,7390,,,,,3,0,3
Person,Juan Shelton,,,,,7391,,,,,1,0,1
Person,Paige Adams,,,,,7392,,,,,5,0,5
Person,Bonnie Roberts,,,,,7393,,,,,1,0,1
RecordLabel,Saint Sound,,,,,7394,,,,,0,1,1
Song,Moral High Ground,True,2021,Synthwave,True,7395,,,,2021.0,3,11,14
Person,Chad Green,,,,,7396,,,,,1,0,1
Person,Jing Liao,,,,,7397,,,,,4,0,4
Person,Charles Vazquez,,,,,7398,,,,,7,0,7
Song,Righteous Steps,True,2024,Space Rock,True,7399,,,,2024.0,2,8,10
Person,Chao Chang,,,,,7400,,,,,1,0,1
Person,Juan Fu,,,,,7401,,,,,2,0,2
RecordLabel,Metropole Records,,,,,7402,,,,,0,1,1
Song,Conduct Code,True,2027,Dream Pop,True,7403,,,,2027.0,2,3,5
Person,Wei Yao,,,,,7404,,,,,2,0,2
Person,Xia Zhang,,,,,7405,,,,,1,0,1
Song,Straight and Narrow,False,2020,Doom Metal,True,7406,,,,2020.0,6,3,9
Person,Deborah Young,,,,,7407,,,,,2,0,2
Song,Secrets Between the Lines,False,2023,Desert Rock,True,7408,,,,2023.0,2,7,9
Person,Yang Yan,,,,,7409,,,,,1,0,1
Person,Xiulan Duan,,,,,7410,,,,,1,0,1
Person,Min Jin,,,,,7411,,,,,2,0,2
Person,Xiuying Luo,,,,,7412,,,,,1,0,1
Person,Guiying Yu,,,,,7413,,,,,1,0,1
Song,Whispers Nobody Heard,True,2026,Dream Pop,True,7414,2026,,,2026.0,3,4,7
Person,Ping He,,,,,7415,,,,,3,0,3
Person,Stephanie Horton,,,,,7416,,,,,3,0,3
Song,Reveal the Unspoken,True,2003,Southern Gothic Rock,True,7417,1999,,,2003.0,3,7,10
Person,Nicolas Marsh,,,,,7418,,,,,2,0,2
Person,Steven Medina,,,,,7419,,,,,1,0,1
Person,Shannon Oneill,,,,,7420,,,,,1,0,1
Person,Timothy Lewis,,,,,7421,,,,,3,0,3
RecordLabel,Warsawski Dźwięk Studyjny,,,,,7422,,,,,0,1,1
RecordLabel,Summit Sound Studios,,,,,7423,,,,,0,1,1
Song,Hidden Pages of Truth,True,2014,Emo/Pop Punk,True,7424,,,,2014.0,4,4,8
Song,Push Through the Limits,True,2024,Dream Pop,True,7425,,,,2024.0,2,8,10
Person,Lei Bai,,,,,7426,,,,,1,0,1
Person,Chao Yuan,,,,,7427,,,,,2,0,2
Person,Kyle Myers,,,,,7428,,,,,1,0,1
Person,Na Dai,,,,,7429,,,,,1,0,1
Person,Tao Hou,,,,,7430,,,,,2,0,2
Song,My Absolute Best,True,2017,Indie Folk,True,7431,2017,,,2017.0,3,3,6
Person,Mikayla Cook,,,,,7432,,,,,4,0,4
Person,Nathaniel Fisher,,,,,7433,,,,,2,0,2
RecordLabel,Calende Music,,,,,7434,,,,,0,2,2
Song,Every Ounce of Effort,True,2010,Psychedelic Rock,True,7435,2010,,,2010.0,2,9,11
Person,Juan Shen,,,,,7436,,,,,1,0,1
Person,Xiulan Gong,,,,,7437,,,,,2,0,2
Person,Min Yang,,,,,7438,,,,,1,0,1
Person,Yan Su,,,,,7439,,,,,1,0,1
Person,Juan Xiang,,,,,7440,,,,,1,0,1
Album,Nothing Left Untried,,2030,Desert Rock,True,7441,,,2030,2030.0,6,10,16
Person,Yan Liu,,,,,7442,,,,,2,0,2
Person,Wei Gu,,,,,7443,,,,,1,0,1
Person,Lei Shi,,,,,7444,,,,,1,0,1
Person,Xiuying Guo,,,,,7445,,,,,1,0,1
Person,Jing Guo,,,,,7446,,,,,1,0,1
RecordLabel,Shelby Horizon,,,,,7447,,,,,0,1,1
Song,Whispers of Moonlit Reverie,True,2023,Darkwave,True,7448,,,,2023.0,3,2,5
Person,Konrad Koźlak,,,,,7449,,,,,2,0,2
Song,Starlit Summer Phantasm,True,2013,Doom Metal,True,7450,2013,,,2013.0,3,5,8
Person,Angela Porter,,,,,7451,,,,,1,0,1
Song,Twilight's Ethereal Dance,False,2013,Americana,True,7452,2007,,,2013.0,2,7,9
Person,Jing Guo,,,,,7453,,,,,3,0,3
Album,Ephemeral Midsummer Illusion,,1993,Alternative Rock,True,7454,1993,,,1993.0,2,4,6
Person,Kyle Johnson,,,,,7455,,,,,1,0,1
Person,Michael Wise,,,,,7456,,,,,2,0,2
Song,Shelter from the Storm,True,2023,Symphonic Metal,True,7457,,,,2023.0,3,5,8
Person,Doris Hatfield,,,,,7458,,,,,1,0,1
Person,Sherry Mcdaniel,,,,,7459,,,,,1,0,1
Person,Carolyn Morgan,,,,,7460,,,,,2,0,2
Song,Heartbeat's Embrace,True,2025,Indie Folk,True,7461,,,,2025.0,5,6,11
Person,Colette-Jeannine Lemaître,,,,,7462,,,,,4,0,4
Person,Simone Parent,,,,,7463,,,,,5,0,5
Person,Raymond Chartier,,,,,7464,,,,,4,0,4
Song,Safe Haven,True,2007,Southern Gothic Rock,True,7465,,,,2007.0,2,3,5
Album,Wrapped in Whispers,,2017,Indie Folk,True,7466,,,,2017.0,2,3,5
Person,Xiulan Zou,,,,,7467,,,,,2,0,2
Person,Yan Yuan,,,,,7468,,,,,1,0,1
Song,Liquid Desire,True,2007,Dream Pop,True,7469,,,2007,2007.0,4,4,8
Person,Douglas Stout,,,,,7470,,,,,1,0,1
Person,Lisa Lopez,,,,,7471,,,,,2,0,2
RecordLabel,Pro Centennial,,,,,7472,,,,,0,2,2
RecordLabel,Liminal Sound,,,,,7473,,,,,0,1,1
Song,Taste of Temptation,True,2020,Desert Rock,True,7474,2020,,,2020.0,2,4,6
Person,Naoko Suzuki,,,,,7475,,,,,1,0,1
Person,Ryosuke Nakamura,,,,,7476,,,,,1,0,1
Person,Shohei Yamashita,,,,,7477,,,,,2,0,2
Song,Drink Me Down,True,2029,Psychedelic Rock,True,7478,,,,2029.0,3,5,8
Song,Sips and Secrets,True,2026,Doom Metal,True,7479,,,,2026.0,3,3,6
Person,Wei Yuan,,,,,7480,,,,,2,0,2
Person,Xiuying Dong,,,,,7481,,,,,1,0,1
Song,Silence the Signal,True,2020,Avant-Garde Folk,True,7482,,,,2020.0,3,3,6
Person,Renee Lynch,,,,,7483,,,,,3,0,3
Album,Disconnected,,2010,Synthwave,True,7484,,,,2010.0,2,13,15
Person,Jun Chen,,,,,7485,,,,,1,0,1
Person,Min Xie,,,,,7486,,,,,2,0,2
Person,Ming Xu,,,,,7487,,,,,1,0,1
Song,Cellular Goodbye,True,2026,Doom Metal,True,7488,,,,2026.0,1,6,7
Person,Torquato Fantini,,,,,7489,,,,,2,0,2
Person,Domenico Gasperi,,,,,7490,,,,,4,0,4
Person,Franco Angeli,,,,,7491,,,,,3,0,3
Song,Hang Up (On You),True,2027,Desert Rock,True,7492,2027,,,2027.0,4,8,12
Person,Tao Bai,,,,,7493,,,,,2,0,2
Person,Gang Xie,,,,,7494,,,,,1,0,1
Song,Dual Waters of Memory,False,2013,Desert Rock,True,7495,2013,,,2013.0,3,9,12
Person,Robert Shaw,,,,,7496,,,,,1,0,1
Person,Michael Mitchell,,,,,7497,,,,,1,0,1
Person,Nicole Jackson,,,,,7498,,,,,2,0,2
Person,Lei Xiao,,,,,7499,,,,,1,0,1
Person,Ming Yuan,,,,,7500,,,,,1,0,1
Person,Jack Hawkins,,,,,7501,,,,,2,0,2
Song,Twinned Fountains of Longing,True,1997,Indie Folk,True,7502,,,,1997.0,2,10,12
Person,Laura Beck,,,,,7503,,,,,3,0,3
Person,Ryan Lin,,,,,7504,,,,,2,0,2
Person,Nicole Cook,,,,,7505,,,,,2,0,2
Person,Michael Pratt,,,,,7506,,,,,2,0,2
Person,Michelle Stafford,,,,,7507,,,,,3,0,3
Person,Brian Contreras,,,,,7508,,,,,3,0,3
Person,Shelly Kelly,,,,,7509,,,,,2,0,2
RecordLabel,Prefecture Records,,,,,7510,,,,,0,1,1
Song,Parallel Streams of Sentiment,True,2017,Synthwave,True,7511,2017,,,2017.0,4,14,18
Person,Matthew Good,,,,,7512,,,,,2,0,2
Person,Matthew Griffin,,,,,7513,,,,,6,0,6
Person,Katie Hartman,,,,,7514,,,,,1,0,1
Person,Samantha Herring,,,,,7515,,,,,4,0,4
Person,Laura Turner,,,,,7516,,,,,10,0,10
Song,Converging Currents of the Heart,True,2023,Indie Rock,True,7517,,,,2023.0,7,15,22
Person,Curtis Underwood,,,,,7518,, Ava Rain,,,1,0,1
Person,Siegmund Winkler,,,,,7519,,,,,1,0,1
Song,Echoes of the Forest Guardian,False,2025,Dream Pop,True,7520,2025,,2025,2025.0,4,4,8
Person,Juan Gu,,,,,7521,,,,,1,0,1
Person,Ping Lu,,,,,7522,,,,,1,0,1
Person,Jun Gao,,,,,7523,,,,,1,0,1
Person,Yang Deng,,,,,7524,,,,,1,0,1
Song,Nishadpati's Lament,True,2021,Oceanus Folk,True,7525,2021,,,2021.0,2,5,7
Person,Daniel Oneill,,,,,7526,,,,,1,0,1
Person,Susan Randall,,,,,7527,,,,,1,0,1
Person,Christine Jones,,,,,7528,,,,,2,0,2
Person,Deborah Norton,,,,,7529,,,,,1,0,1
RecordLabel,Resonant Terroir,,,,,7530,,,,,0,1,1
Song,Riverbank Chronicles,True,1992,Southern Gothic Rock,True,7531,1992,,,1992.0,2,10,12
Person,Leif Bolzmann,,,,,7532,,,,,3,0,3
Person,Marija Lehmann,,,,,7533,,,,,3,0,3
Song,Whispers of the Tribal King,True,2012,Darkwave,True,7534,,,2012,2012.0,3,17,20
Person,Yang Chang,,,,,7535,,,,,2,0,2
Person,Jun Ding,,,,,7536,,,,,1,0,1
Person,Jing Pan,,,,,7537,,,,,1,0,1
Person,Na Liang,,,,,7538,,,,,2,0,2
Person,Diane Dunn,,,,,7539,,,,,1,0,1
Song,Midnight's Pale Feast,True,2012,Synthwave,True,7540,,,,2012.0,3,3,6
Person,Jeffrey Garrett,,,,,7541,,,,,1,0,1
Person,Li Liao,,,,,7542,,,,,2,0,2
Song,Carpathian Blood Requiem,True,2024,Doom Metal,True,7543,,,,2024.0,3,10,13
Person,Jason Mayer,,,,,7544,,GHOSTHUNNIT,,,1,0,1
Person,John Hopkins,,,,,7545,,,,,2,0,2
Person,Joseph Navarro,,,,,7546,,,,,2,0,2
Person,Morgan Rodriguez,,,,,7547,,,,,1,0,1
Person,Ryan Roberts,,,,,7548,,,,,2,0,2
Person,Jacqueline Obrien,,,,,7549,,,,,1,0,1
Person,Carl Rodriguez,,,,,7550,,,,,1,0,1
Song,Shadows of the Undying Famine,True,2011,Indie Folk,True,7551,,,,2011.0,4,4,8
Person,Elizabeth Willis,,,,,7552,,Lizzy West,,,4,0,4
Person,Anay Dey,,,,,7553,,,,,1,0,1
RecordLabel,Sesto Sound,,,,,7554,,,,,0,1,1
Song,Fangs and Forgotten Hunger,False,2024,Space Rock,True,7555,,,,2024.0,2,11,13
Person,Benjamin Brown,,,,,7556,,,,,2,0,2
Person,Miranda Gonzales,,,,,7557,,,,,1,0,1
Person,Melissa Dennis,,,,,7558,,,,,1,0,1
Person,Sylvia Thompson,,,,,7559,,,,,1,0,1
Person,Keith Clark,,,,,7560,,,,,2,0,2
Person,Jennifer Brown,,,,,7561,,,,,1,0,1
Person,Carlos Brown,,,,,7562,,,,,1,0,1
Album,Blade of Sorrow's Embrace,,2004,Doom Metal,True,7563,,,,2004.0,2,6,8
Person,Ryan Cohen,,,,,7564,,JUXX 100,,,6,0,6
Person,Arne Baum,,,,,7565,,,,,3,0,3
RecordLabel,Sonic Vault Recordings,,,,,7566,,,,,0,1,1
Song,Crimson Echoes of Betrayal,True,2013,Dream Pop,True,7567,,,2013,2013.0,2,7,9
Song,Heartstrings and Steel,True,2013,Avant-Garde Folk,True,7568,,,,2013.0,5,8,13
Person,Raissa Anders,,,,,7569,,,,,6,0,6
Person,Jacob Boyd,,,,,7570,,,,,4,0,4
Song,Whispers of a Wounded Soul,True,2020,Indie Folk,True,7571,,,,2020.0,3,7,10
Album,Sisters of the Windswept Valley,,2004,Doom Metal,True,7572,2004,,,2004.0,2,4,6
Person,Margaud Morel,,,,,7573,,,,,2,0,2
Song,Braided Stories,False,1989,Speed Metal,True,7574,,,1989,1989.0,4,6,10
Song,Blood and Harmony,True,2030,Dream Pop,False,7575,,,,2030.0,3,5,8
Person,Isabella Johnson,,,,,7576,, Bella Nova,,,1,0,1
Person,Qiang Mo,,,,,7577,,,,,1,0,1
Person,Lei Fang,,,,,7578,,,,,1,0,1
Person,Darren Pineda,,,,,7579,,,,,1,0,1
RecordLabel,Echo Horizon Recordings,,,,,7580,,,,,0,1,1
Song,"The Eldest, The Middle, The Youngest",True,2025,Americana,True,7581,,,,2025.0,5,4,9
Person,Alessandro Zito,,,,,7582,,,,,2,0,2
Person,Goffredo Cheda,,,,,7583,,,,,1,0,1
Song,Riverside Echoes of Jaguaribe,False,2027,Dream Pop,True,7584,,,,2027.0,4,4,8
Person,Tao Cui,,,,,7585,,,,,1,0,1
Person,Gang Mao,,,,,7586,,,,,1,0,1
Person,Xia Qiao,,,,,7587,,,,,1,0,1
Person,Guiying Ma,,,,,7588,,,,,1,0,1
RecordLabel,Sonic Pulse Recordings,,,,,7589,,,,,0,2,2
Song,Heartbeat of the Municipal Land,True,2010,Doom Metal,True,7590,,,2010,2010.0,1,6,7
Person,Guiying Dong,,,,,7591,,,,,1,0,1
Person,Jing Tang,,,,,7592,,,,,2,0,2
Person,Lei Huang,,,,,7593,,,,,1,0,1
Song,Winds of Jaguaribe's Promise,True,2020,Dream Pop,True,7594,2020,,,2020.0,3,5,8
Person,Lisa Baker,,,,,7595,,,,,1,0,1
Person,Brian Vincent,,,,,7596,,,,,2,0,2
Person,Alexandra Scott,,,,,7597,,,,,1,0,1
Person,Kathleen Valentine,,,,,7598,,,,,1,0,1
RecordLabel,Echelon Records,,,,,7599,,,,,0,1,1
Song,Roots and Horizons: A Civic Melody,True,2010,Doom Metal,True,7600,,,,2010.0,3,4,7
Person,Bryan Hale,,,,,7601,,,,,1,0,1
Person,Jonathan Jones Jr.,,,,,7602,,,,,1,0,1
Person,Frank Johnson,,,,,7603,,,,,3,0,3
Song,Between Black and White,True,2019,Dream Pop,True,7604,,,,2019.0,2,11,13
Person,Min Hao,,,,,7605,,,,,2,0,2
Person,Chao Xiao,,,,,7606,,,,,2,0,2
Song,Uncertain Spectrum,True,2016,Dream Pop,True,7607,,,,2016.0,2,5,7
Person,Fang Ye,,,,,7608,,,,,1,0,1
Person,Yong Yan,,,,,7609,,,,,2,0,2
Person,Min Jin,,,,,7610,,,,,1,0,1
Song,Blurred Lines of Truth,True,2029,Dream Pop,True,7611,,,,2029.0,16,5,21
Person,Jennifer Garcia,,,,,7612,,,,,1,0,1
Person,Xiulan Zeng,,,,,7613,,,,,2,0,2
Person,Cynthia Jones,,,,,7614,,,,,1,0,1
Album,The Grayscale of Reason,,2010,Indie Folk,True,7615,,,,2010.0,1,5,6
Person,Wieslaw Wulf,,,,,7616,,,,,4,0,4
Person,Paula Bonbach,,,,,7617,,,,,4,0,4
Album,Trash Day Tango,,2013,Synthwave,True,7618,,,2013,2013.0,5,7,12
Person,Xiuying Ye,,,,,7619,,,,,2,0,2
Person,Jing Yi,,,,,7620,,,,,1,0,1
Person,Yan Fang,,,,,7621,,,,,2,0,2
Person,Yong Zhu,,,,,7622,,,,,2,0,2
Person,Maria Black,,,,,7623,,,,,4,0,4
Song,Bin Roulette,True,2020,Synthpop,True,7624,,,,2020.0,2,9,11
Person,Li Ding,,,,,7625,,,,,1,0,1
Person,Yan Yan,,,,,7626,,,,,2,0,2
Person,Xiuying Gu,,,,,7627,,,,,2,0,2
Person,Lei Yu,,,,,7628,,,,,1,0,1
Person,Li Zou,,,,,7629,,,,,1,0,1
Song,The Stinky Chore Shuffle,True,2010,Speed Metal,True,7630,2004,,2010,2010.0,2,6,8
Person,Marianna Polasik,,,,,7631,,,,,2,0,2
Song,Garbage Warrior's Lament,True,2022,Dream Pop,True,7632,2022,,2022,2022.0,2,12,14
Person,Lei Yuan,,,,,7633,,,,,1,0,1
Person,Tao Kong,,,,,7634,,,,,1,0,1
Person,Michelle Garrett,,,,,7635,,,,,1,0,1
Person,Sara Shannon,,,,,7636,,,,,2,0,2
Person,Gang Chen,,,,,7637,,,,,1,0,1
Person,Gang Han,,,,,7638,,,,,1,0,1
Person,Monica Hale,,,,,7639,,,,,1,0,1
Song,Climbing Uphill,True,2017,Desert Rock,True,7640,,,,2017.0,2,7,9
Person,Robert Lopez,,,,,7641,,,,,2,0,2
Person,Tao Tang,,,,,7642,,,,,1,0,1
Person,Matthew Gibson,,,,,7643,,,,,1,0,1
Person,Tao Bai,,,,,7644,,,,,1,0,1
Person,Lei Cui,,,,,7645,,,,,1,0,1
Song,Rough Road Ahead,True,2017,Indie Folk,True,7646,,,,2017.0,3,5,8
Person,Rebecca Schultz,,,,,7647,,Zephyr Saint,,,1,0,1
Person,Yan Zhou,,,,,7648,,,,,2,0,2
Person,Juan Duan,,,,,7649,,,,,1,0,1
Person,Qiang Xu,,,,,7650,,,,,1,0,1
RecordLabel,Eichtersheim Sound,,,,,7651,,,,,0,1,1
Song,Wearing Down,True,2008,Doom Metal,True,7652,,,,2008.0,2,8,10
Person,Justin Powers,,,,,7653,,,,,1,0,1
Person,Janice Poole,,,,,7654,,,,,2,0,2
Person,Christopher Miller,,,,,7655,,,,,1,0,1
Person,Sylvia Lawrence,,,,,7656,,,,,1,0,1
RecordLabel,Sanctum Resonance,,,,,7657,,,,,0,1,1
Song,Battles Within,True,2031,Alternative Rock,True,7658,,,,2031.0,6,5,11
Person,Morgan Shelton,,,,,7659,,,,,1,0,1
Person,Ryan Morales,,,,,7660,,,,,1,0,1
Person,Kristina Boyer,,,,,7661,,,,,1,0,1
Song,Sunlight and Vows,True,2013,Southern Gothic Rock,True,7662,,,,2013.0,10,4,14
Album,Barefoot Bride,,2023,Dream Pop,True,7663,,,,2023.0,1,6,7
Person,Jenny Rodriguez,,,,,7664,,JAXXON X,,,1,0,1
Person,Victor Spencer,,,,,7665,,,,,1,0,1
Person,David Johnson,,,,,7666,,,,,2,0,2
Person,Mary Powers,,,,,7667,,,,,1,0,1
RecordLabel,Vienna Pulse,,,,,7668,,,,,0,1,1
Song,Seaside Promise,True,2017,Southern Gothic Rock,True,7669,,,2017,2017.0,7,1,8
Person,Tadeusz Kieszek,,,,,7670,,,,,1,0,1
Song,Champagne and Sunshine,True,1983,Alternative Rock,True,7671,1983,,,1983.0,2,9,11
Song,Mineral Whispers,True,2025,Dream Pop,True,7672,2025,,,2025.0,6,7,13
Person,Alicia Rice,,,,,7673,,,,,2,0,2
Person,Juan Jia,,,,,7674,,,,,1,0,1
Person,Fang Qin,,,,,7675,,,,,1,0,1
Person,Yan Qiu,,,,,7676,,,,,1,0,1
Person,Katherine Smith,,,,,7677,,,,,1,0,1
Person,Ming Cao,,,,,7678,,,,,1,0,1
RecordLabel,Montagna Suono,,,,,7679,,,,,0,5,5
Song,Earthen Resonance,True,2015,Dream Pop,True,7680,,,,2015.0,4,13,17
Person,Allison Johnson,,,,,7681,,,,,1,0,1
Person,Amber Franklin,,,,,7682,,,,,1,0,1
Person,Fang Shao,,,,,7683,,,,,2,0,2
Person,Ming Cui,,,,,7684,,,,,1,0,1
Person,Leslie Wagner,,,,,7685,,,,,1,0,1
Person,Ming Peng,,,,,7686,,,,,2,0,2
Album,Geologic Pulse,,2026,Oceanus Folk,True,7687,,,,2026.0,3,6,9
Person,Li Long,,,,,7688,, Desert Moon,,,1,0,1
Person,Xiulan Xu,,,,,7689,,,,,1,0,1
Person,Gang Fu,,,,,7690,,,,,1,0,1
Song,Crystalline Memory,True,2021,Dream Pop,True,7691,2021,,,2021.0,2,6,8
Person,Juan Shao,,,,,7692,,,,,2,0,2
Album,Silent Echoes of Empty Rooms,,2017,Dream Pop,True,7693,2017,,2017,2017.0,3,8,11
Person,Anthony Smith,,,,,7694,,Electric Runaway,,,1,0,1
Person,Xiuying Yu,,,,,7695,,,,,3,0,3
Person,Lauren Schmitt,,,,,7696,,,,,1,0,1
Person,Na Du,,,,,7697,,,,,2,0,2
Person,Yang Wang,,,,,7698,,,,,1,0,1
Person,Li Ye,,,,,7699,,,,,6,0,6
Album,Invisible Crowds,,2026,Indie Folk,True,7700,,,,2026.0,4,9,13
Person,Harri Oderwald,,,,,7701,,,,,2,0,2
Person,Cynthia Monroe,,,,,7702,,,,,2,0,2
Person,Kick van Geffen,,,,,7703,,,,,1,0,1
Person,Roy Dominguez,,,,,7704,,,,,2,0,2
RecordLabel,Immediate Echo,,,,,7705,,,,,0,3,3
RecordLabel,Marquee Sound,,,,,7706,,,,,0,2,2
Song,Disconnected Hearts,False,1997,Avant-Garde Folk,True,7707,1997,,,1997.0,1,8,9
Person,Pamela Graham,,,,,7708,,,,,3,0,3
Song,Solitude's Whisper,True,2000,Blues Rock,True,7709,2000,,,2000.0,2,8,10
Person,Gundi Barkholz,,,,,7710,,,,,5,0,5
Person,Yesenia Tyler,,,,,7711,,,,,2,0,2
RecordLabel,Nuevo Sound,,,,,7712,,,,,0,4,4
Song,Whiskey's Silent Witness,True,1996,Alternative Rock,True,7713,1996,,,1996.0,2,6,8
Album,Barstool Confessions,,2020,Indie Folk,True,7714,,,,2020.0,3,6,9
Person,Roger Morgan,,,,,7715,,,,,1,0,1
Person,Guiying Ma,,,,,7716,,,,,1,0,1
Person,Ming Yuan,,,,,7717,,,,,1,0,1
Person,Jing Yi,,,,,7718,,,,,3,0,3
Person,Fang Xia,,,,,7719,,,,,1,0,1
Person,Xia Qin,,,,,7720,,,,,1,0,1
RecordLabel,Fraternal Groove Records,,,,,7721,,,,,0,1,1
RecordLabel,Celestial Soundwaves,,,,,7722,,,,,0,1,1
Album,"Neon Nights, Lonely Fights",,1997,Southern Gothic Rock,True,7723,1997,,1997,1997.0,2,8,10
Person,Craig Aguilar,,,,,7724,,,,,1,0,1
Person,Jon Peters,,,,,7725,,,,,1,0,1
RecordLabel,Gaucho Verse,,,,,7726,,,,,0,1,1
Song,Last Call for Heartache,True,2013,Indie Rock,True,7727,,,,2013.0,1,4,5
Person,Ian Foster,,,,,7728,,,,,3,0,3
Song,Bleeding for Your Redemption,True,2020,Indie Folk,False,7729,2020,,,2020.0,2,9,11
Person,Emmanuelle Leleu,,,,,7730,,Sovereign,,,1,0,1
Person,Astrid Gomes,,,,,7731,,,,,5,0,5
Person,Gilles Peltier-Rocher,,,,,7732,,,,,1,0,1
Song,The Price of Belonging,True,2012,Southern Gothic Rock,True,7733,,,,2012.0,1,5,6
Person,Christina Villa,,,,,7734,,,,,1,0,1
Person,Joseph Jackson,,,,,7735,,,,,4,0,4
Album,Immolation of the Heart,,2021,Jazz Surf Rock,True,7736,2018,,,2021.0,5,9,14
Person,Yan Chang,,,,,7737,,,,,1,0,1
Person,Joshua Chase,,,,,7738,,,,,3,0,3
Song,Corações em Chamas (Hearts on Fire),True,2023,Southern Gothic Rock,True,7739,,,,2023.0,10,4,14
Song,Amor Sem Limites (Love Without Limits),False,2023,Southern Gothic Rock,True,7740,,,,2023.0,8,3,11
Song,Rendição Sentimental (Sentimental Surrender),False,2029,Dream Pop,True,7741,,,,2029.0,3,6,9
Person,Chao Kong,,,,,7742,,,,,2,0,2
Person,Adrien Gaudin,,,,,7743,,,,,1,0,1
Person,David Knox,,,,,7744,,,,,1,0,1
Person,Adrienne Godard,,,,,7745,,,,,1,0,1
Person,Allison Marshall,,,,,7746,,,,,1,0,1
Song,Paixão Descontrolada (Uncontrolled Passion),True,2003,Indie Folk,True,7747,2003,,,2003.0,3,8,11
Song,Baroque Whispers of the Sacred,True,2028,Synthwave,True,7748,,,,2028.0,4,6,10
Person,Joseph Roman,,,,,7749,,Orpheon's Dream,,,2,0,2
Person,Jennifer Hart,,,,,7750,,,,,1,0,1
Person,Erik Huang Jr.,,,,,7751,,,,,2,0,2
Song,Celestial Echoes from Versailles,True,2023,Space Rock,True,7752,,,,2023.0,2,5,7
Person,Xiulan Liao,,,,,7753,,,,,1,0,1
Song,Polyphonic Prayers of the Harpsichord,True,2007,Synthwave,True,7754,,,,2007.0,2,7,9
Person,Michelle Eaton,,,,,7755,,,,,1,0,1
Person,Jessica Lucas,,,,,7756,,,,,1,0,1
Person,Christopher Owens,,,,,7757,,,,,2,0,2
Person,Jill Reynolds,,,,,7758,,,,,1,0,1
RecordLabel,Uprising Sound,,,,,7759,,,,,0,1,1
RecordLabel,Dining Hall Sounds,,,,,7760,,,,,0,1,1
Song,Choral Canticles in Candlelight,True,2023,Indie Folk,True,7761,2023,,2023,2023.0,3,3,6
Person,Taichi Watanabe,,,,,7762,,,,,4,0,4
Song,Saltwater Serenade,True,2027,Jazz Surf Rock,True,7763,,,,2027.0,4,6,10
Person,Jing Qian,,,,,7764,,,,,1,0,1
Person,Jing Wen,,,,,7765,,,,,1,0,1
Person,Ping Mo,,,,,7766,,,,,1,0,1
Person,Xiulan Gong,,,,,7767,,,,,1,0,1
RecordLabel,Global Resonance Records,,,,,7768,,,,,0,1,1
Song,Horizon's Embrace,True,2021,Post-Apocalyptic Folk,True,7769,,,,2021.0,3,5,8
Person,Yan Wu,,,,,7770,,,,,2,0,2
Person,Janet Hunter,,,,,7771,,,,,1,0,1
Person,Lei Yi,,,,,7772,,,,,2,0,2
Song,Sunset Whispers,True,2019,Indie Rock,True,7773,2019,,,2019.0,2,6,8
Person,Claudia Lee,,,,,7774,,,,,5,0,5
Person,Veronica Bell,,,,,7775,,,,,1,0,1
RecordLabel,Empoli Sounds,,,,,7776,,,,,0,2,2
RecordLabel,Highcrest Recordings,,,,,7777,,,,,0,2,2
Song,Coastal Convergence,False,2004,Indie Folk,True,7778,,,,2004.0,2,7,9
Person,José Berger,,,,,7779,,,,,4,0,4
Person,Justus Hornig,,,,,7780,,,,,1,0,1
Person,Henny Caspar,,,,,7781,,,,,1,0,1
Album,Divine Surrender,,2028,Alternative Rock,True,7782,,,,2028.0,4,6,10
Person,Lei Jiang,,,,,7783,, BLVE,,,2,0,2
Person,Sarah Caldwell,,,,,7784,,Solenne,,,1,0,1
Person,Stephanie Gray,,,,,7785,,,,,2,0,2
RecordLabel,Picante Sounds,,,,,7786,,,,,0,3,3
Album,The Eternal Covenant,,2026,Desert Rock,True,7787,2026,,,2026.0,4,8,12
Person,Xiuying Dai,,,,,7788,,,,,1,0,1
Person,Qiang Mao,,,,,7789,,,,,2,0,2
Person,Horst-Dieter Schleich,,,,,7790,,,,,3,0,3
Person,Na Jia,,,,,7791,,,,,4,0,4
Person,Wei Jia,,,,,7792,,,,,1,0,1
Song,Christ's Eternal Promise,True,2023,Synthwave,True,7793,,,,2023.0,2,5,7
Person,Jing Zou,,,,,7794,,,,,1,0,1
Person,Chao Guo,,,,,7795,,,,,2,0,2
Person,Xiulan Han,,,,,7796,,,,,1,0,1
Song,Mercy Beyond Measure,True,2030,Southern Gothic Rock,True,7797,2030,,,2030.0,8,2,10
RecordLabel,Péronne Pitch,,,,,7798,,,,,0,2,2
Song,Negadores Constantes,True,1992,Blues Rock,True,7799,,,,1992.0,2,6,8
Person,Yui Fukuda,,,,,7800,, Charlie Gray,,,5,0,5
Person,Sayuri Kondo,,,,,7801,,,,,1,0,1
Person,Maaya Ishikawa,,,,,7802,,,,,1,0,1
RecordLabel,Honourable Counsel Recordings,,,,,7803,,,,,0,2,2
Song,Muros de Resistencia,True,2020,Indie Folk,True,7804,2017,,,2020.0,3,11,14
Person,Min Deng,,,,,7805,,,,,1,0,1
Person,Guiying Shen,,,,,7806,,,,,1,0,1
Person,Na Bai,,,,,7807,,,,,1,0,1
Person,Tara Ortiz,,,,,7808,,,,,1,0,1
Person,Chao Qian,,,,,7809,,,,,1,0,1
Song,Sordos al Cambio,True,2028,Indie Rock,True,7810,,,,2028.0,5,13,18
Person,Min Wang,,,,,7811,,,,,1,0,1
Person,Wei Zheng,,,,,7812,,,,,1,0,1
Person,Yan Long,,,,,7813,,,,,2,0,2
Person,Ming Shao,,,,,7814,,,,,2,0,2
Person,Xia Fu,,,,,7815,,,,,1,0,1
Person,Xia Ma,,,,,7816,,,,,1,0,1
Person,Yan Yu,,,,,7817,,,,,2,0,2
Person,Yang Zhang,,,,,7818,,,,,1,0,1
Person,Li Yin,,,,,7819,,,,,1,0,1
Person,Chao Zhou,,,,,7820,,,,,1,0,1
Song,Voluntad Cerrada,True,2023,Doom Metal,True,7821,,,,2023.0,3,5,8
Person,Kenneth Ross,,,,,7822,,,,,2,0,2
Person,Susan Francis,,,,,7823,,,,,1,0,1
Person,Travis Price,,,,,7824,,,,,1,0,1
Person,Naoto Suzuki,,,,,7825,,,,,1,0,1
Song,Silver Screen Ghosts,True,2026,Speed Metal,True,7826,2026,,,2026.0,4,5,9
Person,Ritvik Raman,,,,,7827,,,,,3,0,3
Song,Fade to Immortal,True,2023,Alternative Rock,True,7828,,,,2023.0,3,2,5
Person,Whitney Taylor,,,,,7829,,,,,4,0,4
Song,Flickering Legends,True,2016,Space Rock,True,7830,,,2016,2016.0,2,7,9
Person,Rebecca Mcneil,,,,,7831,, Blake Atlas,,,1,0,1
Person,Justin Mcclain,,,,,7832,,,,,1,0,1
Person,Haley Walls,,,,,7833,,,,,1,0,1
Person,Alan Mcclain,,,,,7834,,,,,1,0,1
Person,Ashley Williams,,,,,7835,,,,,1,0,1
Person,Joseph Crawford,,,,,7836,,,,,1,0,1
RecordLabel,Quantum Quill,,,,,7837,,,,,0,7,7
Song,Frames of Remembrance,True,2020,Synthwave,True,7838,,,,2020.0,5,3,8
Song,Eternal Praise Resounding,False,2020,Desert Rock,True,7839,,,,2020.0,2,6,8
Person,Chao Ding,,,,,7840,, Maya Star,,,1,0,1
Person,Fang Wei,,,,,7841,,,,,2,0,2
Song,"Lifted High, His Name Divine",True,2029,Avant-Garde Folk,True,7842,,,,2029.0,10,3,13
Person,Jun Liang,,,,,7843,,,,,3,0,3
Song,Hallowed Whispers of Majesty,True,2017,Synthwave,True,7844,,,2030,2017.0,2,8,10
Person,Andrea Obrien,,,,,7845,,,,,1,0,1
Person,Xiuying Yuan,,,,,7846,,,,,1,0,1
Person,Ming Li,,,,,7847,,,,,1,0,1
Person,Wei Huang,,,,,7848,,,,,2,0,2
Person,Tao Xie,,,,,7849,,,,,1,0,1
RecordLabel,Nashville Narrative,,,,,7850,,,,,0,1,1
Album,Celestial Anthem of the Almighty,,2014,Synthwave,True,7851,,,,2014.0,2,8,10
Person,Li Zeng,,,,,7852,,,,,5,0,5
Person,Terrance Parker PhD,,,,,7853,,,,,2,0,2
Song,Shadows in the Darkness,True,2028,Jazz Surf Rock,True,7854,,,2028,2028.0,3,5,8
Person,Mojmír Hruška,,,,,7855,,,,,1,0,1
Person,Aleksander Grześków,,,,,7856,,,,,2,0,2
Person,Xiuying Mo,,,,,7857,,,,,1,0,1
RecordLabel,Adriatic Waves,,,,,7858,,,,,0,14,14
RecordLabel,Mikmaq Rhythm,,,,,7859,,,,,0,1,1
Song,Blackout Confessions,True,2020,Indie Pop,True,7860,2020,,,2020.0,3,2,5
Song,Midnight's Whisper,False,2025,Alternative Rock,False,7861,2025,,,2025.0,2,3,5
Person,Annunziata Bertoli-Ruberto,,,,,7862,,,,,2,0,2
Song,Dim the World Away,True,1997,Synthwave,True,7863,,,,1997.0,2,6,8
Person,Pénélope du Cohen,,,,,7864,,,,,6,0,6
Person,Margaret Martin,,,,,7865,,,,,6,0,6
Song,Whispers of Weariness,True,2023,Alternative Rock,True,7866,,,,2023.0,3,4,7
Person,Frank Bonilla,,,,,7867,,,,,3,0,3
Person,Robert Jefferson,,,,,7868,,,,,1,0,1
Person,Sabrina Marquez,,,,,7869,,,,,1,0,1
Album,Tired Echoes of Existence,,2020,Desert Rock,True,7870,,,,2020.0,3,5,8
Person,Na Su,,,,,7871,,,,,1,0,1
Song,The Monotony of Breath,True,2010,Indie Pop,True,7872,2010,,2010,2010.0,1,4,5
Song,Sighs Between Heartbeats,True,2027,Dream Pop,True,7873,,,2027,2027.0,3,3,6
Person,Franck du Mercier,,,,,7874,,,,,1,0,1
Person,William Ruiz,,,,,7875,,,,,2,0,2
Song,Falling Without a Parachute,True,2027,Oceanus Folk,True,7876,,,2027,2027.0,8,8,16
Person,Ming Du,,,,,7877,,,,,1,0,1
Person,Morgan Hernandez,,,,,7878,,,,,2,0,2
Person,Ping Shao,,,,,7879,,,,,2,0,2
Person,Yang Liang,,,,,7880,,,,,3,0,3
Person,Patricia Pope,,,,,7881,,,,,3,0,3
Song,Heartbeats in Slow Motion,True,2018,Southern Gothic Rock,True,7882,,,,2018.0,3,3,6
Person,Rati Deo,,,,,7883,,,,,5,0,5
Person,Zeeshan Dora,,,,,7884,,,,,3,0,3
RecordLabel,Westbury Waves,,,,,7885,,,,,0,3,3
Album,Trembling on the Edge,,2019,Indie Rock,True,7886,,,,2019.0,2,6,8
Person,Marianne Sanchez-Hebert,,,,,7887,,,,,6,0,6
Person,Corinne du Bazin,,,,,7888,,,,,4,0,4
Person,Jon Harris,,,,,7889,,,,,1,0,1
RecordLabel,Argelers Sound,,,,,7890,,,,,0,1,1
Song,Gravity of Desire,True,1995,Blues Rock,True,7891,1995,,,1995.0,3,7,10
Person,Antoinette Bertin,,,,,7892,,,,,2,0,2
Song,Horizons of Unbound Terrain,True,2029,Symphonic Metal,False,7893,,,,2029.0,4,6,10
Person,Jeanne Miller,,,,,7894,,,,,2,0,2
Person,Gang Yang,,,,,7895,,,,,3,0,3
Person,Li Chang,,,,,7896,,,,,1,0,1
Song,Cloudscape of Resistance,True,2014,Post-Apocalyptic Folk,True,7897,,,,2014.0,4,19,23
Person,Ante Wagenknecht,,,,,7898,,,,,2,0,2
Person,Min Ren,,,,,7899,,,,,1,0,1
Person,Rachel Stein,,,,,7900,,,,,2,0,2
Person,Xiuying Zeng,,,,,7901,,,,,1,0,1
Song,Winds of Emancipated Skies,False,2017,Indie Folk,True,7902,,,,2017.0,3,6,9
Person,Jie Su,,,,,7903,,,,,1,0,1
Person,Yang Xie,,,,,7904,,,,,1,0,1
Person,Tao Tao,,,,,7905,,,,,2,0,2
Person,Min Lei,,,,,7906,,,,,1,0,1
Person,Jie Jiang,,,,,7907,,,,,1,0,1
Album,Aerial Echoes of Freedom,,2023,Indie Rock,True,7908,,,,2023.0,4,7,11
Person,Tao Feng,,,,,7909,,,,,1,0,1
Person,Ming Fang,,,,,7910,,,,,1,0,1
Person,Qiang Li,,,,,7911,,,,,1,0,1
Person,Jie Xia,,,,,7912,,,,,1,0,1
Album,Stars and Fractures,,2007,Dream Pop,True,7913,,,,2007.0,1,7,8
Person,Ping Mo,,,,,7914,,Shane Walker,,,1,0,1
Person,Min He,,,,,7915,,,,,2,0,2
Person,Yong Qian,,,,,7916,,,,,3,0,3
Person,Ming Qiao,,,,,7917,,,,,1,0,1
Song,Liberty's Complicated Heartbeat,True,2020,Darkwave,False,7918,,,,2020.0,3,5,8
Person,Qiang Peng,,,,,7919,,,,,1,0,1
Song,Manifest Destiny Blues,False,2010,Oceanus Folk,True,7920,2010,,,2010.0,4,7,11
Person,Min Zheng,,,,,7921,,,,,1,0,1
Person,Chao Jin,,,,,7922,,,,,2,0,2
Song,"Red, White, and Unresolved",True,2020,Americana,True,7923,,,,2020.0,2,9,11
Person,Lauren Schmitt,,,,,7924,,,,,1,0,1
Person,Tracy Wright,,,,,7925,,,,,2,0,2
Person,Manuel Murphy,,,,,7926,,,,,1,0,1
Person,Edwin Crosby,,,,,7927,,,,,1,0,1
Person,Anthony Lane,,,,,7928,,,,,1,0,1
Song,Urzeczenie,True,2025,Americana,True,7929,,,,2025.0,2,9,11
Person,Fang Ma,,,,,7930,,,,,2,0,2
Person,Lei Wan,,,,,7931,,,,,1,0,1
Person,Ming Wang,,,,,7932,,,,,1,0,1
Person,Xiuying Zhang,,,,,7933,,,,,2,0,2
Person,Gang Xie,,,,,7934,,,,,1,0,1
RecordLabel,Ascend Sounds,,,,,7935,,,,,0,1,1
Song,Olśnienie,True,2028,Indie Rock,True,7936,2028,,,2028.0,3,3,6
Person,Na Zhou,,,,,7937,,,,,13,0,13
RecordLabel,Municipal Melody,,,,,7938,,,,,0,8,8
Album,Ekstaza Duszy,,2029,Dream Pop,True,7939,,,,2029.0,3,2,5
Person,Qiang Dai,,,,,7940,,,,,1,0,1
Person,Jun Wei,,,,,7941,,,,,2,0,2
RecordLabel,Adès Horizon,,,,,7942,,,,,0,1,1
RecordLabel,Decimal Point Studios,,,,,7943,,,,,0,2,2
Song,Niepojęte Piękno,False,2000,Doom Metal,True,7944,,,,2000.0,3,3,6
Person,Samaira Borah,,,,,7945,,,,,2,0,2
Person,Kelly Brown,,,,,7946,,,,,2,0,2
Album,Celestial Tapestry,,2013,Indie Folk,True,7947,2013,,,2013.0,1,4,5
Person,Paola Täsche,,,,,7948,,,,,1,0,1
Song,Whispers of the Infinite,True,2029,Dream Pop,True,7949,,,,2029.0,4,6,10
Person,Fernanda Lamborghini,,,,,7950,,,,,1,0,1
Person,Sonia Innocenti-Gasperi,,,,,7951,,,,,1,0,1
Person,Donatello Schiaparelli,,,,,7952,,,,,1,0,1
Person,Paloma Merisi,,,,,7953,,,,,1,0,1
Person,Greco Duse-Liverotti,,,,,7954,,,,,2,0,2
Song,Robed in Radiance,True,2026,Synthwave,True,7955,2026,,,2026.0,2,7,9
Person,Jie Ye,,,,,7956,,,,,2,0,2
Person,Xia Bai,,,,,7957,,,,,3,0,3
Song,Symphonies of the Creator,False,2023,Southern Gothic Rock,True,7958,,,,2023.0,5,6,11
Person,Kaja Juroszek,,,,,7959,,,,,4,0,4
Person,Dagmara Smorąg,,,,,7960,,,,,1,0,1
Song,Lone Wolf,True,2026,Synthwave,True,7961,,,,2026.0,5,8,13
Person,Xia Su,,,,,7962,,,,,2,0,2
Song,One Man's Journey,False,2000,Dream Pop,True,7963,2000,,,2000.0,3,3,6
Person,Krish Wali,,,,,7964,, Ember Sage,,,2,0,2
Person,Nirvi Chahal,,,,,7965,,,,,4,0,4
Song,Unaccompanied Horizon,True,2027,Dream Pop,True,7966,,,,2027.0,2,4,6
Person,Jing Long,,,,,7967,,,,,1,0,1
Person,Qiang Fan,,,,,7968,,,,,2,0,2
Song,Secrets Unspoken,True,2023,Indie Pop,True,7969,,,,2023.0,6,5,11
Person,Jeremy Bryant,,,,,7970,,,,,1,0,1
Song,Blind to the Truth,True,2017,Dream Pop,True,7971,,,,2017.0,5,8,13
Person,Bradley Small,,,,,7972,, Brooks,,,1,0,1
Person,Na Guo,,,,,7973,,,,,2,0,2
Person,Tao Jia,,,,,7974,,,,,1,0,1
Person,Miki Kondo,,,,,7975,,,,,1,0,1
Person,Wei Wan,,,,,7976,,,,,3,0,3
Song,Invisible Horizons,True,2014,Indie Pop,True,7977,,,,2014.0,2,6,8
Person,Anto Hornich,,,,,7978,,,,,3,0,3
Album,Marked Days,,2023,Alternative Rock,True,7979,2023,,,2023.0,3,3,6
Person,Dhanuk Mane,,,,,7980,,,,,1,0,1
Person,Vivaan Kala,,,,,7981,,,,,2,0,2
Song,Twelve Months of You,False,2024,Oceanus Folk,True,7982,,,,2024.0,4,10,14
Person,Yan Feng,,,,,7983,,,,,1,0,1
Person,Jing Long,,,,,7984,,,,,1,0,1
Person,Xiuying Xiang,,,,,7985,,,,,1,0,1
Person,Tao Qin,,,,,7986,,,,,2,0,2
Album,Pinup Pages,,2009,Southern Gothic Rock,True,7987,,,,2009.0,3,5,8
Person,Noah Shaw,,,,,7988,,,,,2,0,2
Person,Fabian Dłubak,,,,,7989,,,,,4,0,4
Song,Snapshot Serenade,True,2025,Indie Rock,True,7990,,,,2025.0,3,6,9
Person,Jie Lai,,,,,7991,,,,,1,0,1
Person,Na Zeng,,,,,7992,,,,,3,0,3
Person,Qiang Cheng,,,,,7993,,,,,3,0,3
Song,Shout Into Silence,True,2017,Darkwave,True,7994,,,,2017.0,2,7,9
Person,Guiying Qin,,,,,7995,,,,,1,0,1
Person,Gang Yu,,,,,7996,,,,,1,0,1
Person,Max Howard,,,,,7997,,,,,1,0,1
Person,Min Sun,,,,,7998,,,,,1,0,1
Song,Unheard Frequencies,True,2025,Alternative Rock,True,7999,,,,2025.0,4,5,9
Person,Rania Chadha,,,,,8000,,,,,1,0,1
Person,Saksham Borra,,,,,8001,,,,,1,0,1
Person,Amy Bright,,,,,8002,,,,,1,0,1
Person,Chelsea Blake,,,,,8003,,,,,2,0,2
RecordLabel,Guanghan Groove,,,,,8004,,,,,0,1,1
RecordLabel,Cresnes Recordings,,,,,8005,,,,,0,1,1
Song,Scream Between Whispers,False,2018,Americana,True,8006,2018,,2018,2018.0,3,5,8
Person,Qiang Kang,,,,,8007,,,,,2,0,2
Person,Shlok Desai,,,,,8008,,,,,3,0,3
Album,Voiceless Rebellion,,2001,Americana,True,8009,,,,2001.0,2,5,7
Person,Guy Martel,,,,,8010,,,,,2,0,2
Person,Baccio Muti,,,,,8011,,,,,2,0,2
RecordLabel,Artisan Mirage,,,,,8012,,,,,0,11,11
Song,Foundation Fever,False,2004,Speed Metal,True,8013,,,,2004.0,4,6,10
Song,Concrete and Dreams,True,2026,Synthwave,True,8014,,,,2026.0,4,7,11
Person,Kelly Lopez,,,,,8015,,,,,1,0,1
Person,Gang Xie,,,,,8016,,,,,1,0,1
RecordLabel,Horizon Harmony Records,,,,,8017,,,,,0,1,1
Song,Hammer's Lullaby,True,2010,Synthwave,True,8018,,,,2010.0,2,5,7
Song,Building Bones,True,2020,Jazz Surf Rock,True,8019,,,,2020.0,2,7,9
Person,Xiulan Ma,,,,,8020,,Luca West,,,2,0,2
Person,Qiang Du,,,,,8021,,,,,1,0,1
Person,Qiang Chang,,,,,8022,,,,,1,0,1
Person,Qiang Tang,,,,,8023,,,,,1,0,1
Album,Parallel Paths,,2026,Indie Rock,True,8024,,,,2026.0,2,5,7
Person,Luigina Fibonacci-Caruso,,,,,8025,,,,,1,0,1
Person,Cipriano Peranda,,,,,8026,,,,,3,0,3
Person,Luca Gori-Visconti,,,,,8027,,,,,1,0,1
Person,Fredo Piccinni,,,,,8028,,,,,1,0,1
Song,Invisible Borders,True,2013,Desert Rock,True,8029,,,2013,2013.0,2,8,10
Person,Jing Meng,,,,,8030,,,,,2,0,2
Person,Chao Jiang,,,,,8031,,,,,1,0,1
Person,Jun Kong,,,,,8032,,,,,1,0,1
Person,Gang Chen,,,,,8033,,,,,2,0,2
RecordLabel,Univalle Waves,,,,,8034,,,,,0,2,2
Song,Solitude's Embrace,True,2010,Indie Pop,True,8035,,,2010,2010.0,2,6,8
Person,Miłosz Staciwa,,,,,8036,,,,,3,0,3
Person,Olga Kosałka,,,,,8037,,,,,4,0,4
Album,Reasons Unknown,,2010,Synthwave,True,8038,,,,2010.0,1,8,9
Person,Paola Scheuermann,,,,,8039,,,,,1,0,1
Person,Gabor Salz,,,,,8040,,,,,4,0,4
Person,Siglinde Ruppersberger,,,,,8041,,,,,2,0,2
Person,Isabell Berger,,,,,8042,,,,,3,0,3
Person,Nikola Nerger,,,,,8043,,,,,3,0,3
RecordLabel,Colinas Sonoras,,,,,8044,,,,,0,2,2
Song,The Unraveling Truth,False,2026,Dream Pop,True,8045,,,,2026.0,3,4,7
Person,Ming Shen,,,,,8046,,,,,1,0,1
Person,Ming Xiao,,,,,8047,,,,,1,0,1
Person,Andrew Nolan,,,,,8048,,,,,1,0,1
Person,Cindy Parker,,,,,8049,,,,,1,0,1
Album,Secrets Behind the Silence,,1984,Speed Metal,False,8050,1984,,,1984.0,1,11,12
Person,Thomas Lee,,,,,8051,,,,,2,0,2
Person,Vít Svoboda,,,,,8052,,,,,1,0,1
Person,Melissa Lucero,,,,,8053,,,,,2,0,2
Person,Vasyl Jaroš,,,,,8054,,,,,5,0,5
Song,Decode My Heart,True,2004,Alternative Rock,True,8055,,,,2004.0,2,15,17
Person,Silja Jacob,,,,,8056,,,,,1,0,1
Person,Ellen Riley,,,,,8057,,,,,2,0,2
Song,The Expansive Rhythm,True,2025,Southern Gothic Rock,True,8058,,,2025,2025.0,2,3,5
Person,Amanda Powell,,,,,8059,,,,,3,0,3
Album,Wide Open Waves,,2023,Desert Rock,True,8060,,,,2023.0,3,9,12
Person,Nicole Bowers,,,,,8061,,,,,2,0,2
Person,Pam Cunningham,,,,,8062,,,,,2,0,2
Person,Na Zou,,,,,8063,,,,,2,0,2
Person,Lei Gao,,,,,8064,,,,,3,0,3
Song,Broad Stroke Symphony,True,2027,Dream Pop,False,8065,,,,2027.0,2,3,5
Person,Lauren Thomas,,,,,8066,,,,,3,0,3
Person,Gang Du,,,,,8067,,,,,4,0,4
Song,Limitless Cadence,True,2022,Synthpop,True,8068,2022,,,2022.0,2,6,8
Person,Carrie Griffin,,,,,8069,,,,,1,0,1
Person,Yang Yin,,,,,8070,,,,,1,0,1
Person,Fang Shi,,,,,8071,,,,,1,0,1
Person,Xia Han,,,,,8072,,,,,2,0,2
Person,Xiulan Xue,,,,,8073,,,,,1,0,1
RecordLabel,Springs & Streams,,,,,8074,,,,,0,1,1
Album,Catch Her Eye,,1990,Blues Rock,True,8075,1990,,,1990.0,3,3,6
Person,Luc van Poppel-Hulskes,,,,,8076,,,,,1,0,1
Song,Dancing in the Spotlight,True,2023,Southern Gothic Rock,True,8077,,,,2023.0,2,3,5
Song,Who's That Pretty Thing,True,2011,Avant-Garde Folk,True,8078,,,,2011.0,3,3,6
Song,Glance My Way,True,2013,Oceanus Folk,True,8079,,,,2013.0,2,8,10
Person,Cesare Cicilia,,,,,8080,,,,,3,0,3
Song,The Droplet's Lament,True,2029,Desert Rock,True,8081,2029,,,2029.0,3,5,8
Person,Cindy Hernandez,,,,,8082,,,,,1,0,1
Person,Xiulan Yang,,,,,8083,,,,,1,0,1
Person,Kazuya Kobayashi,,,,,8084,,,,,2,0,2
Person,Yong Zheng,,,,,8085,,,,,1,0,1
Song,Frankie's Hollow Echo,True,2026,Americana,True,8086,2026,,,2026.0,2,7,9
Person,Xiuying Meng,,,,,8087,,,,,1,0,1
Person,Tao Shen,,,,,8088,,,,,1,0,1
Person,Ping Xie,,,,,8089,,,,,1,0,1
Person,Yang Qiao,,,,,8090,,,,,1,0,1
Person,Jun Chen,,,,,8091,,,,,1,0,1
Person,Chao Bai,,,,,8092,,,,,2,0,2
RecordLabel,Dip Down Sounds,,,,,8093,,,,,0,1,1
Song,Phosphorescent Sorrow,True,2017,Lo-Fi Electronica,True,8094,,,,2017.0,3,4,7
Song,Midnight in the Tearscape,True,2006,Southern Gothic Rock,True,8095,,,2006,2006.0,3,5,8
Song,Fever Dream,False,2017,Indie Folk,True,8096,2017,,,2017.0,2,2,4
Person,Marit Thies,,,,,8097,,,,,2,0,2
RecordLabel,Lípa Sonora,,,,,8098,,,,,0,1,1
Album,Midnight Impulse,,2029,Dream Pop,True,8099,,,,2029.0,3,4,7
Person,Marc-Raymond Durand,,,,,8100,,,,,5,0,5
Person,Eugène Lemaire,,,,,8101,,,,,2,0,2
Person,Franck-Georges Delattre,,,,,8102,,,,,2,0,2
Album,Burning Strangers,,2024,Doom Metal,True,8103,2024,,2024,2024.0,2,3,5
Person,Hunter Green,,,,,8104,,,,,1,0,1
Person,Nicolas Rodriguez,,,,,8105,,,,,1,0,1
Person,Hailey Andrews,,,,,8106,,,,,1,0,1
Song,Reckless Hearts,True,2020,Oceanus Folk,True,8107,,,,2020.0,1,5,6
Person,Xiulan Dong,,,,,8108,,,,,2,0,2
Person,Xiuying Fan,,,,,8109,,,,,2,0,2
Person,Xiuying Zhang,,,,,8110,,,,,2,0,2
Person,Xiuying Deng,,,,,8111,,,,,2,0,2
Song,Dial Tone Diary,True,2027,Dream Pop,True,8112,,,,2027.0,3,2,5
Person,Edward Henry,,,,,8113,,,,,4,0,4
RecordLabel,Granja Sonora,,,,,8114,,,,,0,1,1
Album,Switchboard Serenade,,1999,Emo/Pop Punk,True,8115,,,,1999.0,13,6,19
Person,Samar Sarma,,,,,8116,,,,,1,0,1
Person,Chao Peng,,,,,8117,,,,,2,0,2
Song,Operator's Lament,True,2023,Desert Rock,True,8118,,,,2023.0,2,6,8
Person,Elizabeth Walters,,,,,8119,,,,,1,0,1
Person,Chao Xiong,,,,,8120,,,,,1,0,1
Person,Gang Shao,,,,,8121,,,,,2,0,2
Song,Cordless Connections,True,2029,Dream Pop,True,8122,2029,,,2029.0,5,19,24
Person,Guiying Dong,,,,,8123,,,,,1,0,1
Person,Yong Jia,,,,,8124,,,,,2,0,2
Person,Chao Yi,,,,,8125,,,,,1,0,1
Person,Li Huang,,,,,8126,,,,,1,0,1
Person,Ming Yin,,,,,8127,,,,,1,0,1
Person,Yang Li,,,,,8128,,,,,1,0,1
Person,Juan Fu,,,,,8129,,,,,4,0,4
Person,Samuel Gutierrez,,,,,8130,,,,,5,0,5
Person,Ming Hu,,,,,8131,,,,,1,0,1
Person,Robert Rollins,,,,,8132,,,,,1,0,1
Person,Ming Jiang,,,,,8133,,,,,2,0,2
Person,Wulf Lübs,,,,,8134,,,,,4,0,4
Person,Mike Rose,,,,,8135,,,,,1,0,1
Person,Li Yang,,,,,8136,,,,,5,0,5
RecordLabel,Mikmaq Melody,,,,,8137,,,,,0,1,1
Album,Nightmare's Embrace,,2006,Dream Pop,False,8138,2003,,,2006.0,2,11,13
Person,Dennis Hill PhD,,,,,8139,,,,,1,0,1
Person,Min Mo,,,,,8140,,,,,2,0,2
Person,Yong Qiu,,,,,8141,,,,,1,0,1
Person,Christine Robbins,,,,,8142,,,,,2,0,2
Person,Min Yu,,,,,8143,,,,,2,0,2
Person,Yong Lin,,,,,8144,,,,,1,0,1
Person,Gang Yu,,,,,8145,,,,,1,0,1
Person,Ming Hu,,,,,8146,,,,,1,0,1
RecordLabel,Pulse Vinyl Co.,,,,,8147,,,,,0,2,2
Song,Shadows in Sleep,True,2009,Oceanus Folk,False,8148,,,,2009.0,3,6,9
Person,Lori Young,,,,,8149,,,,,1,0,1
Person,Lauren Steele,,,,,8150,,,,,1,0,1
Person,Jennifer Alexander,,,,,8151,,,,,2,0,2
Person,Sean Riggs,,,,,8152,,,,,1,0,1
Song,Restless Phantoms,True,2020,Oceanus Folk,True,8153,2020,,,2020.0,4,10,14
Person,Gang Wang,,,,,8154,,,,,1,0,1
Person,Evelyn Gordon,,,,,8155,,,,,1,0,1
Person,Wei Cheng,,,,,8156,,,,,6,0,6
Person,Yan Hou,,,,,8157,,,,,1,0,1
Person,Jie Yan,,,,,8158,,,,,3,0,3
Song,Echoes of the Dark,False,2021,Americana,True,8159,,,2021,2021.0,2,5,7
Person,Fang Wei,,,,,8160,,,,,2,0,2
Person,Min Xiang,,,,,8161,,,,,1,0,1
Person,Tao Wei,,,,,8162,,,,,1,0,1
Song,Traktorin Polkimet (Tractor Pedals),False,2020,Desert Rock,True,8163,,,,2020.0,2,6,8
Person,Lisa Fuentes,,,,,8164,,Arcane Serenade,,,2,0,2
Person,Juan Tao,,,,,8165,,Mikey James,,,2,0,2
Person,Juan Su,,,,,8166,,,,,1,0,1
Person,Juan Dong,,,,,8167,,,,,1,0,1
Album,Heinäsirkat Soittaa (The Grasshoppers Play),,2000,Oceanus Folk,True,8168,,,2000,2000.0,3,5,8
Person,Jacob Arnold,,,,,8169,,,,,1,0,1
Person,Latasha Watts,,,,,8170,,,,,2,0,2
Person,Christine Brown,,,,,8171,,,,,1,0,1
Person,Jimmy Arnold,,,,,8172,,,,,1,0,1
Song,Savusauna Sydämessä (Smoke Sauna in My Heart),True,1985,Dream Pop,True,8173,,,,1985.0,2,7,9
Song,Pellon Reunalla (At the Edge of the Field),False,2020,Indie Folk,True,8174,,,,2020.0,1,4,5
Person,Dawn Johnson,,,,,8175,,,,,3,0,3
Person,Melissa Wilson,,,,,8176,,,,,2,0,2
Person,Francisco Manning,,,,,8177,,,,,3,0,3
RecordLabel,Riverstone Archives,,,,,8178,,,,,0,6,6
Song,Silenced Multitudes,True,2023,Dream Pop,True,8179,,,,2023.0,2,3,5
Person,Jun Zou,,,,,8180,,,,,2,0,2
Person,Gang Wan,,,,,8181,,,,,5,0,5
Song,The Faceless Legion,False,2029,Dream Pop,True,8182,,,,2029.0,6,6,12
Person,Chao Chen,,,,,8183,, Andy Storm,,,1,0,1
Person,Wei Mo,,,,,8184,,,,,1,0,1
Person,Corrado Chinnici-Ferrabosco,,,,,8185,,,,,1,0,1
Person,Wei Fan,,,,,8186,,,,,1,0,1
Person,Xiulan Liao,,,,,8187,,,,,1,0,1
Person,Jing Lu,,,,,8188,,,,,1,0,1
RecordLabel,Fjord Sounds,,,,,8189,,,,,0,2,2
Album,Echoes of the Unheard,,2013,Indie Rock,True,8190,2013,,,2013.0,2,12,14
Person,David Armstrong,,,,,8191,,Celestial Anomaly,,,5,0,5
Person,Ryan Reynolds,,,,,8192,,Ariax,,,1,0,1
Person,Brian Moore,,,,,8193,,,,,1,0,1
Person,Pamela Chan,,,,,8194,,,,,5,0,5
Person,Kimberly Brown,,,,,8195,,,,,1,0,1
Person,Amy Lee,,,,,8196,,,,,5,0,5
Person,Gary Chapman,,,,,8197,,,,,1,0,1
Person,Robert Rodriguez,,,,,8198,,,,,1,0,1
Person,Samuel Robertson,,,,,8199,,,,,6,0,6
Song,Crowns of Anonymous,True,2013,Indie Rock,True,8200,2013,,,2013.0,2,5,7
Song,Whispers in Porcelain,True,2023,Symphonic Metal,True,8201,,,,2023.0,6,10,16
RecordLabel,Avant Horizon,,,,,8202,,,,,0,1,1
Song,Translucent Memories,True,2023,Indie Folk,True,8203,,,2023,2023.0,2,6,8
Person,Jing Lai,,,,,8204,,,,,2,0,2
Person,Xiuying Qiu,,,,,8205,,,,,1,0,1
Person,Jie Zheng,,,,,8206,,,,,1,0,1
Song,Echoes of Forgotten Light,True,2004,Alternative Rock,True,8207,,,,2004.0,4,5,9
Person,Igor Dyś,,,,,8208,,,,,2,0,2
Song,Pale Silhouettes,True,2027,Southern Gothic Rock,True,8209,2021,,,2027.0,5,4,9
Person,Léon Pasquier,,,,,8210,,,,,4,0,4
Song,Rewind and Return,True,2011,Lo-Fi Electronica,True,8211,,,,2011.0,4,7,11
Person,Wei Du,,,,,8212,,,,,4,0,4
Album,Unfinished Heartache,,1988,Southern Gothic Rock,True,8213,,,,1988.0,2,4,6
Song,Regret's Serenade,True,2024,Alternative Rock,True,8214,2024,,,2024.0,6,5,11
Album,Retrograde Love,,2017,Doom Metal,True,8215,,,,2017.0,6,4,10
Album,Steppe Whispers,,2026,Doom Metal,True,8216,,,,2026.0,4,8,12
Person,Sarah Brown,,,,,8217,,,,,1,0,1
Person,Christopher Clark,,,,,8218,,,,,1,0,1
Person,Allison Barnes,,,,,8219,,,,,1,0,1
Song,Silk Road Memories,True,2028,Synthwave,True,8220,,,,2028.0,3,7,10
Person,Liliana Morellato,,,,,8221,,,,,1,0,1
Person,Miss Jeanette Marshall,,,,,8222,,,,,2,0,2
Person,Éric Louis-Lévy,,,,,8223,,,,,1,0,1
Person,Lina Tirabassi,,,,,8224,,,,,2,0,2
Song,Windswept Borderlands,False,2020,Speed Metal,True,8225,,,,2020.0,5,10,15
Person,Edward Parker,,,,,8226,,,,,2,0,2
Person,Christopher Pham,,,,,8227,,,,,1,0,1
Person,John Bates,,,,,8228,,,,,1,0,1
Person,Emily Gonzalez,,,,,8229,,,,,1,0,1
Song,Echoes of the Plateau,True,1989,Emo/Pop Punk,True,8230,1989,,,1989.0,4,16,20
Song,"Distant Horizons, Tender Goodbyes",True,2010,Synthwave,True,8231,2010,,,2010.0,2,9,11
Person,Min Ye,,,,,8232,,,,,1,0,1
Song,Roots and Winds of Departure,True,2010,Oceanus Folk,True,8233,,,,2010.0,2,12,14
Person,Adèle Bonneau,,,,,8234,,,,,3,0,3
Person,Édouard-Rémy Clerc,,,,,8235,,,,,1,0,1
Album,The Last Embrace Before Leaving,,2017,Indie Folk,False,8236,,,,2017.0,2,10,12
Person,Heinz-Josef Ritter,,,,,8237,, Rain,,,1,0,1
Person,Cornelius Kabus,,,,,8238,,,,,2,0,2
Person,Anni Bauer,,,,,8239,,,,,1,0,1
Person,Friedo Eberhardt,,,,,8240,,,,,2,0,2
Person,Sepp Köhler,,,,,8241,,,,,1,0,1
Person,Vadim Killer,,,,,8242,,,,,1,0,1
Song,Memories Packed in Silent Suitcases,False,2010,Doom Metal,False,8243,,,,2010.0,3,3,6
Person,Dominique Letellier,,,,,8244,,,,,1,0,1
Album,Tanah Kita Bangkit,,2019,Space Rock,True,8245,2019,,,2019.0,3,25,28
Person,Sheri Brooks,,,,,8246,,,,,1,0,1
Person,Juan Watkins,,,,,8247,,,,,1,0,1
Person,Rachel Jackson,,,,,8248,,,,,9,0,9
Person,David Stewart,,,,,8249,,,,,1,0,1
Person,John Anderson,,,,,8250,,,,,10,0,10
Song,Gerak Membangun Desa,True,2017,Doom Metal,True,8251,,,,2017.0,4,11,15
Person,Jie Lei,,,,,8252,,,,,3,0,3
Person,Yang Zhao,,,,,8253,,,,,6,0,6
Person,Joseph Alvarado,,,,,8254,,,,,3,0,3
Person,Jie Yi,,,,,8255,,,,,2,0,2
RecordLabel,Starlight Horizons,,,,,8256,,,,,0,1,1
Album,Nyanyian Pembangunan Purbalingga,,2023,Jazz Surf Rock,True,8257,,,,2023.0,1,5,6
Song,"Semangat Rantau, Harapan Daerah",False,2023,Synthwave,True,8258,2023,,,2023.0,3,4,7
Person,Roman Doria,,,,,8259,,,,,1,0,1
Person,Greca Canali,,,,,8260,,,,,1,0,1
Person,Dana Baker,,,,,8261,,,,,1,0,1
Person,Lorenzo Morabito,,,,,8262,,,,,3,0,3
Song,Neat and Twisted,True,2022,Psychedelic Rock,True,8263,2015,,,2022.0,4,17,21
Person,Kelli Rodriguez,,,,,8264,,,,,4,0,4
Person,Ashley Cox PhD,,,,,8265,,,,,5,0,5
Person,Nathan Perez,,,,,8266,,,,,6,0,6
Person,Stephen Ramirez,,,,,8267,,,,,2,0,2
Person,Alan Wilson,,,,,8268,,,,,1,0,1
Person,Douglas Turner,,,,,8269,,,,,2,0,2
Person,Bradley Wright,,,,,8270,,,,,1,0,1
Person,Kathryn Golden,,,,,8271,,,,,10,0,10
Person,Samuel Rogers,,,,,8272,,,,,8,0,8
Song,Amber Spirits,False,2000,Southern Gothic Rock,True,8273,,,,2000.0,3,7,10
Song,Cocktail Confessions,False,2020,Dream Pop,True,8274,,,,2020.0,1,8,9
Person,Brenda Anderson,,,,,8275,,,,,1,0,1
Person,Tao Chang,,,,,8276,,,,,1,0,1
Person,Ping Cui,,,,,8277,,,,,1,0,1
Person,Xiulan Tan,,,,,8278,,,,,2,0,2
Person,Xiuying Zeng,,,,,8279,,,,,1,0,1
RecordLabel,Sant'Agata Rhythms,,,,,8280,,,,,0,1,1
Song,Highball Highway,True,1988,Southern Gothic Rock,True,8281,,,,1988.0,2,6,8
Song,Queens Diamond Fever,True,1997,Synthwave,True,8282,,,,1997.0,2,9,11
Song,Shea to Citi: A Ballpark Journey,True,2020,Indie Folk,True,8283,2020,,,2020.0,4,10,14
Person,Kevin Burch,,,,,8284,,,,,2,0,2
Person,Mary Gorlitz,,,,,8285,,,,,1,0,1
Person,Kevin Wong,,,,,8286,,,,,6,0,6
Person,Anneliese Bolnbach,,,,,8287,,,,,4,0,4
Song,Ninth Inning Heartbreak,True,2026,Alternative Rock,True,8288,,,,2026.0,4,6,10
Person,Ming Cai,,,,,8289,,,,,6,0,6
Person,Yan Shi,,,,,8290,,,,,7,0,7
RecordLabel,River Ridge Records,,,,,8291,,,,,0,1,1
Song,Blue and Orange Blood,True,2029,Desert Rock,True,8292,,,,2029.0,2,3,5
Person,Xiuying Yi,,,,,8293,,,,,1,0,1
Person,Qiang Han,,,,,8294,,,,,1,0,1
Song,Hail of Mercy,True,2029,Alternative Rock,True,8295,2029,,,2029.0,4,6,10
Person,Yan Qiu,,,,,8296,,,,,1,0,1
Person,Juan Xiong,,,,,8297,,,,,2,0,2
Person,Wei Chang,,,,,8298,,,,,1,0,1
Person,Qiang Fang,,,,,8299,,,,,2,0,2
Song,Whispers of Grace,True,2030,Indie Folk,True,8300,,,,2030.0,3,9,12
Person,Xiuying Liao,,,,,8301,,,,,1,0,1
Person,Min Cui,,,,,8302,,,,,2,0,2
Person,Yang He,,,,,8303,,,,,1,0,1
Person,Fang Duan,,,,,8304,,,,,4,0,4
Person,Jie Tao,,,,,8305,,,,,1,0,1
Person,Li Gong,,,,,8306,,,,,2,0,2
Song,Mother's Celestial Embrace,False,2023,Jazz Surf Rock,True,8307,,,,2023.0,3,4,7
Person,Michael Frederick,,,,,8308,,,,,1,0,1
Person,Cynthia Robbins,,,,,8309,,,,,1,0,1
Person,Egon Wilmsen-Röhrdanz,,,,,8310,,,,,1,0,1
Song,Immaculate Echoes,True,2013,Alternative Rock,True,8311,2010,,,2013.0,3,4,7
Person,Eric Lewis,,,,,8312,,,,,5,0,5
Person,William Jones,,,,,8313,,,,,6,0,6
Song,Lost in My Own Coordinates,True,2024,Dream Pop,True,8314,,,,2024.0,3,4,7
Person,Xiuying Zhao,,,,,8315,,,,,1,0,1
Song,Pinpoint My Heart,False,2025,Dream Pop,True,8316,,,2025,2025.0,3,10,13
Person,Li Zheng,,,,,8317,,,,,2,0,2
Person,Ping Xue,,,,,8318,,,,,1,0,1
Person,Fang Tian,,,,,8319,,,,,2,0,2
Person,Guiying Yao,,,,,8320,,,,,1,0,1
Person,Gang Fang,,,,,8321,,,,,2,0,2
Person,Ming Wan,,,,,8322,,,,,5,0,5
Song,Latitude of Longing,True,2024,Synthwave,True,8323,2024,,,2024.0,2,6,8
Person,Jie Kang,,,,,8324,, The Crystal,,,1,0,1
Person,Juan Wan,,,,,8325,,,,,2,0,2
Person,Min Yuan,,,,,8326,,,,,2,0,2
Person,Wei Qiu,,,,,8327,,,,,1,0,1
Song,The Geography of Me,True,2025,Synthwave,True,8328,,,2025,2025.0,3,6,9
Person,Jing Qiu,,,,,8329,,,,,1,0,1
Person,Jie Huang,,,,,8330,,,,,3,0,3
Song,Whispers of the Hearth,True,2018,Blues Rock,True,8331,2018,,,2018.0,4,9,13
Album,Roots and Lullabies,,2020,Americana,True,8332,,,,2020.0,3,8,11
Person,Jing Liu,,,,,8333,,,,,1,0,1
Person,Wei Xia,,,,,8334,,,,,1,0,1
Album,Maternal Landscape,,2016,Americana,True,8335,,,,2016.0,2,5,7
Person,Donna Bennett,,,,,8336,,,,,1,0,1
Person,Christine Jones,,,,,8337,,,,,2,0,2
Person,Matthew Crawford,,,,,8338,,,,,1,0,1
Song,Echoes of Childhood Walls,True,2020,Indie Folk,True,8339,,,,2020.0,3,8,11
Person,Kelly Johnson,,,,,8340,,,,,2,0,2
Person,Julia Jones,,,,,8341,,,,,1,0,1
Person,Sabrina Jimenez,,,,,8342,,,,,1,0,1
Person,Eric Williams,,,,,8343,,,,,1,0,1
Song,Fragments of My Universe,True,2022,Dream Pop,True,8344,,,,2022.0,4,8,12
Person,Patrick Bertin,,,,,8345,,,,,1,0,1
Person,Lindsey Jackson,,,,,8346,,,,,2,0,2
Person,Valeska Heinrich,,,,,8347,,,,,2,0,2
Album,Painted Solitude,,2023,Synthwave,True,8348,,,,2023.0,3,3,6
Person,Rosa Flaiano,,,,,8349,,,,,1,0,1
Person,Lina Rensi,,,,,8350,,,,,2,0,2
RecordLabel,Tropic Sounds,,,,,8351,,,,,0,3,3
Song,Echoes of an Inner Landscape,True,2019,Psychedelic Rock,True,8352,2013,,,2019.0,2,8,10
Person,Donna Ryan,,,,,8353,,,,,1,0,1
Person,Zachary Ellis,,,,,8354,,,,,2,0,2
Song,Whispers of Self-Destruction,True,1996,Synthwave,True,8355,,,1996,1996.0,2,14,16
Person,Julita Koziarz,,,,,8356,,,,,2,0,2
Person,Hansjürgen Börner,,,,,8357,,,,,2,0,2
RecordLabel,Tirrena Sounds,,,,,8358,,,,,0,1,1
Song,Compulsion's Siren Call,False,2029,Dream Pop,True,8359,,,,2029.0,4,9,13
Person,Tao Song,,,,,8360,,,,,1,0,1
Person,Elizabeth Griffin,,,,,8361,,,,,3,0,3
Person,Xiulan Shao,,,,,8362,,,,,3,0,3
Person,Wei Lin,,,,,8363,,,,,1,0,1
Album,The Destructive Impulse,,1994,Blues Rock,True,8364,,,1994,1994.0,1,4,5
Person,Calvin Kemp,,,,,8365,,,,,1,0,1
Song,Rational Suicide's Lament,True,2013,Dream Pop,True,8366,,,,2013.0,2,11,13
Person,Dana Walters,,,,,8367,,,,,1,0,1
Person,Yang Wen,,,,,8368,,,,,1,0,1
Person,Min Shao,,,,,8369,,,,,1,0,1
Person,Min Liao,,,,,8370,,,,,1,0,1
Person,Daniel Rogers,,,,,8371,,,,,3,0,3
Song,Silver Spoon Tears,True,2007,Avant-Garde Folk,True,8372,,,,2007.0,5,6,11
Song,Gilded Cage Lament,True,2020,Indie Folk,True,8373,,,,2020.0,2,18,20
Person,Min Zhang,,,,,8374,,,,,1,0,1
Person,Xiuying Sun,,,,,8375,,,,,1,0,1
Person,Qiang Yang,,,,,8376,,,,,1,0,1
Person,Tao Song,,,,,8377,,,,,2,0,2
Person,Li Yin,,,,,8378,,,,,4,0,4
Person,Min Huang,,,,,8379,,,,,1,0,1
Person,Chao Ding,,,,,8380,,,,,2,0,2
Person,Juan Fan,,,,,8381,,,,,8,0,8
Song,Privileged Poverty,False,2024,Dream Pop,True,8382,,,,2024.0,2,12,14
Person,Deborah Hernandez,,,,,8383,,,,,1,0,1
Person,Gregory Thompson,,,,,8384,,,,,1,0,1
Person,Hiroshi Shimizu,,,,,8385,,,,,1,0,1
Person,Na Su,,,,,8386,,,,,1,0,1
Person,Lei Cui,,,,,8387,,,,,1,0,1
Person,Ming Mao,,,,,8388,,,,,1,0,1
Song,Mansions of Loneliness,True,2020,Indie Folk,True,8389,,,,2020.0,2,4,6
Person,Min Fan,,,,,8390,,,,,2,0,2
Person,Tao Liao,,,,,8391,,,,,1,0,1
Person,Ping Luo,,,,,8392,,,,,1,0,1
RecordLabel,Ethereal Echo Records,,,,,8393,,,,,0,1,1
Album,Fabricated Truth,,2012,Southern Gothic Rock,True,8394,,,,2012.0,5,5,10
Person,Olga Labudda,,,,,8395,,,,,5,0,5
Song,Whispers of Deceit,True,2023,Oceanus Folk,True,8396,,,,2023.0,1,6,7
Person,Lei Jia,,,,,8397,,,,,2,0,2
Person,Li Gu,,,,,8398,,,,,1,0,1
Person,Jie Chang,,,,,8399,,,,,2,0,2
Person,Jie Cui,,,,,8400,,,,,1,0,1
Song,The White Lie Syndrome,True,2023,Lo-Fi Electronica,True,8401,,,,2023.0,3,5,8
Person,Aaron Carter,,,,,8402,,,,,1,0,1
Person,Aneta Mies-Fritsch,,,,,8403,,,,,1,0,1
Person,Gertraud Franke-Trupp,,,,,8404,,,,,1,0,1
Person,Ronald Parks,,,,,8405,,,,,1,0,1
Person,Kayla Barnes,,,,,8406,,,,,1,0,1
Song,Unraveling Alibis,False,2012,Indie Pop,True,8407,,,,2012.0,2,4,6
Person,Jocelyn Hall,,,,,8408,,,,,3,0,3
Song,Circuit Forger,True,2029,Jazz Surf Rock,True,8409,2029,,,2029.0,6,9,15
Person,Ming Chen,,,,,8410,,,,,1,0,1
Person,Xiulan Kang,,,,,8411,,,,,2,0,2
Person,Valerie Navarro,,,,,8412,,,,,1,0,1
Song,Steel Requiem,True,2025,Indie Rock,True,8413,,,2025,2025.0,3,9,12
Person,Jing Dai,,,,,8414,,,,,1,0,1
Person,Chao Shen,,,,,8415,,,,,2,0,2
Person,Amanda English,,,,,8416,,,,,1,0,1
Person,Mark Nunez,,,,,8417,,,,,1,0,1
Person,Xia Wen,,,,,8418,,,,,2,0,2
Person,Michael Martinez,,,,,8419,,,,,2,0,2
RecordLabel,Golden Mer Records,,,,,8420,,,,,0,1,1
RecordLabel,Falier Sound Studios,,,,,8421,,,,,0,1,1
RecordLabel,NDR Recordings,,,,,8422,,,,,0,1,1
Song,Chromium Pulse,True,2024,Southern Gothic Rock,True,8423,,,,2024.0,4,3,7
Person,Kevin Baker,,,,,8424,,,,,1,0,1
Person,Ryohei Nakajima,,,,,8425,,,,,1,0,1
Person,Rebecca Byrd,,,,,8426,,,,,1,0,1
RecordLabel,Larchmont Music,,,,,8427,,,,,0,1,1
Album,Alloy Architect,,2017,Indie Folk,True,8428,2017,,,2017.0,3,8,11
Person,Nicola Strangio,,,,,8429,,,,,1,0,1
Person,Nathalie Beer-Huhn,,,,,8430,,,,,1,0,1
Song,Oceanic Overture,True,2027,Post-Apocalyptic Folk,True,8431,,,,2027.0,1,10,11
Person,Ping Gong,,,,,8432,,,,,2,0,2
Person,Jing Duan,,,,,8433,,,,,1,0,1
Song,Tidal Whispers of the Horizon,True,2012,Americana,True,8434,,,,2012.0,1,5,6
Person,Kana Hashimoto,,,,,8435,,,,,2,0,2
Person,Hanako Takahashi,,,,,8436,,,,,1,0,1
Person,Miki Hayashi,,,,,8437,,,,,1,0,1
RecordLabel,Ophelia Waves,,,,,8438,,,,,0,1,1
Song,Nautical Legends in Blue,True,2025,Dream Pop,True,8439,,,,2025.0,4,5,9
Person,Kenneth Johnson,,,,,8440,,,,,1,0,1
Person,Heather Miller,,,,,8441,,,,,1,0,1
Person,Yong Jia,,,,,8442,,,,,1,0,1
Person,Christopher Johnson,,,,,8443,,,,,1,0,1
RecordLabel,Crescendo Sonics,,,,,8444,,,,,0,2,2
Song,Currents of Ancient Mariners,True,2029,Southern Gothic Rock,True,8445,,,,2029.0,4,9,13
Person,Stephanie Robinson,,,,,8446,,,,,6,0,6
Person,Amber Gibson,,,,,8447,,,,,5,0,5
Song,The Deputy's Revenge,True,2029,Jazz Surf Rock,True,8448,2023,,,2029.0,2,6,8
Person,Jing Gong,,,,,8449,,,,,1,0,1
Person,Lei Yi,,,,,8450,,,,,2,0,2
Person,Wei Xiong,,,,,8451,,,,,2,0,2
Person,Na Tian,,,,,8452,,,,,1,0,1
Song,Bullets and Badges,True,2026,Oceanus Folk,True,8453,,,,2026.0,5,7,12
Person,Carly Luna,,,,,8454,,,,,2,0,2
Person,Gang Tian,,,,,8455,,,,,1,0,1
Person,Victoria Vazquez,,,,,8456,,,,,1,0,1
Person,Yong Wu,,,,,8457,,,,,1,0,1
Song,Lawman's Last Breath,True,2020,Oceanus Folk,True,8458,,,,2020.0,2,5,7
Person,Juan Wang,,,,,8459,,,,,1,0,1
Person,Guiying Fan,,,,,8460,,,,,1,0,1
Person,Juan Chen,,,,,8461,,,,,1,0,1
Person,Jing Zhong,,,,,8462,,,,,1,0,1
Person,Juan Wu,,,,,8463,,,,,1,0,1
Album,Trigger of Justice,,2010,Doom Metal,True,8464,,,,2010.0,3,8,11
Person,Ming Han,,,,,8465,,,,,1,0,1
Person,John Rogers,,,,,8466,,,,,5,0,5
Person,Robert Pham,,,,,8467,,,,,5,0,5
Person,David Lopez,,,,,8468,,,,,7,0,7
Album,One More Day Till Freedom,,2026,Southern Gothic Rock,True,8469,2020,,,2026.0,3,3,6
Person,Michael Ross,,,,,8470,,,,,6,0,6
Person,Andrew Richard,,,,,8471,,,,,2,0,2
Album,Waiting for the Weekend,,2025,Alternative Rock,True,8472,2025,,,2025.0,2,4,6
Person,Michelle Barnes,,,,,8473,,,,,2,0,2
Person,Patrick Nguyen,,,,,8474,,,,,1,0,1
RecordLabel,Luminex,,,,,8475,,,,,0,1,1
Song,The Anticipation Groove,True,1987,Southern Gothic Rock,True,8476,,,,1987.0,1,4,5
Song,Thursday Night Fever,True,2017,Synthwave,True,8477,2017,,,2017.0,3,5,8
Person,John Wright,,,,,8478,, River,,,1,0,1
Person,Laura Brown,,,,,8479,,Hunter Miles,,,1,0,1
Person,Stephen Santiago,,,,,8480,,,,,1,0,1
Person,James Calderon,,,,,8481,,,,,2,0,2
RecordLabel,Zenith Resonance Productions,,,,,8482,,,,,0,1,1
Song,Whispers of the Heartbound,True,2026,Indie Folk,True,8483,,,,2026.0,3,4,7
Person,Sahil Khalsa,,,,,8484,,,,,2,0,2
Person,Devansh Bakshi,,,,,8485,,,,,1,0,1
Person,Manjari Varty,,,,,8486,,,,,2,0,2
Song,Eternal Embrace,True,2010,Dream Pop,True,8487,,,,2010.0,2,9,11
Person,Peter Banks,,,,,8488,,,,,1,0,1
Person,Edward Matthews,,,,,8489,,,,,1,0,1
Person,Robert Gonzalez,,,,,8490,,,,,1,0,1
Person,Andrew Williamson,,,,,8491,,,,,1,0,1
Person,Tim Johnson,,,,,8492,,,,,2,0,2
Person,Frank Osborne,,,,,8493,,,,,1,0,1
Song,Passion's Ancient Echo,True,2022,Lo-Fi Electronica,True,8494,,,2022,2022.0,3,3,6
Song,Soulmates Through Time,True,2004,Synthwave,True,8495,1997,,,2004.0,3,6,9
Person,Cynthia Hayes,,,,,8496,,,,,2,0,2
Person,Paul Sanders,,,,,8497,,,,,2,0,2
Album,Spider's Waltz in Minor Key,,2024,Space Rock,True,8498,,,,2024.0,3,11,14
Person,Min Qin,,,,,8499,,,,,2,0,2
Person,Li Xia,,,,,8500,,,,,3,0,3
Person,Gang Dong,,,,,8501,,,,,1,0,1
Person,Amanda Sullivan,,,,,8502,,,,,2,0,2
Person,Jun Hao,,,,,8503,,,,,3,0,3
Album,Arachnid Aria,,2028,Space Rock,True,8504,2028,,,2028.0,4,5,9
Person,Yong Qiu,,,,,8505,,,,,1,0,1
Person,Brian Olsen,,,,,8506,,,,,2,0,2
Person,Guiying He,,,,,8507,,,,,1,0,1
Person,Xiuying Han,,,,,8508,,,,,1,0,1
Song,Venom and Rhythm,True,2019,Dream Pop,True,8509,2019,,,2019.0,3,6,9
Person,Cilly Säuberlich,,,,,8510,,,,,3,0,3
Album,Dance of the Poisoned Limbs,,2025,Jazz Surf Rock,True,8511,,,,2025.0,2,9,11
Person,Eddie Taylor,,,,,8512,,,,,1,0,1
Person,Jie Yao,,,,,8513,,,,,2,0,2
Person,Ming Kong,,,,,8514,,,,,1,0,1
Person,Annegrete Röhrdanz,,,,,8515,,,,,5,0,5
Song,Dòng Máu Quê Hương (Blood of My Homeland),True,2017,Psychedelic Rock,True,8516,,,,2017.0,2,42,44
Person,Richard Mendoza,,,,,8517,,V12 DA DON,,,1,0,1
Person,Angelica Sullivan,,,,,8518,,SAVAGE RX,,,2,0,2
Person,Candice Santiago,,,,,8519,,,,,1,0,1
Person,Tanya Pittman,,,,,8520,,,,,1,0,1
Person,Kay van Dooren-Bastiaense,,,,,8521,,,,,2,0,2
Person,David Bates Jr.,,,,,8522,,,,,1,0,1
Person,Robert Lee,,,,,8523,,,,,1,0,1
Person,Joris Heerschop-Weylant,,,,,8524,,,,,1,0,1
Person,Laura Christian,,,,,8525,,,,,1,0,1
Person,Jared Newman,,,,,8526,,,,,1,0,1
Person,Tony Olson,,,,,8527,,,,,1,0,1
Person,George Williams,,,,,8528,,,,,1,0,1
Person,Robert Washington,,,,,8529,,,,,1,0,1
Person,Luis Holt,,,,,8530,,,,,2,0,2
Person,Alexis Ruiz,,,,,8531,,,,,1,0,1
Person,Christopher Johnson,,,,,8532,,,,,1,0,1
Person,Jodi Miller,,,,,8533,,,,,2,0,2
Person,Brian Ballard,,,,,8534,,,,,1,0,1
Person,Roger Porter,,,,,8535,,,,,1,0,1
Person,Lauren Mccoy,,,,,8536,,,,,1,0,1
Person,Virginia Warner,,,,,8537,,,,,1,0,1
Person,Silke Verda,,,,,8538,,,,,2,0,2
Person,Jonathan Butler,,,,,8539,,,,,1,0,1
Person,Xiuying Kong,,,,,8540,,,,,1,0,1
Person,Paige Case,,,,,8541,,,,,1,0,1
Person,Shelby Dixon,,,,,8542,,,,,1,0,1
Person,Eric Shelton,,,,,8543,,,,,1,0,1
Person,Thomas Miller,,,,,8544,,,,,1,0,1
RecordLabel,Pulsar Sound,,,,,8545,,,,,0,1,1
RecordLabel,Fascino Frequency,,,,,8546,,,,,0,2,2
Song,Tiếng Việt Trong Tim (Vietnamese in My Heart),True,2027,Synthwave,True,8547,,,,2027.0,4,10,14
Person,Xiuying Wang,,,,,8548,,,,,2,0,2
Person,Yang Zhao,,,,,8549,,,,,3,0,3
Person,Gang Zhao,,,,,8550,,,,,1,0,1
Song,Cánh Diều Quốc Gia (National Kite),True,2026,Desert Rock,True,8551,2026,,,2026.0,2,8,10
Person,Xiulan Wang,,,,,8552,,,,,1,0,1
Song,Cội Nguồn Bất Diệt (Immortal Roots),True,2029,Indie Folk,True,8553,2029,,,2029.0,5,7,12
Person,Xiuying Xia,,,,,8554,,,,,1,0,1
Person,Lei Cao,,,,,8555,,,,,1,0,1
Person,Jun Qin,,,,,8556,,,,,1,0,1
Song,Blank Slate Boulevard,True,2023,Oceanus Folk,True,8557,,,,2023.0,2,2,4
Person,Jessica Carney,,,,,8558,,,,,1,0,1
Person,Erin Martinez,,,,,8559,,,,,1,0,1
Album,Unpacked and Uncharted,,2013,Indie Pop,True,8560,2013,,,2013.0,3,3,6
Song,Stranger in My Own Ambition,True,2013,Indie Rock,True,8561,2013,,,2013.0,2,15,17
Person,Isabelle Rijn-Höning,,,,,8562,, Atlas,,,1,0,1
Person,Laura Guerrero Cañete,,,,,8563,,,,,1,0,1
Person,Carmina Esteve Coloma,,,,,8564,,,,,2,0,2
Person,Salomón Miró Olivé,,,,,8565,,,,,2,0,2
Person,Daan VI-Cadefau,,,,,8566,,,,,1,0,1
Person,Joris Lieshout,,,,,8567,,,,,2,0,2
Person,Charlene Randolph,,,,,8568,,,,,2,0,2
Person,Dolores Pardo Bárcena,,,,,8569,,,,,2,0,2
Person,Pim de Roo,,,,,8570,,,,,1,0,1
Person,Michael Norman,,,,,8571,,,,,2,0,2
Person,Aaron Ross,,,,,8572,,,,,2,0,2
Person,Sigfrido Manu Morcillo Camino,,,,,8573,,,,,2,0,2
RecordLabel,Ember Echo Records,,,,,8574,,,,,0,1,1
Song,Reset City Limits,True,2021,Psychedelic Rock,True,8575,,,,2021.0,2,6,8
Person,Kevin Simmons,,,,,8576,,,,,1,0,1
Person,Min Tan,,,,,8577,,,,,1,0,1
Person,Chase Andrews,,,,,8578,,,,,1,0,1
RecordLabel,Kylämäki Recordings,,,,,8579,,,,,0,1,1
RecordLabel,Saint-Germain Studios,,,,,8580,,,,,0,4,4
Song,Sunset on the Tractor Row,True,2001,Indie Rock,True,8581,,,,2001.0,2,6,8
Person,Manon Voisin,,,,,8582,,,,,1,0,1
Person,Zacharie Morin,,,,,8583,,,,,2,0,2
Person,Aurélie de la Lucas,,,,,8584,,,,,1,0,1
Person,Michel Meyer,,,,,8585,,,,,5,0,5
RecordLabel,Cryptic Empire Sound,,,,,8586,,,,,0,3,3
Song,Cornfield Memories,True,2013,Synthwave,True,8587,2013,,,2013.0,3,7,10
Person,Xiulan Feng,,,,,8588,,,,,1,0,1
Person,Xia Lei,,,,,8589,,,,,2,0,2
Song,Harvest Moon Whispers,True,2018,Dream Pop,True,8590,2015,,2018,2018.0,2,3,5
Person,Eulalia Patiño Ballester,,,,,8591,,,,,2,0,2
Person,Concha Roselló Verdugo,,,,,8592,,,,,1,0,1
Song,Dirt Road Daybreak,True,2007,Doom Metal,True,8593,2007,,2007,2007.0,1,22,23
Person,Yolanda Barroso Pineda,,,,,8594,,,,,2,0,2
Person,Vera Rivero Palomo,,,,,8595,,,,,3,0,3
Song,Tremors of the Heart,False,2020,Dream Pop,True,8596,,,2020,2020.0,1,8,9
Song,Electric Whispers,True,2007,Indie Pop,True,8597,,,,2007.0,2,4,6
Person,Nino Pometta,,,,,8598,,,,,2,0,2
Album,Cold Echoes,,2013,Post-Apocalyptic Folk,True,8599,,,,2013.0,4,6,10
Person,Na Dai,,,,,8600,,,,,1,0,1
Person,Jie Hu,,,,,8601,,,,,1,0,1
Song,Spine Signals,True,2026,Dream Pop,True,8602,,,,2026.0,6,6,12
Person,Lei Long,,,,,8603,,,,,1,0,1
Song,Radiant Silhouette,True,2026,Synthwave,True,8604,,,,2026.0,8,18,26
Person,Laura Lindsey,,,,,8605,,,,,2,0,2
Person,Sarah Young,,,,,8606,,,,,2,0,2
Person,Nancy Gonzalez,,,,,8607,,,,,1,0,1
Person,Valerie Phillips,,,,,8608,,,,,1,0,1
Person,Jason Jordan,,,,,8609,,,,,4,0,4
Person,John Gallagher,,,,,8610,,,,,1,0,1
Person,Denise White,,,,,8611,,,,,5,0,5
Person,Cody Turner,,,,,8612,,,,,2,0,2
Person,Roy Tschentscher,,,,,8613,,,,,10,0,10
Person,Sarah Lee,,,,,8614,,,,,1,0,1
Album,Grace in Motion,,2018,Indie Folk,False,8615,,,,2018.0,1,7,8
Person,Yong Zhong,,,,,8616,,,,,3,0,3
Person,Jun Lai,,,,,8617,,,,,2,0,2
Person,Juan Fan,,,,,8618,,,,,1,0,1
Person,Min Duan,,,,,8619,,,,,1,0,1
Song,Kaleidoscope Eyes,True,2023,Oceanus Folk,True,8620,2020,,,2023.0,3,5,8
Person,Christopher Reilly,,,,,8621,,,,,1,0,1
Person,Monica Murphy,,,,,8622,,,,,1,0,1
Person,Jun Han,,,,,8623,,,,,3,0,3
Song,Luminous Echo,True,2024,Darkwave,True,8624,2024,,,2024.0,3,7,10
Person,Guiying Chang,,,,,8625,,,,,1,0,1
Person,Min Huang,,,,,8626,,,,,1,0,1
Person,Gang Jia,,,,,8627,,,,,2,0,2
Person,Yang Shen,,,,,8628,,,,,1,0,1
RecordLabel,Feathered Rhythm Records,,,,,8629,,,,,0,1,1
Song,Echoes of the Hearth,True,2010,Indie Folk,True,8630,,,,2010.0,2,12,14
Person,Victoria Fletcher,,,,,8631,,,,,1,0,1
Person,Ana Gonzales,,,,,8632,,,,,1,0,1
Person,Mackenzie Brown,,,,,8633,,,,,1,0,1
Song,Ancestral Whispers,True,2017,Americana,True,8634,2017,,,2017.0,3,4,7
Person,Henriette Pierre,,,,,8635,,,,,1,0,1
Song,Roots of Rhythm,False,2023,Dream Pop,True,8636,,,2023,2023.0,5,4,9
Person,Debbie Fuller,,,,,8637,,,,,1,0,1
Person,Shelby Grimes,,,,,8638,,,,,2,0,2
RecordLabel,Bavarian Beats,,,,,8639,,,,,0,1,1
Song,Sacred Soil's Lament,True,2026,Post-Apocalyptic Folk,True,8640,2026,,,2026.0,9,11,20
Person,Jun Yu,,,,,8641,,,,,1,0,1
Person,Min Liu,,,,,8642,,,,,1,0,1
Person,Tao Ren,,,,,8643,,,,,1,0,1
Person,Yan Zheng,,,,,8644,,,,,1,0,1
Person,Fang Qin,,,,,8645,,,,,1,0,1
Person,Xiulan Yuan,,,,,8646,,,,,2,0,2
RecordLabel,Monticello Melodies,,,,,8647,,,,,0,1,1
Album,Whispers of Melody,,2018,Alternative Rock,True,8648,,,,2018.0,2,3,5
Person,Min Xiao,,,,,8649,,,,,2,0,2
Song,Vocal Echoes,True,2013,Alternative Rock,True,8650,,,,2013.0,3,4,7
Album,Resonant Tongue,,2020,Oceanus Folk,True,8651,,,,2020.0,2,6,8
Person,Jing Wei,,,,,8652,,,,,1,0,1
Song,Lyrical Breath,False,2027,Psychedelic Rock,True,8653,2027,,,2027.0,4,8,12
Person,Ming Sun,,,,,8654,,,,,1,0,1
Song,Small Shadows,True,2017,Oceanus Folk,True,8655,,,,2017.0,3,5,8
Person,Justin Berry,,,,,8656,,,,,2,0,2
Person,Xiulan Zhang,,,,,8657,,,,,3,0,3
Song,Fragments of Myself,True,2020,Indie Pop,True,8658,,,,2020.0,3,4,7
Person,Ping Hao,,,,,8659,,,,,3,0,3
Person,Edward Jacobs,,,,,8660,,,,,2,0,2
Person,Eric Wright,,,,,8661,,,,,2,0,2
RecordLabel,Taillan Tracks,,,,,8662,,,,,0,3,3
Album,Whispers of Insignificance,,2023,Dream Pop,True,8663,,,,2023.0,3,6,9
Person,Min Duan,,,,,8664,,,,,1,0,1
Person,Juan Wen,,,,,8665,,,,,1,0,1
RecordLabel,Échelonne,,,,,8666,,,,,0,2,2
Song,Humble Heart's Echo,True,2025,Psychedelic Rock,True,8667,,,,2025.0,7,10,17
Person,Guiying Jiang,,,,,8668,,,,,2,0,2
Person,Qiang Zhou,,,,,8669,,,,,2,0,2
Person,Na Dong,,,,,8670,,,,,2,0,2
Person,Guiying Shen,,,,,8671,,,,,1,0,1
Person,Min Li,,,,,8672,,,,,1,0,1
Person,Jun Su,,,,,8673,,,,,1,0,1
RecordLabel,Omega Pulse Records,,,,,8674,,,,,0,6,6
Song,Verdict from Above,False,2007,Darkwave,True,8675,,,,2007.0,3,6,9
Song,Scales of Mercy,True,2023,Indie Folk,True,8676,,,2023,2023.0,3,6,9
Person,Tao Zhao,,,,,8677,,,,,1,0,1
Song,Whispered Judgment,True,2023,Doom Metal,True,8678,,,,2023.0,3,3,6
Person,Sandra Reyes,,,,,8679,,,,,2,0,2
Album,Celestial Tribunal,,2017,Lo-Fi Electronica,True,8680,,,,2017.0,4,16,20
Album,Fence Line Kindness,,2023,Psychedelic Rock,True,8681,,,,2023.0,1,8,9
Person,Jie Wan,,,,,8682,, Drew Silver,,,1,0,1
Person,Tao Bai,,,,,8683,,,,,1,0,1
Person,Xiuying Peng,,,,,8684,,,,,1,0,1
Person,Gang Hao,,,,,8685,,,,,3,0,3
Person,Qiang Wu,,,,,8686,,,,,1,0,1
Song,Strangers with Open Doors,True,1997,Synthwave,True,8687,1991,,,1997.0,1,5,6
Song,The Radius of Compassion,True,2024,Synthwave,True,8688,,,,2024.0,2,7,9
Person,Linda Chase,,,,,8689,, Neon Rust,,,1,0,1
Person,Jasmine Hammond,,,,,8690,,,,,1,0,1
Person,Kirk Griffin,,,,,8691,,,,,1,0,1
Person,Anthony Davis,,,,,8692,,,,,1,0,1
Person,Louis Brown,,,,,8693,,,,,1,0,1
Person,Ashley Bennett,,,,,8694,,,,,1,0,1
Song,Beyond My Doorstep,False,2024,Synthwave,True,8695,,,,2024.0,4,4,8
Person,Timothy Chen,,,,,8696,,,,,1,0,1
Person,Michael Grant,,,,,8697,,,,,1,0,1
Song,Brushstrokes and Shadows,False,2016,Lo-Fi Electronica,True,8698,,,,2016.0,4,6,10
Person,Tao Lei,,,,,8699,,,,,1,0,1
Person,Guiying Yao,,,,,8700,,,,,3,0,3
Person,Yang Pan,,,,,8701,,,,,6,0,6
Person,Jun Feng,,,,,8702,,,,,2,0,2
Song,Gallery of Echoes,True,2029,Jazz Surf Rock,True,8703,,,,2029.0,3,5,8
Person,George Lloyd,,,,,8704,,,,,2,0,2
Person,Ryan Hamilton,,,,,8705,,,,,1,0,1
Person,David Singleton,,,,,8706,,,,,2,0,2
RecordLabel,Eastern Harmony Studios,,,,,8707,,,,,0,1,1
Song,Canvas Whispers,False,2023,Emo/Pop Punk,True,8708,,,,2023.0,5,4,9
Song,Frames of Memory,True,2020,Indie Rock,True,8709,,,2020,2020.0,3,4,7
Person,Denise Perez,,,,,8710,,,,,1,0,1
Person,Beth Gray,,,,,8711,,,,,3,0,3
Person,Li Meng,,,,,8712,,,,,1,0,1
Person,Robert Chen,,,,,8713,,,,,1,0,1
Song,Luminous Silence,False,2025,Oceanus Folk,True,8714,,,,2025.0,5,4,9
Person,Ann Anderson,,,,,8715,,,,,1,0,1
Person,Xiuying Mo,,,,,8716,,,,,3,0,3
Song,Midnight's Sacred Breath,True,2017,Doom Metal,True,8717,,,2017,2017.0,4,6,10
Person,Jared Banks,,,,,8718,,Phantom Signal,,,1,0,1
Person,Juan Wei,,,,,8719,,,,,1,0,1
Person,Yang Luo,,,,,8720,,,,,2,0,2
Person,Perry Lopez,,,,,8721,,,,,1,0,1
Song,Whispers of Divine Stillness,True,2026,Dream Pop,True,8722,,,,2026.0,3,6,9
Person,Wesley Ford,,,,,8723,, Treasure,,,1,0,1
Person,Tao Wei,,,,,8724,,,,,3,0,3
Person,Li Hu,,,,,8725,,,,,2,0,2
Person,Xia Zhu,,,,,8726,,,,,5,0,5
Song,The Hallowed Darkness,True,2019,Indie Rock,True,8727,,,,2019.0,2,8,10
Person,Holly Riley,,,,,8728,,,,,2,0,2
Person,Julie Rowe,,,,,8729,,,,,1,0,1
Person,Jun Wei,,,,,8730,,,,,1,0,1
Song,Winter's First Light,True,2020,Avant-Garde Folk,True,8731,,,2023,2020.0,12,6,18
Song,Hymns of the Frozen Dawn,False,2015,Synthwave,True,8732,,,,2015.0,3,6,9
Person,Timothy Padilla,,,,,8733,,,,,2,0,2
Album,Candlelight Procession,,2024,Synthwave,True,8734,,,,2024.0,2,6,8
Person,Jie Ma,,,,,8735,, Aurora Vale,,,1,0,1
Person,Jun Tian,,,,,8736,,,,,1,0,1
Person,Juan Shao,,,,,8737,,,,,2,0,2
Person,Jing Wang,,,,,8738,,,,,2,0,2
Song,Frost and Faith,True,2005,Speed Metal,True,8739,,,,2005.0,4,4,8
Song,Blue Notes and City Lights,True,2023,Dream Pop,True,8740,,,,2023.0,3,11,14
Person,Guiying Ding,,,,,8741,,,,,2,0,2
Person,Guiying Shi,,,,,8742,,,,,1,0,1
Person,Juan Yu,,,,,8743,,,,,1,0,1
Person,Lola Vermeulen,,,,,8744,,,,,1,0,1
Person,Juan Yao,,,,,8745,,,,,1,0,1
Person,Ming Cui,,,,,8746,,,,,1,0,1
Person,Yong Xiong,,,,,8747,,,,,1,0,1
Person,Lara Horrocks,,,,,8748,,,,,1,0,1
Person,Kimberly Young,,,,,8749,,,,,1,0,1
Album,Rhapsody in Urban Rhythm,,1991,Dream Pop,True,8750,1991,,,1991.0,1,11,12
Song,Syncopated Dreams,True,2024,Alternative Rock,True,8751,,,,2024.0,2,2,4
Person,Anita Hamerla,,,,,8752,,,,,7,0,7
RecordLabel,Riverine Resonance,,,,,8753,,,,,0,5,5
Song,Jazzy Improvisation in G,True,2004,Indie Rock,True,8754,,,,2004.0,3,5,8
Person,Chris Cook,,,,,8755,,,,,1,0,1
Person,Destiny Griffin,,,,,8756,,,,,2,0,2
Person,Yan Ye,,,,,8757,,,,,1,0,1
Album,Gaby's Lament,,1991,Dream Pop,True,8758,,,,1991.0,3,7,10
Person,Daniel Collins,,,,,8759,,,,,3,0,3
Person,Barbara Moore,,,,,8760,,,,,3,0,3
Person,David Bowen,,,,,8761,,,,,1,0,1
Person,Amanda Morales,,,,,8762,,,,,2,0,2
Song,Sweet Whispers of Gaby,True,2028,Lo-Fi Electronica,True,8763,,,,2028.0,2,3,5
Person,Hunar Dugal,,,,,8764,,,,,1,0,1
Person,Ira Gole,,,,,8765,,,,,2,0,2
Song,Echoes of a Name,True,2020,Desert Rock,True,8766,,,,2020.0,4,5,9
Person,Lei Chen,,,,,8767,,Stellar Lei,,,1,0,1
Person,Chao Peng,,,,,8768,,,,,2,0,2
Person,Yong Zhou,,,,,8769,,,,,1,0,1
Song,Midnight with Gaby,False,2018,Lo-Fi Electronica,True,8770,,,,2018.0,3,3,6
Album,Nectar of Your Smile,,2013,Doom Metal,True,8771,,,,2013.0,2,5,7
Person,William Tyler,,,,,8772,,,,,2,0,2
Song,Blooming Love's Embrace,True,2027,Lo-Fi Electronica,True,8773,2027,,,2027.0,9,5,14
Person,Ming Lai,,,,,8774,,,,,1,0,1
Person,Jessica Peck,,,,,8775,,,,,4,0,4
Album,Fragrant Heart's Melody,,2017,Indie Folk,True,8776,,,,2017.0,3,10,13
Person,Fang Su,,,,,8777,,,,,1,0,1
Person,Xiulan Yao,,,,,8778,,,,,3,0,3
Person,Min Ding,,,,,8779,,,,,4,0,4
Person,April Johnson,,,,,8780,,,,,3,0,3
Person,Guiying Yi,,,,,8781,,,,,2,0,2
Album,Patience's Whisper,,2029,Dream Pop,True,8782,,,2029,2029.0,3,7,10
Person,Chao Tian,,,,,8783,,,,,2,0,2
Person,Jun Liang,,,,,8784,,,,,1,0,1
Song,Waiting in the Wings,True,2000,Americana,True,8785,2000,,,2000.0,4,9,13
Person,Jennifer Cox,,,,,8786,,,,,1,0,1
Song,Countdown to Someday,True,2017,Dream Pop,True,8787,,,,2017.0,1,4,5
Person,Jeremi Wita,,,,,8788,,,,,2,0,2
Person,Sonia Krochmal,,,,,8789,,,,,4,0,4
RecordLabel,Heemskerk Sound,,,,,8790,,,,,0,2,2
Song,The Pause Between Heartbeats,False,2022,Dream Pop,True,8791,,,,2022.0,2,7,9
Person,Xiulan Gu,,,,,8792,,,,,1,0,1
Person,Kevin Morrow,,,,,8793,,,,,3,0,3
Person,Michael Montgomery,,,,,8794,,,,,2,0,2
Album,Moonlight's Whisper in G Minor,,2020,Doom Metal,True,8795,2013,,,2020.0,5,6,11
Person,Ferdinando Nordio,,,,,8796,,,,,1,0,1
Person,Richard Davis,,,,,8797,,,,,2,0,2
Person,Steven Calderon,,,,,8798,,,,,1,0,1
Person,Eleanora Bersani,,,,,8799,,,,,3,0,3
Person,Yvonne Morris,,,,,8800,,,,,1,0,1
Album,Twilight Sonata for Forgotten Keys,,2020,Alternative Rock,True,8801,,,,2020.0,3,3,6
Person,Anya Krishnan,,,,,8802,,,,,4,0,4
Song,Shadows Between the Scales,False,2020,Post-Apocalyptic Folk,True,8803,,,,2020.0,2,5,7
Person,Yan Yi,,,,,8804,,Verona Static,,,2,0,2
Person,Louis Herman,,,,,8805,,,,,1,0,1
Song,Midnight's Chromatic Reverie,True,2010,Synthwave,True,8806,2010,,,2010.0,2,7,9
Person,Tao Zhu,,,,,8807,,,,,1,0,1
Person,Min Qian,,,,,8808,,,,,2,0,2
Person,Li Gao,,,,,8809,,,,,1,0,1
Person,Jun Hu,,,,,8810,,,,,1,0,1
Song,Cherry Blossoms and Distance,True,2023,Dream Pop,True,8811,,,,2023.0,2,3,5
Song,Tokyo Horizon,True,1995,Synthwave,True,8812,,,,1995.0,3,8,11
Album,Whispers Across the Pacific,,2017,Alternative Rock,True,8813,,,2017,2017.0,4,3,7
Song,Longitude of Longing,True,1994,Alternative Rock,True,8814,1994,,,1994.0,1,8,9
Album,Shadows in Minor,,1996,Dream Pop,True,8815,,,,1996.0,3,9,12
Song,Three Whispers,True,2012,Dream Pop,True,8816,,,,2012.0,2,17,19
Person,Jun Yu,,,,,8817,,,,,1,0,1
Person,Stephanie Wilkerson,,,,,8818,,,,,1,0,1
Person,Grace Duncan,,,,,8819,,,,,1,0,1
Song,Dissonant Harmony,True,2007,Jazz Surf Rock,True,8820,,,,2007.0,4,5,9
Song,Chamber of Echoes,True,2008,Alternative Rock,True,8821,,,,2008.0,2,12,14
Person,Giacinto Maderna,,,,,8822,,,,,2,0,2
Song,"Thirty Dawns, Thirty Shadows",True,2025,Space Rock,True,8823,,,,2025.0,3,15,18
Person,Fang Xie,,,,,8824,,,,,1,0,1
Person,Li Du,,,,,8825,,,,,1,0,1
Person,Fang Feng,,,,,8826,,,,,1,0,1
Person,Fang Qiu,,,,,8827,,,,,1,0,1
Person,Yong Lei,,,,,8828,,,,,2,0,2
Person,Juan Pan,,,,,8829,,,,,2,0,2
Person,Li Feng,,,,,8830,,,,,1,0,1
Person,Yong Tao,,,,,8831,,,,,3,0,3
Album,Lunar Lunar Thirty,,1991,Indie Pop,True,8832,,,,1991.0,3,7,10
Person,Lori Lee,,,,,8833,,,,,6,0,6
Song,Cyclic Fragments of Persistent Memory,True,2014,Dream Pop,False,8834,,,,2014.0,1,4,5
Person,Michael Hall,,,,,8835,,,,,2,0,2
Person,Yan Sun,,,,,8836,,,,,1,0,1
Song,The Unfolding: Thirty Breaths,False,2028,Darkwave,True,8837,2028,,,2028.0,6,3,9
Person,Nathan Hernandez,,,,,8838,,,,,1,0,1
Person,Lori Schmidt,,,,,8839,,,,,2,0,2
Song,Silent Snowfall and Empty Chairs,True,2004,Indie Rock,True,8840,,,,2004.0,2,4,6
Person,Roman Švec,,,,,8841,,Roman Svec,,,1,0,1
Person,Viktor Švec,,,,,8842,,,,,1,0,1
Person,Jan Hruška,,,,,8843,,,,,1,0,1
RecordLabel,Commissariat Sound Archives,,,,,8844,,,,,0,1,1
Song,Whispers in the Christmas Lights,True,2020,Blues Rock,True,8845,,,,2020.0,5,4,9
Song,Undecorated (A Solitary Night),True,2027,Dream Pop,True,8846,2027,,,2027.0,3,8,11
Person,Wei Qian,,,,,8847,,,,,1,0,1
Person,Yang Zhao,,,,,8848,,,,,2,0,2
Person,Yong Dong,,,,,8849,,,,,1,0,1
Person,Xia Dai,,,,,8850,,,,,2,0,2
Person,Jun Xiang,,,,,8851,,,,,2,0,2
Song,Echoes of Forgotten Carols,True,2023,Desert Rock,True,8852,,,,2023.0,7,2,9
Person,Filippa Piane,,,,,8853,,,,,2,0,2
RecordLabel,Tidal Pulse Records,,,,,8854,,,,,0,1,1
Album,Divergent Movements in D Minor,,2020,Southern Gothic Rock,True,8855,2013,,2020,2020.0,2,3,5
Person,Melanie Browning PhD,,,,,8856,,,,,1,0,1
RecordLabel,Terzola Tunes,,,,,8857,,,,,0,1,1
Song,Chromatic Reflections on a Theme,True,2026,Oceanus Folk,True,8858,,,,2026.0,4,7,11
Person,Ryan Mcguire,,,,,8859,,,,,1,0,1
Person,Stephen Allen,,,,,8860,,,,,2,0,2
Person,Eric Hopkins,,,,,8861,,,,,1,0,1
Song,Harmonic Deconstruction No. 7,True,2013,Symphonic Metal,True,8862,,,,2013.0,2,7,9
Person,Xiuying Zeng,,,,,8863,, The Phoenix,,,1,0,1
Person,Ming Lin,,,,,8864,,,,,1,0,1
Person,Yan He,,,,,8865,,,,,1,0,1
Person,Jun Yan,,,,,8866,,,,,2,0,2
Song,Variations of Subtle Dissonance,True,2007,Symphonic Metal,True,8867,,,,2007.0,2,11,13
Person,Valeria Perini,,,,,8868,,,,,1,0,1
Person,Liberto Antonacci,,,,,8869,,,,,2,0,2
Person,Gabriel Gaudin,,,,,8870,,,,,1,0,1
Person,Rossana Colletti,,,,,8871,,,,,3,0,3
Song,"Autumn Whispers, Heartbeats Tender",True,1993,Speed Metal,True,8872,,,1993,1993.0,3,12,15
Person,Jun Ding,,,,,8873,,,,,1,0,1
Song,Crimson Leaves and Your Embrace,True,2022,Alternative Rock,True,8874,,,,2022.0,1,4,5
Person,Gregory Jones,,,,,8875,,,,,3,0,3
Album,October's Romantic Surrender,,2029,Desert Rock,True,8876,,,,2029.0,3,4,7
Song,Falling (In Love) with the Season,True,2029,Indie Folk,True,8877,,,,2029.0,3,5,8
Person,Lawrence Guzman,,,,,8878,,,,,1,0,1
Person,Yang Hou,,,,,8879,,,,,1,0,1
Person,Tao Gao,,,,,8880,,,,,10,0,10
Song,Shylock's Shadows,True,2020,Oceanus Folk,True,8881,,,,2020.0,4,5,9
Person,Xiuying Kang,,,,,8882,,,,,1,0,1
Person,Jun Xu,,,,,8883,,,,,3,0,3
Person,Chao Qiao,,,,,8884,,,,,2,0,2
Person,Karen Robinson,,,,,8885,,,,,1,0,1
Song,Rialto's Revenge,True,1997,Synthwave,True,8886,1997,,,1997.0,2,6,8
Person,Qiang Qiao,,,,,8887,,,,,1,0,1
Song,Bonds of Ducats,True,2010,Indie Rock,True,8888,,,2010,2010.0,3,39,42
Person,Roswita Hande,,,,,8889,,,,,2,0,2
Person,Katrin Steckel,,,,,8890,,,,,2,0,2
Song,The Pound of Flesh Sonata,True,2009,Southern Gothic Rock,True,8891,,,,2009.0,9,6,15
Album,Sun-Baked Terracotta,,2025,Desert Rock,True,8892,,,,2025.0,6,13,19
Person,Christopher Evans,,,,,8893,,Dylan Reed,,,1,0,1
Song,Picnic Vessel Memories,True,2025,Darkwave,True,8894,2025,,,2025.0,4,8,12
Person,Na Wen,,,,,8895,,,,,2,0,2
Person,Jun Xie,,,,,8896,,,,,1,0,1
Person,Xia Meng,,,,,8897,,,,,2,0,2
Person,Nadja Gnatz,,,,,8898,,,,,1,0,1
Song,Warm Ceramic Whispers,True,2024,Southern Gothic Rock,True,8899,,,,2024.0,5,4,9
Album,Harvest's Tender Embrace,,2013,Synthwave,True,8900,,,2013,2013.0,4,5,9
Person,Aaron Livingston,,,,,8901,,,,,1,0,1
Person,Miss Stephanie Middleton,,,,,8902,,,,,2,0,2
Person,Nidia Menéndez Mateo,,,,,8903,,,,,1,0,1
Song,Heart Sprint,True,2014,Doom Metal,True,8904,2014,,,2014.0,3,7,10
Song,Passion Pursuit,True,2017,Dream Pop,True,8905,,,,2017.0,3,5,8
Person,Krista Collins,,,,,8906,,,,,1,0,1
Person,April Nelson,,,,,8907,,,,,2,0,2
Person,Guiying Zhou,,,,,8908,,,,,2,0,2
Person,Chao Hou,,,,,8909,,,,,1,0,1
Song,Romantic Relay,True,2019,Southern Gothic Rock,True,8910,2015,,,2019.0,5,6,11
Person,Carolyn Sharp,,,,,8911,,,,,1,0,1
Person,Garrett Salazar,,,,,8912,,,,,2,0,2
Person,Richard Goodman,,,,,8913,,,,,2,0,2
Song,Heartbeat Hurdles,True,2024,Indie Rock,True,8914,2024,,,2024.0,4,5,9
Person,Isabelle Baudry de Michel,,,,,8915,,,,,2,0,2
Person,Emmanuel de Blot,,,,,8916,,,,,3,0,3
Person,Bernard-André Rolland,,,,,8917,,,,,3,0,3
Person,Christelle Grégoire,,,,,8918,,,,,2,0,2
RecordLabel,Crestline,,,,,8919,,,,,0,1,1
Song,Echoes of a Fading Lament,True,2026,Desert Rock,True,8920,,,,2026.0,2,8,10
Person,Fang Gu,,,,,8921,,,,,1,0,1
Person,Sierra Gibson,,,,,8922,,,,,2,0,2
Person,Qiang Luo,,,,,8923,,,,,1,0,1
Song,Whispers from the Broken Heart,False,2028,Americana,True,8924,2028,,,2028.0,4,4,8
Person,Guiying Gu,,,,,8925,,,,,1,0,1
Person,Juan Tan,,,,,8926,,,,,2,0,2
Album,Sorrow's Final Breath,,2010,Indie Pop,True,8927,,,,2010.0,4,5,9
Person,Anthony Farmer,,,,,8928,,,,,1,0,1
Person,Timothy Rios,,,,,8929,,,,,5,0,5
Album,Tears of Mortal Surrender,,2023,Emo/Pop Punk,True,8930,2023,,,2023.0,7,3,10
Song,Bare Necessities,False,2010,Indie Folk,True,8931,,,,2010.0,2,6,8
Person,Juan Zhu,,,,,8932,,,,,1,0,1
Person,Jing Guo,,,,,8933,,,,,1,0,1
Person,Guiying Tan,,,,,8934,,,,,3,0,3
Person,Ping Shi,,,,,8935,,,,,1,0,1
Song,Dress Code Rebellion,False,1997,Indie Rock,True,8936,,,,1997.0,2,6,8
Album,Trouser-Free Zone,,2017,Dream Pop,True,8937,,,,2017.0,3,10,13
Album,Naked Workplace Manifesto,,2030,Indie Folk,True,8938,,,,2030.0,2,4,6
Person,Guiying Han,,,,,8939,,,,,1,0,1
Person,Li Shao,,,,,8940,,,,,1,0,1
Person,Samuel Lewis,,,,,8941,,,,,2,0,2
Album,Whispers of the Woodland Maiden,,2023,Americana,True,8942,,,,2023.0,3,6,9
Person,Steve Bailey,,,,,8943,,,,,2,0,2
RecordLabel,Silk Pulse,,,,,8944,,,,,0,1,1
Song,Emerald Shadows of Her Name,True,2029,Speed Metal,True,8945,,,,2029.0,6,5,11
Person,Yang Yi,,,,,8946,,,,,2,0,2
Person,Na Meng,,,,,8947,,,,,1,0,1
Person,Jing Deng,,,,,8948,,,,,4,0,4
Song,The Silent Paths of Rosvina,True,2024,Alternative Rock,True,8949,,,2024,2024.0,5,3,8
Person,Carolyn Donovan,,,,,8950,,,,,6,0,6
RecordLabel,Cumaral Sounds,,,,,8951,,,,,0,5,5
Song,Forest Echoes and Forgotten Dreams,True,2010,Synthwave,False,8952,,,,2010.0,1,6,7
Person,Xiuying Chen,,,,,8953,,,,,1,0,1
Song,The In-Law Inheritance,True,2020,Doom Metal,True,8954,,,,2020.0,3,9,12
Person,Stephanie Huhn,,,,,8955,,,,,4,0,4
Person,Edwin Diaz,,,,,8956,,,,,1,0,1
Person,Rainer Mans,,,,,8957,,,,,1,0,1
Album,Married Into Approval,,2027,Alternative Rock,True,8958,2027,,,2027.0,1,7,8
Person,René Sans,,,,,8959,,,,,2,0,2
Person,Yésica de Oller,,,,,8960,,,,,4,0,4
Person,Emelina Verdejo Otero,,,,,8961,,,,,1,0,1
Person,Inés del Valenciano,,,,,8962,,,,,1,0,1
RecordLabel,Velthune,,,,,8963,,,,,0,2,2
Song,Threshold of Family,False,2017,Doom Metal,True,8964,,,,2017.0,1,7,8
Person,Ping Xue,,,,,8965,,,,,2,0,2
Person,Yong Luo,,,,,8966,,,,,2,0,2
Person,Tao Bai,,,,,8967,,,,,1,0,1
RecordLabel,Eastern Harmony,,,,,8968,,,,,0,5,5
Song,"Daughter's Choice, Mother's Verdict",False,2026,Darkwave,True,8969,2022,,,2026.0,2,9,11
Person,Justin Hensley,,,,,8970,,,,,1,0,1
Person,Amy Marshall,,,,,8971,,,,,1,0,1
Person,Lauren Mclean,,,,,8972,,,,,1,0,1
Person,Andrea Brooks,,,,,8973,,,,,1,0,1
Person,Emily Taylor,,,,,8974,,,,,1,0,1
Person,Kathryn Smith,,,,,8975,,,,,1,0,1
Person,James Bishop,,,,,8976,,,,,2,0,2
RecordLabel,Sarkar Sound Studios,,,,,8977,,,,,0,1,1
Song,Springtime Whispers on the Seine,True,2020,Oceanus Folk,True,8978,,,,2020.0,3,5,8
Person,Fang Xiang,,,,,8979,, THVNDER,,,2,0,2
Person,Li Zhou,,,,,8980,,,,,1,0,1
Person,Ping Bai,,,,,8981,,,,,1,0,1
Person,Jun Wang,,,,,8982,,,,,1,0,1
Song,Parisian Rainfall at Twilight,True,2029,Jazz Surf Rock,True,8983,2029,,,2029.0,4,9,13
Person,Wei Peng,,,,,8984,, Nebula Prince,,,1,0,1
Person,Yan Lin,,,,,8985,,,,,1,0,1
Person,Charles Marshall,,,,,8986,,,,,2,0,2
Song,Blossoms and Boulevards,True,2017,Synthwave,True,8987,,,,2017.0,2,4,6
Person,Robert Fowler,,,,,8988,,,,,1,0,1
Song,Midnight in the City of Light,True,2013,Southern Gothic Rock,True,8989,2006,,,2013.0,2,4,6
Person,Navya Rana,,,,,8990,,,,,2,0,2
Person,Éric Daniel,,,,,8991,,,,,4,0,4
Song,Corporate Ladder,True,2003,Dream Pop,True,8992,,,,2003.0,3,5,8
Person,Cody Rowe,,,,,8993,,,,,1,0,1
Person,Adam Carpenter,,,,,8994,,,,,2,0,2
Person,Lei Zhu,,,,,8995,,,,,3,0,3
RecordLabel,Pulse Recordings,,,,,8996,,,,,0,1,1
Song,Branded Dreams,True,2009,Southern Gothic Rock,True,8997,2009,,,2009.0,4,8,12
Song,Expansion Pack,False,2026,Synthwave,True,8998,,,,2026.0,2,3,5
Song,Licensing Rights,True,2029,Indie Pop,True,8999,,,,2029.0,3,6,9
Person,Veronica Koch,,,,,9000,,,,,1,0,1
Person,Johnathan Sanchez,,,,,9001,,,,,2,0,2
Person,Li Wei,,,,,9002,,,,,1,0,1
Song,Echoes of Departure,True,2004,Oceanus Folk,True,9003,2004,,,2004.0,2,7,9
Person,Kevin Ruiz,,,,,9004,,,,,1,0,1
Person,Michael Anderson,,,,,9005,,,,,2,0,2
Person,Fenna Zwart,,,,,9006,,,,,1,0,1
Song,The Last Goodbye's Whisper,True,2004,Doom Metal,True,9007,,,,2004.0,3,15,18
Person,Kristina Allen,,,,,9008,,,,,1,0,1
Person,Stephanie Fritz,,,,,9009,,,,,2,0,2
Song,Miles Between Us,True,2021,Jazz Surf Rock,True,9010,,,,2021.0,1,4,5
Person,Jonathan Guerrero,,,,,9011,,,,,5,0,5
RecordLabel,Terveen Sounds,,,,,9012,,,,,0,2,2
Song,Fading Horizon Lines,False,2017,Indie Folk,True,9013,,,,2017.0,2,3,5
Song,Forever Constant,True,2024,Dream Pop,True,9014,,,,2024.0,4,14,18
Person,Ping Yan,,,,,9015,,,,,2,0,2
Person,Jun Meng,,,,,9016,,,,,1,0,1
Person,Jie Gao,,,,,9017,,,,,1,0,1
Person,Kara Frazier,,,,,9018,,,,,2,0,2
Song,Unwavering Heart,True,2020,Dream Pop,True,9019,,,,2020.0,2,8,10
Person,William Duncan,,,,,9020,,,,,1,0,1
Person,Joshua Crawford,,,,,9021,,,,,1,0,1
Person,Xiulan Sun,,,,,9022,,,,,1,0,1
Person,Yasuhiro Sato,,,,,9023,,,,,2,0,2
Person,Li Yao,,,,,9024,,,,,1,0,1
Song,Steadfast Promise,True,2026,Psychedelic Rock,True,9025,,,,2026.0,4,9,13
Person,Jun Huang,,,,,9026,,,,,1,0,1
Person,Chao Xiong,,,,,9027,,,,,1,0,1
Person,Fang Lu,,,,,9028,,,,,1,0,1
Person,Friedbert Stey,,,,,9029,,,,,1,0,1
Song,Immovable Love,True,2026,Indie Rock,False,9030,2026,,,2026.0,6,12,18
Person,Erica Walton,,,,,9031,,,,,7,0,7
Person,Matthew Yoder,,,,,9032,,,,,6,0,6
Song,Lone Star Twilight,True,2021,Synthwave,True,9033,,,,2021.0,3,8,11
Person,Fang Chang,,,,,9034,,,,,2,0,2
Person,Heidi Henry,,,,,9035,,,,,1,0,1
Person,Christine Bartlett,,,,,9036,,,,,3,0,3
Person,Heather Moss,,,,,9037,,,,,2,0,2
Person,Elijah Smith,,,,,9038,,,,,3,0,3
Person,Elizabeth Davis,,,,,9039,,,,,1,0,1
Song,Meridian Drift,False,2020,Southern Gothic Rock,True,9040,2020,,,2020.0,1,9,10
Person,Kimberly Howe,,,,,9041,,,,,2,0,2
Person,Emilie Rudolph,,,,,9042,,,,,3,0,3
Song,Highway Horizon Spell,True,2010,Indie Folk,True,9043,2010,,,2010.0,3,5,8
Person,Qiang Xiao,,,,,9044,,,,,1,0,1
Person,Jing Luo,,,,,9045,,,,,1,0,1
Person,Fang Zou,,,,,9046,,,,,1,0,1
Person,Li Feng,,,,,9047,,,,,4,0,4
Song,Crossroads at Sunset,True,1984,Indie Rock,True,9048,1984,,,1984.0,2,7,9
Person,Stephen Obrien,,,,,9049,,,,,2,0,2
Person,Clara Seco-Pelayo,,,,,9050,,,,,4,0,4
Song,Whispers of the Weeping Branches,True,2004,Indie Folk,True,9051,,,,2004.0,2,4,6
Person,Olivia Jarvis,,,,,9052,,,,,1,0,1
Person,Sandra Riley,,,,,9053,,,,,1,0,1
Song,Moonlit Willow's Gentle Sway,False,2029,Alternative Rock,True,9054,,,,2029.0,3,6,9
Person,Margot Becker-Striebitz,,,,,9055,,Zenith,,,1,0,1
Person,Antonia Steinberg-Löffler,,,,,9056,,,,,2,0,2
Person,Cato Meyer,,,,,9057,,,,,2,0,2
Person,Renske Godfrey van Alemannië,,,,,9058,,,,,1,0,1
Song,Riverbank Cradle Song,False,2023,Indie Folk,True,9059,,,,2023.0,3,2,5
Person,Hrishita Deep,,,,,9060,,,,,1,0,1
Song,"Silvered Leaves, Softly Singing",True,2019,Southern Gothic Rock,True,9061,,,,2019.0,8,8,16
Album,Potato Fields Forever,,2023,Oceanus Folk,True,9062,,,,2023.0,3,7,10
Person,Na Yang,,,,,9063,,Solar Drift,,,1,0,1
Person,Ricardo Ward,,,,,9064,,Jesse Rhodes,,,2,0,2
Person,Kimberly Moore,,,,,9065,,,,,1,0,1
Person,Fang Zhou,,,,,9066,,,,,2,0,2
Person,Xiulan Yi,,,,,9067,,,,,1,0,1
Album,Sawtooth Serenade,,1998,Blues Rock,True,9068,,,,1998.0,3,8,11
Song,Boise Bound,True,2023,Indie Folk,True,9069,,,2023,2023.0,2,3,5
Person,Stacey Perry,,,,,9070,,,,,1,0,1
Person,Ashley Brooks,,,,,9071,,,,,3,0,3
RecordLabel,Mercury Tide,,,,,9072,,,,,0,3,3
Song,Gem State Sunset,True,2020,Desert Rock,True,9073,2020,,,2020.0,1,5,6
Person,Xiuying Chang,,,,,9074,,,,,1,0,1
Person,Chao Wu,,,,,9075,,,,,1,0,1
Person,Kathleen Martinez,,,,,9076,,,,,1,0,1
Song,Silent Echoes,True,2007,Doom Metal,True,9077,2007,,2007,2007.0,2,11,13
Person,Michael Gomez,,,,,9078,,,,,2,0,2
Person,Chad Livingston,,,,,9079,,,,,2,0,2
Person,Deanna Haney,,,,,9080,,,,,1,0,1
Song,The Language of Silence,True,2017,Doom Metal,True,9081,,,,2017.0,4,3,7
Person,Lidia Dörschner-Käster,,,,,9082,,,,,1,0,1
Person,Melanie Heß,,,,,9083,,,,,1,0,1
RecordLabel,Verdant Solace,,,,,9084,,,,,0,2,2
Song,Unspoken Melody,True,2004,Doom Metal,True,9085,,,,2004.0,3,12,15
Person,Karl-Ludwig Kensy,,,,,9086,,,,,3,0,3
Person,John Bradley,,,,,9087,,,,,2,0,2
Song,Whispers Without Words,True,2013,Lo-Fi Electronica,True,9088,,,,2013.0,7,8,15
Song,First Contact Protocol,True,2007,Indie Pop,True,9089,2007,,,2007.0,4,8,12
Song,Palms of Passage,True,2028,Oceanus Folk,True,9090,,,,2028.0,9,7,16
Person,Xiulan Zhou,,,,,9091,,,,,2,0,2
Person,Nicholas Moss,,,,,9092,,,,,1,0,1
Person,Chao Fang,,,,,9093,,,,,1,0,1
Person,Yang Zhang,,,,,9094,,,,,3,0,3
Person,Guiying Jin,,,,,9095,,,,,2,0,2
Song,Grip and Grace,True,2017,Oceanus Folk,True,9096,2013,,,2017.0,2,16,18
Person,Tao Ye,,,,,9097,,,,,1,0,1
Person,Yong Guo,,,,,9098,,,,,1,0,1
Person,Juan Duan,,,,,9099,,,,,2,0,2
Album,Handshake Heartbeat,,1981,Indie Folk,True,9100,,,,1981.0,1,5,6
Person,Jun Han,,,,,9101,,,,,2,0,2
Person,Gang Yin,,,,,9102,,,,,1,0,1
Person,Chao Zhao,,,,,9103,,,,,1,0,1
Song,Echoes of Sunrise,True,2014,Indie Pop,True,9104,,,,2014.0,4,3,7
Album,Whispers in the Wind,,2028,Indie Rock,True,9105,,,,2028.0,4,11,15
Person,Peter Garcia,,,,,9106,,,,,1,0,1
Person,John Guzman II,,,,,9107,,,,,1,0,1
Person,Karina Hess,,,,,9108,,,,,8,0,8
Person,Sosimo Vila Bayona,,,,,9109,,,,,1,0,1
Person,Travis Thompson,,,,,9110,,,,,1,0,1
Person,Jordan Thomas,,,,,9111,,,,,1,0,1
Person,Elizabeth Stone,,,,,9112,,,,,1,0,1
Person,Michelle Hensley,,,,,9113,,,,,1,0,1
Song,Distant Heartlines,True,2010,Southern Gothic Rock,True,9114,2007,,,2010.0,3,3,6
Album,Melodies of Memory,,2007,Indie Rock,True,9115,,,2007,2007.0,2,7,9
Song,Whispers of the Celestial Goddess,True,2020,Doom Metal,True,9116,,,,2020.0,2,16,18
Album,Luminous Embrace,,2023,Indie Folk,True,9117,,,,2023.0,2,4,6
Person,Xiuying Tian,,,,,9118,,,,,1,0,1
Person,Ping Lai,,,,,9119,,,,,1,0,1
Person,Tao Fang,,,,,9120,,,,,1,0,1
Person,Li Gong,,,,,9121,,,,,1,0,1
Album,Radiant Descent,,2017,Lo-Fi Electronica,True,9122,,,,2017.0,13,13,26
Song,Serenade of the Morning Star,False,2004,Southern Gothic Rock,True,9123,2004,,,2004.0,2,5,7
Song,Jingle Jangle Jive,True,2025,Desert Rock,True,9124,,,,2025.0,2,6,8
Person,Xiuying Yan,,,,,9125,, Tori Night,,,1,0,1
Person,Michael Glenn,,,,,9126,,,,,1,0,1
Person,Wei Lin,,,,,9127,,,,,1,0,1
Person,Jie Liang,,,,,9128,,,,,1,0,1
Song,Tipsy Toes Tango,False,1986,Dream Pop,True,9129,,,,1986.0,2,7,9
Person,Charvi Bains,,,,,9130,,,,,1,0,1
Person,Hrishita Sura,,,,,9131,,,,,1,0,1
RecordLabel,Golden Needle,,,,,9132,,,,,0,1,1
Song,Whimsy Wiggle Waltz,True,2029,Darkwave,True,9133,2026,,,2029.0,3,9,12
Person,Yang Duan,,,,,9134,,RAWK ST4R,,,1,0,1
Person,Tao Wan,,,,,9135,,,,,1,0,1
Person,Juan Lai,,,,,9136,,,,,1,0,1
Person,Jun Dai,,,,,9137,,,,,1,0,1
Person,Yong Tang,,,,,9138,,,,,2,0,2
Person,Min Zou,,,,,9139,,,,,1,0,1
Song,Quirky Quick Step,True,2020,Americana,True,9140,2020,,,2020.0,2,5,7
Person,Tao Jiang,,,,,9141,,,,,1,0,1
Person,Jun Meng,,,,,9142,,,,,2,0,2
Song,Moment's Courage,True,2013,Indie Folk,True,9143,,,,2013.0,4,4,8
Song,Windows of Opportunity,True,2020,Oceanus Folk,True,9144,,,,2020.0,2,7,9
Person,Jun Ren,,,,,9145,, J.D. Powers,,,1,0,1
Person,Jing Cui,,,,,9146,,,,,1,0,1
Person,Yang Ma,,,,,9147,,,,,3,0,3
Person,Lisa Pennington,,,,,9148,,,,,1,0,1
Person,Xiuying Shao,,,,,9149,,,,,1,0,1
Song,Leap Before You Look,True,2024,Alternative Rock,True,9150,,,,2024.0,4,8,12
Person,Yvonne Powell,,,,,9151,,Yvonne,,,1,0,1
Person,Gang Qiao,,,,,9152,,,,,1,0,1
Person,Alexa Brown,,,,,9153,,,,,1,0,1
Person,Fang Wei,,,,,9154,,,,,1,0,1
Person,Brian Anderson,,,,,9155,,,,,1,0,1
Person,Qiang Zhang,,,,,9156,,,,,2,0,2
Person,Ping Liao,,,,,9157,,,,,1,0,1
Song,The Timing is Now,True,2013,Oceanus Folk,True,9158,2013,,,2013.0,4,9,13
Person,Stella Fusani,,,,,9159,,Stella,,,1,0,1
Person,Daria Ceravolo,,,,,9160,,,,,1,0,1
Song,Whispers on Platform Seven,True,2007,Americana,True,9161,,,,2007.0,1,5,6
Person,Gioele Monte,,,,,9162,,,,,3,0,3
Person,Ciro Campano,,,,,9163,,,,,1,0,1
Person,Greco Guarato,,,,,9164,,,,,1,0,1
Song,Tracks of Forgotten Journeys,True,2028,Synthwave,True,9165,,,,2028.0,11,9,20
Person,Xia Zhou,,,,,9166,,,,,2,0,2
Person,Chao Yan,,,,,9167,,,,,1,0,1
Person,Xiulan Dong,,,,,9168,,,,,1,0,1
Person,Wei Xue,,,,,9169,,,,,1,0,1
Person,Ming Li,,,,,9170,,,,,1,0,1
Person,Xiuying Song,,,,,9171,,,,,1,0,1
RecordLabel,Moonlit Echo,,,,,9172,,,,,0,1,1
Album,Waiting Room Memories,,2026,Indie Rock,True,9173,,,,2026.0,5,4,9
Person,Edward Kirby,,,,,9174,,,,,1,0,1
Song,The Last Train's Farewell,True,2028,Indie Folk,True,9175,,,,2028.0,4,7,11
Person,Pamela Roberts,,,,,9176,,,,,2,0,2
Person,Rubén Medina-Casas,,,,,9177,,,,,3,0,3
Person,Bianca Sagnelli-Onio,,,,,9178,,,,,4,0,4
Person,Fernanda Guarneri,,,,,9179,,,,,4,0,4
Person,Jun Okada,,,,,9180,,,,,1,0,1
Person,Armida Luque Mascaró,,,,,9181,,,,,1,0,1
RecordLabel,Sovereign Sound Collective,,,,,9182,,,,,0,3,3
Song,Pathways of Memory,False,2010,Dream Pop,True,9183,2010,,,2010.0,3,4,7
Person,Jason Owen,,,,,9184,,Abyssal Lullaby,,,1,0,1
Person,Robert Stevenson,,,,,9185,,,,,2,0,2
Song,Landscape Echoes,True,2011,Oceanus Folk,True,9186,,,,2011.0,1,8,9
Person,Luciano Chindamo,,,,,9187,,,,,1,0,1
Song,Footprints in Watercolor,True,2026,Space Rock,True,9188,2026,,,2026.0,3,3,6
Person,Giulietta Parini,,,,,9189,,,,,2,0,2
Person,Alan Castro,,,,,9190,,,,,1,0,1
Album,Trails Beyond Horizons,,2017,Indie Folk,True,9191,,,,2017.0,3,13,16
Person,Alfio Greggio,,,,,9192,, Bliss,,,1,0,1
Person,Bruno Silvestri,,,,,9193,,,,,1,0,1
Person,Giuliana Costanzi,,,,,9194,,,,,5,0,5
Person,Gilberto Cainero,,,,,9195,,,,,1,0,1
Person,Raffaello Tarchetti,,,,,9196,,,,,1,0,1
Person,Vincentio Galiazzo,,,,,9197,,,,,3,0,3
Person,Eva Squarcione,,,,,9198,,,,,1,0,1
Person,Maura Chiappetta,,,,,9199,,,,,6,0,6
Song,Bubbly Wobble,True,2027,Indie Folk,True,9200,2027,,,2027.0,6,11,17
Person,Nadine Eberhardt,,,,,9201,,,,,2,0,2
Person,Selma Flantz,,,,,9202,,,,,4,0,4
Person,Bogdan Gehringer,,,,,9203,,,,,3,0,3
Song,Spin Cycle Serenade,True,2028,Desert Rock,True,9204,,,,2028.0,8,7,15
Song,Carbonated Vertigo,True,2013,Desert Rock,True,9205,,,2013,2013.0,1,4,5
Person,Chao Huang,,,,,9206,,,,,1,0,1
Person,Lei Duan,,,,,9207,,,,,1,0,1
Person,Li Tang,,,,,9208,,,,,1,0,1
Album,An jeden einzelnen,,2013,Synthwave,True,9209,,,,2013.0,2,6,8
Person,Jing Jin,,,,,9210,,,,,6,0,6
Person,Jie Cheng,,,,,9211,,,,,2,0,2
Person,Li Deng,,,,,9212,,,,,3,0,3
Person,Ming Jia,,,,,9213,,,,,5,0,5
Song,Unsere gemeinsame Stimme,True,2028,Desert Rock,True,9214,,,,2028.0,5,8,13
Person,Fang Zheng,,,,,9215,,,,,1,0,1
Person,Ping Kang,,,,,9216,,,,,1,0,1
Person,Jun Yang,,,,,9217,,,,,1,0,1
RecordLabel,Hemiolic Sounds,,,,,9218,,,,,0,2,2
Song,Verbunden in Hoffnung,True,2029,Americana,True,9219,,,,2029.0,2,7,9
Person,Qiang Huang,,,,,9220,,,,,2,0,2
Person,Ming Guo,,,,,9221,,,,,1,0,1
Person,Chao Wu,,,,,9222,,,,,1,0,1
Song,Für uns alle zusammen,True,2017,Alternative Rock,True,9223,2017,,,2017.0,2,7,9
Person,Joseph Ponce,,,,,9224,, THA PROPHET,,,1,0,1
Person,Herbert Mcfarland,,,,,9225,,,,,1,0,1
Person,Rachel Montes,,,,,9226,,,,,1,0,1
Person,Caitlin Miller,,,,,9227,,,,,1,0,1
Person,Rebecca Wise,,,,,9228,,,,,1,0,1
RecordLabel,Espumoso Tracks,,,,,9229,,,,,0,1,1
Song,Echoes of the Maritime Realm,True,2018,Dream Pop,True,9230,2018,,,2018.0,6,14,20
Person,Brett Brown,,,,,9231,,,,,4,0,4
Song,Tides of Empire's Melody,False,2020,Synthpop,True,9232,,,,2020.0,2,6,8
Person,Pamela Elliott,,,,,9233,,,,,1,0,1
Person,Kelli Mckinney,,,,,9234,,,,,1,0,1
Person,Bryan Garcia,,,,,9235,,,,,2,0,2
Song,Saltwater Symphonies,True,1992,Southern Gothic Rock,True,9236,,,,1992.0,3,9,12
Song,Nautical Whispers of the North Sea,True,2005,Jazz Surf Rock,True,9237,,,,2005.0,4,8,12
Person,Jing Xie,,,,,9238,,,,,1,0,1
Song,Horizon's Aftermath,True,2030,Alternative Rock,True,9239,,,,2030.0,9,2,11
Song,Echoes of Survival,True,2026,Alternative Rock,True,9240,,,,2026.0,2,3,5
Person,Charvi Taneja,,,,,9241,, Prism Knight,,,1,0,1
Person,Reyansh Bir,,,,,9242,,,,,2,0,2
Person,Zain Datta,,,,,9243,,,,,1,0,1
RecordLabel,Verdant Vault,,,,,9244,,,,,0,4,4
Song,When the Silence Settles,True,2023,Doom Metal,True,9245,2023,,,2023.0,5,9,14
Person,Matthew Chapman,,,,,9246,,,,,1,0,1
Person,Vicki Morgan,,,,,9247,,,,,1,0,1
Person,Juan Hou,,,,,9248,,,,,1,0,1
Song,Twilight of Resilience,True,2013,Indie Folk,True,9249,,,,2013.0,3,12,15
Person,Xiulan Zheng,,,,,9250,,,,,3,0,3
Person,Yan Duan,,,,,9251,,,,,2,0,2
Person,Jie Yin,,,,,9252,,,,,2,0,2
Person,Anthony Frost,,,,,9253,,,,,3,0,3
Person,Jing Lin,,,,,9254,,,,,1,0,1
Person,Lei Hu,,,,,9255,,,,,4,0,4
Song,Climbing Higher Ground,False,2027,Symphonic Metal,False,9256,,,,2027.0,2,6,8
Person,Chao Ye,,,,,9257,,,,,3,0,3
Person,Minoru Nakajima,,,,,9258,,,,,2,0,2
Song,Ascent of the Hopeful,True,2024,Dream Pop,True,9259,,,2024,2024.0,2,9,11
Person,Courtney Bennett,,,,,9260,,,,,2,0,2
RecordLabel,Lombardone Soundscape,,,,,9261,,,,,0,1,1
Album,Vertical Horizon,,2017,Doom Metal,True,9262,,,,2017.0,2,7,9
Person,Gabriel Seip,,,,,9263,,,,,2,0,2
Person,Mattias Pohl,,,,,9264,,,,,1,0,1
Person,Florence Hermighausen,,,,,9265,,,,,1,0,1
Person,Paul Baum,,,,,9266,,,,,1,0,1
Song,Stepping Towards the Light,False,2022,Dream Pop,True,9267,2022,,,2022.0,5,8,13
Person,Jie Dong,,,,,9268,,,,,1,0,1
Song,Radiant Laughter,True,2011,Psychedelic Rock,True,9269,,,,2011.0,2,11,13
Person,Carol Simpson,,,,,9270,,,,,1,0,1
Person,Terri Reynolds,,,,,9271,,,,,1,0,1
Person,Angela Thomas,,,,,9272,,,,,1,0,1
Person,Laura Gordon,,,,,9273,,,,,1,0,1
Person,Cassidy Hubbard,,,,,9274,,,,,1,0,1
Person,Donna Hanson,,,,,9275,,,,,1,0,1
Person,James Aguilar,,,,,9276,,,,,1,0,1
Person,Heather Cabrera,,,,,9277,,,,,1,0,1
Person,Angela Villa,,,,,9278,,,,,1,0,1
Person,Katherine Johnston,,,,,9279,,,,,1,0,1
Song,Sunbeam Symphony,True,2017,Alternative Rock,True,9280,,,,2017.0,3,3,6
Person,Heino Ladeck,,,,,9281,,,,,5,0,5
Person,Asuka Fukuda,,,,,9282,,,,,2,0,2
RecordLabel,Osaka Harmony,,,,,9283,,,,,0,4,4
Song,Echoes of Elation,True,2010,Blues Rock,True,9284,,,,2010.0,4,2,6
Song,Unbridled Bliss,True,2017,Dream Pop,True,9285,,,,2017.0,3,5,8
Person,Amber Watson,,,,,9286,,,,,3,0,3
Person,Alex Thomas,,,,,9287,,,,,3,0,3
Person,Anthony Ortega,,,,,9288,,,,,4,0,4
RecordLabel,Uproar Collective,,,,,9289,,,,,0,1,1
Song,Granite Whispers,False,2018,Alternative Rock,True,9290,,,,2018.0,2,7,9
Person,Jun Duan,,,,,9291,,,,,1,0,1
Person,Jie Mao,,,,,9292,,,,,1,0,1
Person,Ming Du,,,,,9293,,,,,2,0,2
Song,Summit's Solitude,False,2009,Alternative Rock,True,9294,,,,2009.0,5,7,12
Song,Peaks of Memory,True,2019,Jazz Surf Rock,True,9295,,,,2019.0,3,4,7
Person,Alf Bähr,,,,,9296,,,,,1,0,1
Person,Hans-Jörg Lehmann,,,,,9297,,,,,2,0,2
Person,Edith Schaaf,,,,,9298,,,,,1,0,1
Song,Stone Breath,True,2003,Emo/Pop Punk,True,9299,,,,2003.0,4,3,7
Album,Whispers of the Savanna,,2024,Jazz Surf Rock,True,9300,,,2024,2024.0,3,10,13
Song,Echoes from the Grasslands,True,2025,Symphonic Metal,True,9301,,,,2025.0,6,8,14
Person,Xia Li,,,,,9302,,,,,3,0,3
Person,Joanne Fowler,,,,,9303,,,,,1,0,1
Person,Yan Xiang,,,,,9304,,,,,1,0,1
Song,Tribal Rhythms of the Wind,True,2004,Doom Metal,True,9305,2004,,,2004.0,2,10,12
Person,Theodore Shaw,,,,,9306,,,,,2,0,2
Person,Cristina Williams,,,,,9307,,,,,2,0,2
Song,Ancestral Melodies of the Plains,True,2022,Dream Pop,True,9308,,,,2022.0,6,19,25
Person,Guiying Hao,,,,,9309,,,,,1,0,1
Person,Xia Guo,,,,,9310,,,,,3,0,3
Person,Ping Hou,,,,,9311,,,,,1,0,1
Person,Jie Ma,,,,,9312,,,,,1,0,1
Person,Gang Gao,,,,,9313,,,,,1,0,1
Person,Kelly Johnson,,,,,9314,,,,,1,0,1
Person,Gang Cui,,,,,9315,,,,,1,0,1
Person,Na Gu,,,,,9316,,,,,1,0,1
Person,Qiang Chang,,,,,9317,,,,,1,0,1
Person,Fang Qiao,,,,,9318,,,,,1,0,1
Person,Yong Lin,,,,,9319,,,,,1,0,1
Person,Yong Meng,,,,,9320,,,,,1,0,1
Person,Jie Xu,,,,,9321,,,,,1,0,1
Song,Wandering Spirit of Prague,False,2013,Oceanus Folk,True,9322,,,,2013.0,2,5,7
Person,Min Liao,,,,,9323,,,,,1,0,1
Person,Min Zou,,,,,9324,,,,,1,0,1
Person,Tao Qian,,,,,9325,,,,,2,0,2
Song,"Gypsy Heart, Restless Soul",True,1997,Indie Rock,True,9326,,,1997,1997.0,2,3,5
Person,Herr Heinz-Gerd Schleich,,,,,9327,,,,,1,0,1
Person,Gundel Klapp,,,,,9328,,,,,2,0,2
Person,Edward Kraushaar,,,,,9329,,,,,1,0,1
Song,Cobblestone Dreams,False,2007,Dream Pop,True,9330,,,,2007.0,2,5,7
Person,Jun Mo,,,,,9331,,,,,1,0,1
Person,Stacy Moore,,,,,9332,,,,,1,0,1
Person,Jing Lai,,,,,9333,,,,,2,0,2
Person,Ping Su,,,,,9334,,,,,2,0,2
Song,Scarves and Streetlight Shadows,False,2016,Indie Rock,True,9335,,,,2016.0,2,12,14
Person,Nichole Martinez,,,,,9336,,,,,2,0,2
Song,Rhythm of Her Steps,True,1997,Indie Folk,False,9337,,,,1997.0,3,9,12
Person,Michael Price,,,,,9338,,,,,2,0,2
Person,Mathew Chapman III,,,,,9339,,,,,4,0,4
Person,Margaret Brun,,,,,9340,,,,,1,0,1
Song,Dancing Silhouette,False,2017,Indie Folk,True,9341,,,2017,2017.0,3,5,8
Person,Li Han,,,,,9342,,,,,2,0,2
Person,Ming Yang,,,,,9343,,,,,3,0,3
Person,Lei Gong,,,,,9344,,,,,2,0,2
Song,Midnight Movement,True,2023,Dream Pop,True,9345,,,,2023.0,4,7,11
Person,Larry Patel,,,,,9346,,,,,1,0,1
Person,Dave Miller,,,,,9347,,,,,1,0,1
Person,Arnav Saran,,,,,9348,,,,,1,0,1
Person,Donna Christensen,,,,,9349,,,,,1,0,1
Person,Madhup Banerjee,,,,,9350,,,,,2,0,2
Person,Anthony Bailey,,,,,9351,,,,,1,0,1
Song,Her Choreographed Soul,True,2023,Dream Pop,True,9352,,,,2023.0,3,8,11
Person,Cynthia Henson,,,,,9353,,,,,1,0,1
Person,Concetta Davids,,,,,9354,,,,,1,0,1
Person,Patrick Simon,,,,,9355,,,,,2,0,2
Person,Diana White,,,,,9356,,,,,1,0,1
Person,Gregory Rhodes,,,,,9357,,,,,1,0,1
Person,Diane Segebahn,,,,,9358,,,,,1,0,1
Person,William Brown,,,,,9359,,,,,1,0,1
Album,Lost Between Coordinates,,2023,Dream Pop,False,9360,,,,2023.0,3,15,18
Person,Sara Johnson,,,,,9361,, Electric Eden,,,1,0,1
Person,Daisy Rose,,,,,9362,,,,,2,0,2
Person,Stephanie Andersen,,,,,9363,,,,,1,0,1
Person,Tiffany Simmons,,,,,9364,,,,,1,0,1
Person,Mark West,,,,,9365,,,,,1,0,1
Person,Joann Cunningham,,,,,9366,,,,,2,0,2
Person,Karen Anderson,,,,,9367,,,,,5,0,5
Person,Tammy Chen,,,,,9368,,,,,4,0,4
Person,Amy Mack,,,,,9369,,,,,2,0,2
Person,James Jackson,,,,,9370,,,,,2,0,2
Song,Vanishing Point,True,2018,Avant-Garde Folk,True,9371,2018,,,2018.0,5,5,10
Song,Map of Emptiness,True,2029,Jazz Surf Rock,True,9372,,,2029,2029.0,3,5,8
Person,Shaan Jaggi,,,,,9373,, Mila Dawn,,,2,0,2
Person,Keya Kota,,,,,9374,,,,,3,0,3
Person,Biju Swamy,,,,,9375,,,,,2,0,2
Person,Elakshi Venkataraman,,,,,9376,,,,,2,0,2
RecordLabel,Seine City Music,,,,,9377,,,,,0,4,4
Song,The Space Between Landmarks,False,2024,Psychedelic Rock,True,9378,2024,,,2024.0,3,8,11
Person,Tao He,,,,,9379,,,,,1,0,1
Person,Jun Dai,,,,,9380,,,,,7,0,7
Person,Min Wu,,,,,9381,,,,,1,0,1
Song,Eternal Chairman's March,False,1984,Southern Gothic Rock,True,9382,,,,1984.0,1,7,8
Person,Scott Richmond,,,,,9383,,,,,5,0,5
Person,Paula Mercado,,,,,9384,,,,,5,0,5
Album,Juche Revolution Serenade,,2016,Americana,True,9385,,,,2016.0,1,6,7
Person,Ming Fan,,,,,9386,,,,,1,0,1
Song,Pyongyang's Immortal Son,True,2007,Dream Pop,True,9387,2007,,2007,2007.0,4,8,12
Song,Revolutionary Heartbeat of the Fatherland,True,1987,Doom Metal,True,9388,,,,1987.0,1,3,4
Song,Chalk Dust and Barracks,False,2027,Dream Pop,True,9389,,,,2027.0,3,11,14
Person,Xiuying Jiang,,,,,9390,,FROZT G,,,1,0,1
Person,Li Ren,,,,,9391,,,,,1,0,1
Person,Gang Yuan,,,,,9392,,,,,1,0,1
Person,Qiang Mao,,,,,9393,,,,,2,0,2
Person,Juan Song,,,,,9394,,,,,2,0,2
Person,Chao Cai,,,,,9395,,,,,1,0,1
Person,Monica Dean,,,,,9396,,,,,2,0,2
Song,Lessons Between Borders,True,2017,Synthwave,True,9397,,,,2017.0,3,9,12
Person,Xiuying Yuan,,,,,9398,,,,,1,0,1
Song,Whispers of a Classroom in Ruins,True,2010,Desert Rock,True,9399,2010,,,2010.0,2,9,11
Person,Evan Solis,,,,,9400,,,,,2,0,2
Person,Katelyn Chavez,,,,,9401,,,,,2,0,2
Person,Robert Williams,,,,,9402,,,,,2,0,2
Person,Jamie Walker,,,,,9403,,,,,1,0,1
Person,Ana Collins,,,,,9404,,,,,1,0,1
Person,Richard Rodriguez,,,,,9405,,,,,1,0,1
Song,Teaching After the Silence,True,2018,Darkwave,True,9406,,,,2018.0,2,6,8
Person,Jing Zou,,,,,9407,,,,,1,0,1
Person,Gang Zhang,,,,,9408,,,,,1,0,1
Person,Juan Shen,,,,,9409,,,,,1,0,1
RecordLabel,Tierra Sonora,,,,,9410,,,,,0,1,1
Song,Nordic Echoes of Liberty,False,2029,Indie Pop,True,9411,,,,2029.0,4,7,11
Song,Midnight in Stockholm: A Freedom Cry,True,2026,Alternative Rock,True,9412,2026,,,2026.0,4,6,10
Person,Joseph Smith,,,,,9413,,,,,1,0,1
Song,Whispers of the Blue and Yellow,True,2024,Doom Metal,True,9414,,,2024,2024.0,7,7,14
Person,Jie Zou,,,,,9415,,,,,2,0,2
Song,Heartbeat of a Scandinavian Dream,True,2020,Indie Folk,True,9416,,,,2020.0,1,8,9
Person,Fang Ding,,,,,9417,,,,,2,0,2
Person,Qiang Ding,,,,,9418,,,,,3,0,3
Person,Stacey Christensen,,,,,9419,,,,,1,0,1
Song,Echoes of the Violin's Solitude,True,2030,Americana,True,9420,,,2030,2030.0,3,9,12
Person,Kari Harvey,,,,,9421,,,,,1,0,1
Person,Dennis Bass,,,,,9422,,,,,1,0,1
Person,Xia Tan,,,,,9423,,,,,1,0,1
Person,Yan Jin,,,,,9424,,,,,1,0,1
Person,Juan Yu,,,,,9425,,,,,2,0,2
Person,Ping Xu,,,,,9426,,,,,3,0,3
RecordLabel,Nocturne Horizon,,,,,9427,,,,,0,4,4
Song,Sonata for Whispered Strings,True,2021,Lo-Fi Electronica,False,9428,,,,2021.0,2,2,4
Person,Qiang Meng,,,,,9429,,,,,1,0,1
Song,Nocturne of Intertwined Melodies,False,2026,Indie Rock,True,9430,,,,2026.0,2,7,9
Person,Katherine Gutierrez,,,,,9431,,,,,1,0,1
Person,Andrew Montes,,,,,9432,,,,,1,0,1
Person,Susan Briggs,,,,,9433,,,,,1,0,1
Person,Anthony Wheeler,,,,,9434,,,,,1,0,1
Person,Arthur Lewis,,,,,9435,,,,,2,0,2
Person,Michael Patton,,,,,9436,,,,,1,0,1
Song,Harmonic Whispers of the Keyboard,True,2017,Doom Metal,True,9437,,,,2017.0,2,5,7
Person,Gang Xiang,,,,,9438,,,,,1,0,1
Person,Na Duan,,,,,9439,,,,,1,0,1
Person,Wei Mao,,,,,9440,,,,,1,0,1
Album,Precision in Minor,,2030,Indie Rock,False,9441,,,,2030.0,4,5,9
Person,Michel Fournier-Robert,,,,,9442,,,,,4,0,4
Person,Anne Lefebvre,,,,,9443,,,,,2,0,2
Person,Adrien Gérard,,,,,9444,,,,,4,0,4
RecordLabel,Circeo Sounds,,,,,9445,,,,,0,2,2
Song,Classical Fragments,True,2027,Desert Rock,True,9446,,,,2027.0,7,4,11
Person,Jie Fang,,,,,9447,,,,,2,0,2
Person,Yan Qin,,,,,9448,,,,,1,0,1
Song,Echoes of Vienna,True,1997,Darkwave,True,9449,,,,1997.0,4,3,7
Person,Maciej Siejak,,,,,9450,,,,,7,0,7
Album,Winds of the Northern Plain,,2013,Synthwave,True,9451,2013,,,2013.0,3,3,6
Person,Fang Feng,,,,,9452,,,,,1,0,1
Person,Xia Deng,,,,,9453,,,,,2,0,2
Album,Hannover's Heartbeat,,1997,Indie Rock,True,9454,,,,1997.0,2,7,9
Person,Kylie Clarke,,,,,9455,,,,,2,0,2
Person,Ashley Patton,,,,,9456,,,,,3,0,3
Person,Jessica Holmes,,,,,9457,,,,,2,0,2
Song,Storks and Meadows,True,2027,Post-Apocalyptic Folk,True,9458,,,,2027.0,5,5,10
Person,Chirag Bahri,,,,,9459,,,,,1,0,1
Person,Raunak Rana,,,,,9460,,,,,1,0,1
Person,Dhanush Baria,,,,,9461,,,,,2,0,2
Person,Manikya Toor,,,,,9462,,,,,1,0,1
Song,Echoes of the Green Landscape,True,2026,Southern Gothic Rock,True,9463,,,,2026.0,4,4,8
Person,Xia Gu,,,,,9464,,,,,2,0,2
Song,Lace Up and Rise,False,2020,Synthwave,True,9465,2020,,2033,2020.0,3,9,12
Person,Heidi Bradley,,,,,9466,,,,,1,0,1
Person,Chad Booker,,,,,9467,,,,,4,0,4
Person,Erin Welch,,,,,9468,,,,,3,0,3
Person,Jeremy Rodriguez,,,,,9469,,,,,1,0,1
Person,Kari Dillon,,,,,9470,,,,,1,0,1
Person,Gabriel Nash,,,,,9471,,,,,3,0,3
Song,Stepping into Motion,False,2026,Emo/Pop Punk,True,9472,,,,2026.0,2,3,5
Album,Footwear Revolution,,2010,Emo/Pop Punk,True,9473,2010,,,2010.0,2,5,7
Song,Tread Defiant,False,2026,Dream Pop,True,9474,2026,,2026,2026.0,6,5,11
Person,Min Luo,,,,,9475,,,,,1,0,1
Person,Jing Zou,,,,,9476,,,,,1,0,1
Person,Jing Dong,,,,,9477,,,,,1,0,1
Person,Min Lei,,,,,9478,,,,,1,0,1
Song,The March of a Thousand Boots,True,2017,Dream Pop,True,9479,2017,,,2017.0,7,8,15
Person,Shalv Sarin,,,,,9480,,,,,1,0,1
Person,Shray Ranganathan,,,,,9481,,,,,1,0,1
RecordLabel,Fjordtone,,,,,9482,,,,,0,2,2
Album,Waterloo's Whispers,,2017,Doom Metal,True,9483,,,,2017.0,3,12,15
Person,Chao Han,,,,,9484,,,,,1,0,1
Person,Jie Lai,,,,,9485,,,,,2,0,2
Person,Ping Jia,,,,,9486,,,,,1,0,1
Person,Ming Hao,,,,,9487,,,,,2,0,2
Song,Imperial Shadows,True,2012,Synthwave,True,9488,,,,2012.0,3,11,14
Song,Echoes of the Grande Armée,True,2029,Indie Folk,True,9489,2029,,,2029.0,5,8,13
Person,Guiying Zhang,,,,,9490,,,,,2,0,2
Person,Yang Luo,,,,,9491,,,,,2,0,2
Person,Jeremy Hahn,,,,,9492,,,,,1,0,1
Song,Heroes of Honor,True,2029,Oceanus Folk,True,9493,,,,2029.0,7,7,14
Person,Jie Bai,,,,,9494,,O.G. SPECTA,,,1,0,1
Person,Chao Qiu,,,,,9495,,,,,1,0,1
Person,Yan Huang,,,,,9496,,,,,1,0,1
Person,Chao Kang,,,,,9497,,,,,2,0,2
Person,Joseph Cole,,,,,9498,,,,,1,0,1
Person,Rachel Ford,,,,,9499,,,,,1,0,1
Song,Courage Unbroken,False,2022,Dream Pop,True,9500,2022,,,2022.0,1,4,5
Person,Stephen Thompson,,,,,9501,,Eclipse Etude,,,2,0,2
Person,Kristen Porter,,,,,9502,,,,,1,0,1
Song,Echoes of Valor,True,2023,Southern Gothic Rock,True,9503,,,2023,2023.0,3,4,7
Person,Antonio Morse,,,,,9504,,,,,1,0,1
Song,Legacy of Sacrifice,True,2025,Dream Pop,True,9505,2025,,,2025.0,2,10,12
Person,Xiuying Shi,,,,,9506,,,,,1,0,1
Person,Fang Zhu,,,,,9507,,,,,2,0,2
Person,Ping Qin,,,,,9508,,,,,6,0,6
Person,Ping Hao,,,,,9509,,,,,8,0,8
Person,Fang Yin,,,,,9510,,,,,6,0,6
Song,Circuitry of Pulse,True,2010,Dream Pop,True,9511,,,,2010.0,2,9,11
Person,Ricky Franklin,,,,,9512,,,,,1,0,1
Song,Synthetic Heartbeat,True,2004,Dream Pop,True,9513,2004,,,2004.0,2,4,6
Person,Yang Long,,,,,9514,,,,,1,0,1
Person,Yang Cheng,,,,,9515,,,,,2,0,2
Song,Neural Network Blues,False,2019,Psychedelic Rock,True,9516,,,,2019.0,2,11,13
Person,Yan Wan,,,,,9517,, KR¥PTIC,,,1,0,1
Person,Ping Liu,,,,,9518,,,,,1,0,1
Person,Lei Luo,,,,,9519,,,,,1,0,1
Person,Li Ren,,,,,9520,,,,,1,0,1
Person,Qiang Tan,,,,,9521,,,,,1,0,1
Person,Jun Zhou,,,,,9522,,,,,1,0,1
Person,Guiying Meng,,,,,9523,,,,,2,0,2
Song,Electromagnetic Soul,True,2006,Dream Pop,True,9524,,,,2006.0,2,13,15
Person,Onkar Chacko,,,,,9525,,,,,1,0,1
Song,Prismatic Improvisations,False,2001,Synthwave,True,9526,,,,2001.0,3,9,12
Person,Paul Lewis,,,,,9527,,,,,2,0,2
Song,Kaleidoscope Cadence,True,2020,Psychedelic Rock,True,9528,,,,2020.0,1,5,6
Person,Kelly Sweeney,,,,,9529,,,,,1,0,1
Person,Brianna Logan,,,,,9530,,,,,1,0,1
Person,John Gray,,,,,9531,,,,,2,0,2
Person,Dawn Gross,,,,,9532,,,,,2,0,2
RecordLabel,Jevany Sound,,,,,9533,,,,,0,4,4
Album,Luminous Permutations,,2018,Lo-Fi Electronica,False,9534,,,,2018.0,4,3,7
Song,Radiant Refractions,True,1996,Indie Rock,True,9535,,,,1996.0,3,4,7
Person,Bernardo Josep Mayol Manjón,,,,,9536,,,,,1,0,1
Person,Flora Karz,,,,,9537,,,,,3,0,3
Song,Embrace of the Honored Visitor,True,2029,Indie Rock,True,9538,,,,2029.0,3,4,7
Person,Neelofar Balan,,,,,9539,,,,,2,0,2
Person,Samiha Aurora,,,,,9540,,,,,1,0,1
RecordLabel,Kingdom Sound Recordings,,,,,9541,,,,,0,2,2
Album,Threshold of Warm Welcomes,,2022,Synthwave,True,9542,,,,2022.0,2,7,9
Person,Marcin Bernatek,,,,,9543,,,,,1,0,1
Person,Radosław Duszkiewicz,,,,,9544,,,,,2,0,2
Song,Arrival of the Cherished Stranger,True,2020,Dream Pop,True,9545,2020,,,2020.0,5,6,11
Person,Gabriel Rosales,,,,,9546,,,,,1,0,1
Song,Hearth and Hospitality,True,2020,Dream Pop,True,9547,,,,2020.0,2,7,9
Person,Gloria Gutknecht,,,,,9548,,,,,1,0,1
Song,Right Path Ahead,True,2023,Dream Pop,False,9549,,,,2023.0,2,4,6
Person,Kristen Lucero,,,,,9550,,,,,1,0,1
Person,William Torres,,,,,9551,,,,,1,0,1
Album,No Turning Back,,2022,Dream Pop,True,9552,,,,2022.0,3,5,8
Person,Miranda Robinson,,,,,9553,, Danny Rhodes,,,1,0,1
Person,Jose Martin,,,,,9554,,,,,2,0,2
Person,Philip George,,,,,9555,,,,,1,0,1
Person,Jennifer Diaz,,,,,9556,,,,,1,0,1
Song,Unbreakable Journey,True,2020,Dream Pop,True,9557,,,2020,2020.0,5,5,10
Person,Larry Walters,,,,,9558,,,,,2,0,2
Song,Perfectly Aligned,True,2004,Jazz Surf Rock,True,9559,2004,,,2004.0,2,11,13
Person,Valerie Levine,,,,,9560,,,,,1,0,1
Person,Birger Gutknecht,,,,,9561,,,,,2,0,2
Person,Holm Segebahn,,,,,9562,,,,,1,0,1
Person,Robby Schmiedecke,,,,,9563,,,,,1,0,1
Song,Tears of a Broken King,True,2029,Dream Pop,True,9564,2029,,,2029.0,5,3,8
Person,Jacob Bryant,,,,,9565,,,,,1,0,1
Song,Supplication's Last Breath,True,2004,Synthwave,True,9566,,,,2004.0,2,5,7
Person,Annette Collins,,,,,9567,,,,,2,0,2
Song,Shadows of Troy's Twilight,True,2013,Lo-Fi Electronica,True,9568,2013,,,2013.0,4,4,8
Person,Timothy Kelly,,,,,9569,,,,,1,0,1
Song,Ransom for a Son's Body,True,2011,Synthwave,True,9570,,,,2011.0,3,3,6
Song,Echoes of the Sámi Horizon,True,2023,Oceanus Folk,True,9571,,,,2023.0,3,5,8
Person,Yang Qian,,,,,9572,, FVTAL,,,1,0,1
Person,Juan Deng,,,,,9573,,,,,1,0,1
Person,Jun Ye,,,,,9574,,,,,2,0,2
Person,Jing Xiao,,,,,9575,,,,,1,0,1
Song,Arctic Heartbeat,True,2023,Doom Metal,True,9576,,,,2023.0,2,4,6
Person,Birger Klemt,,,,,9577,,,,,2,0,2
Person,Sheri Calhoun,,,,,9578,,,,,1,0,1
Album,Tundra Whispers,,2017,Space Rock,True,9579,,,2017,2017.0,4,6,10
Person,Ana Sager,,,,,9580,,Chromatic Drift,,,1,0,1
Person,Godofredo Franch Sanabria,,,,,9581,,,,,1,0,1
Person,Alicia Koch,,,,,9582,,,,,1,0,1
Person,Roswita Weinhold,,,,,9583,,,,,1,0,1
RecordLabel,Laye Harmonics,,,,,9584,,,,,0,2,2
RecordLabel,Villafranca Vinyl,,,,,9585,,,,,0,1,1
Album,Reindeer Breath Melody,,2013,Indie Pop,True,9586,2013,,,2013.0,7,7,14
Song,Dawn's First Whisper,True,2028,Space Rock,True,9587,2028,,,2028.0,5,12,17
Person,Robert Brown,,,,,9588,,,,,1,0,1
Person,Fang Chang,,,,,9589,,,,,1,0,1
Person,Li Jiang,,,,,9590,,,,,2,0,2
Person,Fang Gao,,,,,9591,,,,,1,0,1
Person,Tao Jiang,,,,,9592,,,,,1,0,1
Person,Chao Zheng,,,,,9593,,,,,6,0,6
Person,Min Qin,,,,,9594,,,,,1,0,1
Person,Jie Su,,,,,9595,,,,,5,0,5
Person,Yang Hou,,,,,9596,,,,,1,0,1
Album,Celestial Embrace,,2020,Indie Folk,True,9597,,,,2020.0,2,5,7
Person,Adriana Trobbiani,,,,,9598,,,,,1,0,1
Person,Scott Villa,,,,,9599,,,,,1,0,1
Person,Maria Priuli,,,,,9600,,,,,1,0,1
Person,Melissa Garcia,,,,,9601,,,,,2,0,2
Song,Light Before Sunrise,True,2013,Oceanus Folk,True,9602,2013,,,2013.0,2,5,7
Person,Chiyo Suzuki,,,,,9603,,,,,1,0,1
Person,Tomoya Nakamura,,,,,9604,,,,,2,0,2
Person,Kaori Watanabe,,,,,9605,,,,,1,0,1
RecordLabel,Solari Sounds,,,,,9606,,,,,0,2,2
RecordLabel,KFP Sonic,,,,,9607,,,,,0,2,2
Song,The Lover's Horizon,True,2030,Dream Pop,True,9608,2030,,,2030.0,3,8,11
Person,Jing Shi,,,,,9609,,,,,1,0,1
Person,Jie Yan,,,,,9610,,,,,1,0,1
Person,Robert Santiago,,,,,9611,,,,,1,0,1
Person,Na Fang,,,,,9612,,,,,1,0,1
Person,Cristian Gross,,,,,9613,,,,,1,0,1
Person,Ping Wan,,,,,9614,,,,,1,0,1
Person,Yan Gao,,,,,9615,,,,,2,0,2
Song,Vinyl Memories in Dust,True,2004,Americana,False,9616,2004,,,2004.0,3,6,9
Person,Molly Whitaker,,,,,9617,, Static Dream,,,2,0,2
Album,The Crackle of Yesteryear,,1997,Doom Metal,True,9618,,,1997,1997.0,2,5,7
Person,Shelby Kelly,,,,,9619,,,,,3,0,3
Person,John Sanchez,,,,,9620,,,,,2,0,2
RecordLabel,Vlakte | Horizon,,,,,9621,,,,,0,5,5
Song,Spinning Stories from Wax,False,2022,Dream Pop,True,9622,2022,,,2022.0,3,5,8
Person,Eileen Wiley,,,,,9623,,,,,1,0,1
Person,Jordan Lawrence,,,,,9624,,,,,1,0,1
Person,Candice Torres,,,,,9625,,,,,3,0,3
Person,Judy Elliott,,,,,9626,,,,,1,0,1
Person,Kimberly Lopez,,,,,9627,,,,,1,0,1
Song,Needle's Nostalgic Dance,False,2029,Desert Rock,True,9628,,,,2029.0,3,3,6
Person,Min Meng,,,,,9629,,,,,2,0,2
Song,Whispers of Annabel,True,2017,Synthwave,True,9630,,,,2017.0,3,6,9
Song,Fading Echoes of Annabel,True,2029,Desert Rock,True,9631,,,,2029.0,8,6,14
Person,Allison Curtis,,,,,9632,,,,,2,0,2
Person,Bryan Smith,,,,,9633,,,,,5,0,5
Person,Kevin Ross,,,,,9634,,,,,1,0,1
Person,Ronald Kennedy,,,,,9635,,,,,5,0,5
RecordLabel,Huipil Records,,,,,9636,,,,,0,1,1
Song,Annabel's Lament,True,2019,Dream Pop,True,9637,,,,2019.0,2,5,7
Person,Lei Peng,,,,,9638,,,,,2,0,2
Person,Patrick Banks,,,,,9639,,,,,1,0,1
RecordLabel,Knäpp Sound,,,,,9640,,,,,0,1,1
Song,Shadows of a Forgotten Annabel,True,2012,Alternative Rock,True,9641,,,,2012.0,2,6,8
Person,Jessica Harvey,,,,,9642,,,,,4,0,4
Person,Timothy Bray,,,,,9643,,,,,4,0,4
Song,Brisk Passage in B Major,True,2023,Symphonic Metal,True,9644,2023,,,2023.0,3,2,5
Person,Christopher Glover,,,,,9645,,,,,2,0,2
RecordLabel,International Saigne,,,,,9646,,,,,0,1,1
Song,Vivace: Bright Horizons,True,2006,Southern Gothic Rock,True,9647,,,,2006.0,5,6,11
Person,Gunther Hendriks,,,,,9648,,,,,3,0,3
Song,Rhythmic Ascent in B,True,2020,Synthwave,True,9649,,,,2020.0,2,3,5
Album,Spirited Cadence [B-Key],,2005,Speed Metal,True,9650,,,2005,2005.0,1,5,6
Song,In The Chamber of My Heart,True,2007,Indie Folk,True,9651,,,2007,2007.0,1,6,7
Person,Michael Jacobson,,,,,9652,,,,,1,0,1
Person,Nancy Dunlap,,,,,9653,,,,,1,0,1
Person,Shannon White,,,,,9654,,,,,2,0,2
Song,Echoes Within,True,2029,Oceanus Folk,True,9655,2029,,,2029.0,4,6,10
Person,Jennifer Harris,,,,,9656,,,,,1,0,1
Album,Sanctuary of Emotions,,2013,Indie Folk,True,9657,2013,,,2013.0,3,14,17
Person,Katherine Francis,,,,,9658,,,,,1,0,1
Song,The Inner Landscape,False,2006,Synthwave,True,9659,,,,2006.0,2,8,10
Person,Federico Offredi,,,,,9660,,,,,2,0,2
Person,Lorenzo Orengo,,,,,9661,,,,,1,0,1
Album,Lessons from Her Hands,,2028,Synthwave,True,9662,,,2028,2028.0,6,5,11
Person,Sara Roman,,,,,9663,,Zenara,,,1,0,1
Person,Zachary Rojas,,,,,9664,,,,,1,0,1
Person,Jeremy Martinez,,,,,9665,,,,,2,0,2
Song,The Professor of My Heart,False,2017,Americana,True,9666,2017,,,2017.0,2,5,7
Person,Yong Huang,,,,,9667,,,,,2,0,2
Person,Xia Hu,,,,,9668,,,,,1,0,1
Song,Wisdom in Her Whispers,False,2026,Synthwave,True,9669,,,2026,2026.0,2,2,4
Person,Jie Lin,,,,,9670,,,,,1,0,1
Person,Guiying Mao,,,,,9671,,,,,1,0,1
Song,"My First Teacher, My Mother",True,2032,Indie Folk,True,9672,2032,,,2032.0,2,7,9
Person,Min Shen,,,,,9673,,,,,1,0,1
Person,Li Jiang,,,,,9674,,,,,1,0,1
Person,Xia Tang,,,,,9675,,,,,2,0,2
Person,Timothy Hall,,,,,9676,,,,,1,0,1
Album,Emerald Horizons,,1993,Indie Pop,True,9677,1993,,,1993.0,3,6,9
Person,Taro Sakamoto,,,,,9678,,Owen Hart,,,2,0,2
Person,Rei Sato,,,,,9679,,,,,1,0,1
Person,Robert Ryan,,,,,9680,,,,,1,0,1
Album,Whispers of Gaia,,2017,Indie Folk,True,9681,2017,,,2017.0,2,8,10
Person,Min Shi,,,,,9682,,,,,1,0,1
Song,Terra's Tender Breath,True,2023,Jazz Surf Rock,True,9683,,,,2023.0,3,5,8
Person,Tao Jia,,,,,9684,,,,,1,0,1
Song,Earthsong Eternal,False,2013,Oceanus Folk,True,9685,2013,,,2013.0,3,10,13
Person,Pauline Guyot de la Maillet,,,,,9686,,,,,1,0,1
Person,Charles du Perez,,,,,9687,,,,,2,0,2
Person,Adrien Weiss,,,,,9688,,,,,1,0,1
Song,No Retreat,True,2027,Dream Pop,True,9689,2021,,,2027.0,3,3,6
Song,Forward Motion,True,2019,Blues Rock,True,9690,,,,2019.0,1,4,5
Person,Brenda Dunn,,,,,9691,,,,,2,0,2
Person,Ivana Din,,,,,9692,,,,,2,0,2
Song,Unturning,False,2029,Indie Folk,True,9693,,,,2029.0,3,8,11
Person,Minoru Ikeda,,,,,9694,,,,,1,0,1
Person,Hanako Suzuki,,,,,9695,,,,,1,0,1
Song,Resolute Path,True,2020,Synthwave,True,9696,2020,,2020,2020.0,7,9,16
Person,Na Zhang,,,,,9697,,,,,1,0,1
Person,Jie Cui,,,,,9698,,,,,2,0,2
Person,Ming Chen,,,,,9699,,,,,3,0,3
Person,Jaime Watkins,,,,,9700,,,,,1,0,1
Person,Maria Shea,,,,,9701,,,,,2,0,2
Song,Echoes in My Mind,True,2013,Synthwave,True,9702,2007,,,2013.0,1,7,8
Person,Na Wen,,,,,9703,,,,,2,0,2
Person,Xiulan Liang,,,,,9704,,,,,3,0,3
Song,Silent Whispers,True,2017,Indie Pop,True,9705,2017,,2017,2017.0,4,4,8
Song,Unwritten Monologues,True,2020,Psychedelic Rock,True,9706,2020,,,2020.0,2,4,6
Person,Jason Underwood,,,,,9707,,,,,2,0,2
Person,Brett Whitehead,,,,,9708,,,,,1,0,1
Song,Fragments of Consciousness,False,2014,Oceanus Folk,True,9709,2014,,,2014.0,2,12,14
Person,Feliciano Pizarro Moll,,,,,9710,,,,,2,0,2
Person,Alphons Donati-Pederiva,,,,,9711,,,,,3,0,3
Person,Augusto Villaverde Armengol,,,,,9712,,,,,2,0,2
Song,Battlefield Lament,True,2020,Synthwave,True,9713,,,,2020.0,1,6,7
Person,Milica Textor-Sorgatz,,,,,9714,,,,,1,0,1
Person,Oliver Henschel,,,,,9715,,,,,2,0,2
Song,Echoes of Trenches,True,1991,Americana,True,9716,,,,1991.0,1,14,15
Person,Jennifer Jackson,,,,,9717,,,,,1,0,1
Person,Nancy Pierce,,,,,9718,,,,,2,0,2
Album,Soldiers' Requiem,,2017,Speed Metal,True,9719,2017,,,2017.0,5,6,11
Person,Brianna Hopkins,,,,,9720,,,,,2,0,2
Person,Hector Davis,,,,,9721,,,,,3,0,3
Person,Amy Alexander,,,,,9722,,,,,1,0,1
Song,Silence Between Gunfire,True,2000,Psychedelic Rock,True,9723,2000,,,2000.0,2,8,10
Person,Xiuying Wei,,,,,9724,,,,,1,0,1
Person,Gang Yuan,,,,,9725,,,,,1,0,1
Person,Wei Lin,,,,,9726,,,,,2,0,2
Person,Lei Long,,,,,9727,,,,,2,0,2
Person,Christina Smith,,,,,9728,,,,,1,0,1
Song,Spectral Tide,True,2010,Synthwave,True,9729,,,,2010.0,2,8,10
Person,Min Zheng,,,,,9730,,,,,1,0,1
Person,Tao Tang,,,,,9731,,,,,1,0,1
Person,Guiying Yuan,,,,,9732,,,,,1,0,1
Person,Ping Meng,,,,,9733,,,,,2,0,2
Person,Wei Huang,,,,,9734,,,,,3,0,3
Song,Echoes from the Phantom Shore,True,2028,Space Rock,True,9735,,,,2028.0,4,4,8
Person,Hans-Willi Henschel,,,,,9736,,,,,1,0,1
Album,Whispers of the Underworld Helm,,2020,Avant-Garde Folk,True,9737,,,,2020.0,2,3,5
Person,Jing Pan,,,,,9738,,,,,5,0,5
Song,Wraith's Maritime Lament,True,2025,Oceanus Folk,True,9739,,,,2025.0,2,5,7
Person,Jun Zou,,,,,9740,,,,,2,0,2
Person,Juan Cheng,,,,,9741,,,,,1,0,1
Person,Qiang Mo,,,,,9742,,,,,1,0,1
Person,Yan Wang,,,,,9743,,,,,1,0,1
RecordLabel,Prism Vault,,,,,9744,,,,,0,1,1
Song,Echoes in an Empty Room,True,2023,Indie Rock,True,9745,2023,,,2023.0,2,4,6
Person,Loredana Bertolucci,,,,,9746,,,,,1,0,1
Person,Annetta Fanucci,,,,,9747,,,,,2,0,2
Person,Rolando Paruta,,,,,9748,,,,,1,0,1
Album,The Silence Between Heartbeats,,2021,Synthwave,True,9749,,,,2021.0,6,10,16
Person,Ping Cheng,,,,,9750,,,,,2,0,2
Person,Xiulan Yuan,,,,,9751,,,,,2,0,2
Person,Chao Wei,,,,,9752,,,,,2,0,2
Person,Yan Gong,,,,,9753,,,,,3,0,3
Album,Uncharted Loneliness,,1998,Jazz Surf Rock,True,9754,,,,1998.0,3,13,16
Person,Gang Cui,,,,,9755,,,,,1,0,1
Song,Inner Luminescence,True,2013,Indie Folk,True,9756,,,,2013.0,2,5,7
Person,Wei Ye,,,,,9757,,,,,1,0,1
Person,Ming Meng,,,,,9758,,,,,2,0,2
Song,Radiant Spirit,True,2029,Synthwave,True,9759,2029,,,2029.0,5,15,20
Person,Jie Qiao,,,,,9760,,,,,1,0,1
Person,Dawn Nelson,,,,,9761,,,,,2,0,2
Person,Yang Zou,,,,,9762,,,,,1,0,1
Person,Christopher Nelson,,,,,9763,,,,,1,0,1
Person,Juan Xiong,,,,,9764,,,,,4,0,4
Person,Wei Liao,,,,,9765,,,,,2,0,2
Album,Celestial Glow,,2017,Doom Metal,True,9766,2017,,,2017.0,3,8,11
Person,Giovanni Sauer,,,,,9767,,,,,2,0,2
Person,Adalbert Adolph,,,,,9768,,,,,3,0,3
RecordLabel,Swiss Purple Sound,,,,,9769,,,,,0,5,5
Album,Ethereal Beacon,,2013,Doom Metal,True,9770,2013,,,2013.0,1,7,8
Person,Kristen Parks,,,,,9771,,,,,5,0,5
Song,Whispers of the Wooden Wind,True,1997,Indie Pop,True,9772,,,,1997.0,2,13,15
Person,Ida Kenig,,,,,9773,,,,,2,0,2
Album,Chromatic Breath: A Recorderist's Lament,,1994,Avant-Garde Folk,True,9774,1994,,,1994.0,1,4,5
Person,Mark Schmidt,,,,,9775,,,,,1,0,1
Person,Leslie Page,,,,,9776,,,,,2,0,2
Song,Melancholy in Miniature,False,2002,Darkwave,True,9777,2002,,,2002.0,2,6,8
Person,Margaret Woods,,,,,9778,,,,,1,0,1
Person,Katie Johnston,,,,,9779,,,,,2,0,2
Album,The Plaintive Pipe's Journey,,2029,Dream Pop,True,9780,2029,,2029,2029.0,3,10,13
Person,Ryan Rodriguez,,,,,9781,,,,,1,0,1
Person,Karen Munoz,,,,,9782,,,,,1,0,1
Person,Ping Ma,,,,,9783,,,,,1,0,1
Person,Guiying Wu,,,,,9784,,,,,1,0,1
Person,Qiang Pan,,,,,9785,,,,,1,0,1
Person,Ping Cai,,,,,9786,,,,,2,0,2
RecordLabel,Timber Ridge Sounds,,,,,9787,,,,,0,2,2
Song,Illusion Parade,True,2027,Synthwave,True,9788,,,,2027.0,4,5,9
Person,Pierre David,,,,,9789,,,,,1,0,1
Person,Philippine du Pottier,,,,,9790,,,,,2,0,2
Person,Charlotte Marchand,,,,,9791,,,,,2,0,2
Song,The Great Deception,True,2021,Desert Rock,True,9792,,,,2021.0,2,5,7
Person,Jie Long,,,,,9793,,,,,1,0,1
Person,Min Fu,,,,,9794,,,,,2,0,2
Song,Sleight of Hand,True,2027,Indie Folk,True,9795,,,,2027.0,5,4,9
Person,Jing Wei,,,,,9796,,,,,1,0,1
Song,Sliding Doors,True,2023,Doom Metal,True,9797,,,,2023.0,1,8,9
Album,Parallel Maybe,,2017,Doom Metal,True,9798,,,2017,2017.0,2,3,5
Person,Robert Bass,,,,,9799,,,,,2,0,2
Person,Gabrielle Brady,,,,,9800,,,,,1,0,1
RecordLabel,Sonic Frontier,,,,,9801,,,,,0,1,1
Song,Hypothetical Heart,True,2023,Alternative Rock,True,9802,2017,,,2023.0,3,4,7
Song,Crossroads of Chance,True,2007,Doom Metal,True,9803,,,,2007.0,2,7,9
Person,Tao Hu,,,,,9804,,,,,1,0,1
Person,Bradley Mendez,,,,,9805,,,,,2,0,2
Person,Li Xiong,,,,,9806,,,,,1,0,1
Song,White Picket Prison,False,2017,Lo-Fi Electronica,True,9807,2017,,,2017.0,9,7,16
Song,Lawn Mower Lament,True,2018,Indie Rock,True,9808,2018,,2018,2018.0,4,5,9
Person,Guiying Kang,,,,,9809,,,,,4,0,4
Song,Cul-de-Sac Confessions,True,2020,Americana,True,9810,,,,2020.0,2,10,12
Person,Micheal Mcguire,,,,,9811,,,,,2,0,2
Person,Yong Shen,,,,,9812,,,,,1,0,1
Person,Ming Mao,,,,,9813,,,,,1,0,1
Person,Tao Shen,,,,,9814,,,,,1,0,1
Album,Identical Windows,,1997,Indie Folk,True,9815,,,1997,1997.0,1,10,11
Person,Klara Kuźnia,,,,,9816,,,,,1,0,1
Album,Gudomlig Vandring (Divine Journey),,1992,Southern Gothic Rock,True,9817,,,,1992.0,2,8,10
Album,Ljusets Ankomst (Arrival of Light),,2023,Doom Metal,True,9818,,,,2023.0,3,6,9
Person,Min Shi,,,,,9819,,,,,2,0,2
Person,Jessica Schroeder,,,,,9820,,,,,1,0,1
Person,Na Jia,,,,,9821,,,,,1,0,1
Person,Qiang Han,,,,,9822,,,,,3,0,3
Song,Nådens Steg (Steps of Grace),True,2010,Dream Pop,True,9823,,,,2010.0,2,3,5
Person,Frau Oxana Jüttner,,,,,9824,,,,,1,0,1
Person,Harro Gerlach,,,,,9825,,,,,1,0,1
Person,Friedrich Eberhardt,,,,,9826,,,,,1,0,1
Song,Evighetens Sång (Song of Eternity),False,2022,Southern Gothic Rock,True,9827,,,,2022.0,2,4,6
Person,Allison Harris,,,,,9828,,,,,1,0,1
Album,The Shrewd Whisper,,2020,Indie Folk,True,9829,,,,2020.0,6,9,15
Person,Micheal Collins,,,,,9830,,,,,2,0,2
Song,Wisdom's Edge,True,2025,Space Rock,True,9831,2025,,,2025.0,3,4,7
Person,Herminia Vazquez-Sainz,,,,,9832,,,,,2,0,2
Person,Itziar Mata Marqués,,,,,9833,,,,,1,0,1
Song,Street-Smart Serenade,False,2029,Indie Rock,True,9834,,,,2029.0,6,6,12
Person,Yan Lu,,,,,9835,,,,,1,0,1
Person,Yan Lai,,,,,9836,,,,,2,0,2
Person,Guiying Wei,,,,,9837,,,,,2,0,2
Person,Juan Ye,,,,,9838,,,,,1,0,1
RecordLabel,Savor Sound,,,,,9839,,,,,0,1,1
Song,"Cunning Hearts, Clever Hands",False,2007,Blues Rock,True,9840,2007,,,2007.0,3,4,7
Person,Kazuya Maeda,,,,,9841,,,,,1,0,1
Person,Hanako Yamaguchi,,,,,9842,,,,,1,0,1
Person,Miki Watanabe,,,,,9843,,,,,1,0,1
Song,Cavalry of the Revolution,True,2014,Alternative Rock,True,9844,,,,2014.0,2,4,6
Person,Ming Dai,,,,,9845,,,,,1,0,1
Person,Gang Mao,,,,,9846,,,,,2,0,2
Person,Juan Long,,,,,9847,,,,,1,0,1
Song,Partisan's Lament,True,2030,Indie Pop,True,9848,,,,2030.0,4,3,7
Song,Fields of Red and Steel,True,2029,Indie Folk,True,9849,2029,,,2029.0,3,3,6
Person,Umang Bala,,,,,9850,,,,,2,0,2
Person,Samarth Saraf,,,,,9851,,,,,1,0,1
RecordLabel,Nocturne Archives,,,,,9852,,,,,0,1,1
RecordLabel,Harmony Project,,,,,9853,,,,,0,1,1
Album,The Ballad of Nikolai Shchors,,2010,Indie Folk,True,9854,2004,,,2010.0,1,6,7
Song,Deadlock,True,2017,Indie Folk,True,9855,,,,2017.0,2,7,9
Person,Kunigunda Losekann,,,,,9856,,,,,2,0,2
Person,Isidor Hethur,,,,,9857,,,,,1,0,1
Person,Annelise Heidrich,,,,,9858,,,,,1,0,1
Person,Darko Kambs,,,,,9859,,,,,1,0,1
Person,Rolf Pölitz,,,,,9860,,,,,1,0,1
Song,Stalemate,True,2026,Desert Rock,True,9861,2026,,,2026.0,6,7,13
Person,Ronald Johnson,,,,,9862,,,,,1,0,1
Person,Qiang Gao,,,,,9863,,,,,2,0,2
Person,Ping Qian,,,,,9864,,,,,1,0,1
Person,Ping Guo,,,,,9865,,,,,2,0,2
Person,Ping Wan,,,,,9866,,,,,3,0,3
RecordLabel,Subterranean Stratum Records,,,,,9867,,,,,0,2,2
Album,No Way Forward,,2024,Dream Pop,True,9868,,,,2024.0,1,6,7
Person,Sharon Mcclain,,,,,9869,,,,,1,0,1
Person,William Alexander,,,,,9870,,,,,2,0,2
Album,Crossroads of Silence,,2012,Dream Pop,True,9871,,,,2012.0,7,7,14
Person,Jordan Collins,,,,,9872,,,,,2,0,2
Album,Kader'in İpi (The Thread of Fate),,2020,Indie Folk,True,9873,2020,,,2020.0,4,3,7
Person,Scott Kemp,,,,,9874,,,,,2,0,2
Album,Yolun Kararı (The Road's Decision),,2007,Dream Pop,True,9875,,,,2007.0,4,3,7
Person,Kristýna Horváthová,,,,,9876,,,,,12,0,12
Song,Zamansız Tercihler (Timeless Choices),False,2015,Dream Pop,True,9877,,,,2015.0,2,9,11
Person,Mariusz Burzec,,,,,9878,,Evan Royce,,,2,0,2
Person,Wei He,,,,,9879,,,,,1,0,1
Person,Chao Jia,,,,,9880,,,,,1,0,1
Person,Fang Yi,,,,,9881,,,,,2,0,2
RecordLabel,Horizon Collective,,,,,9882,,,,,0,1,1
Song,Akışın Sesi (The Voice of Flow),True,2017,Doom Metal,True,9883,,,,2017.0,1,7,8
Song,Golden Hour Reverie,True,2009,Psychedelic Rock,True,9884,,,,2009.0,2,55,57
Person,Gabriela Campos,,,,,9885,,,,,1,0,1
Person,Noah Wilson,,,,,9886,,,,,1,0,1
Person,Christina Blair,,,,,9887,,,,,1,0,1
Person,Tyler Brown,,,,,9888,,,,,2,0,2
Person,Adam Sanders,,,,,9889,,,,,1,0,1
Song,Lazy Light Cascade,True,2008,Blues Rock,True,9890,2008,,2008,2008.0,2,5,7
Person,Jeffrey Ward,,,,,9891,,,,,1,0,1
RecordLabel,Ink Collective Sound Studios,,,,,9892,,,,,0,1,1
Album,Warmth Between Shadows,,2027,Indie Folk,True,9893,,,,2027.0,6,4,10
Person,Tao Wei,,,,,9894,,,,,1,0,1
Song,Sunbeam Stillness,True,1989,Synthwave,True,9895,,,,1989.0,3,6,9
Person,Rika Shimizu,,,,,9896,,,,,1,0,1
Album,Waves and Whispers,,2020,Dream Pop,False,9897,,,,2020.0,2,4,6
Person,Ming Wang,,,,,9898,,,,,3,0,3
Album,Nautical Invitation,,2013,Desert Rock,True,9899,,,,2013.0,3,7,10
Person,Xiuying Mo,,,,,9900,,Veritas,,,2,0,2
Person,Yan Xue,,,,,9901,,,,,1,0,1
Song,Sail Away with Me,True,1991,Indie Pop,True,9902,,,,1991.0,2,8,10
Song,Floating Free,True,2021,Dream Pop,True,9903,2021,,,2021.0,2,4,6
Person,Aurora Calarco,,,,,9904,,,,,1,0,1
Song,Farewell's Gentle Whisper,True,2029,Dream Pop,False,9905,2029,,,2029.0,2,7,9
Person,Xiuying Du,,,,,9906,,The Phantom Manifest,,,1,0,1
Person,Xiuying Lin,,,,,9907,,,,,1,0,1
Person,Matthew Salazar,,,,,9908,,,,,2,0,2
Song,Wreath of Parting Memories,True,2013,Doom Metal,True,9909,2013,,,2013.0,2,4,6
Person,Xiulan Zou,,,,,9910,,,,,1,0,1
Person,Jun Yu,,,,,9911,,,,,1,0,1
Song,Silent Eulogy at Your Feet,True,2026,Oceanus Folk,True,9912,,,,2026.0,3,6,9
Person,Regina Davis,,,,,9913,,Q. DYNAMIK,,,1,0,1
Person,Jie Wan,,,,,9914,,,,,2,0,2
Person,Na Wen,,,,,9915,,,,,4,0,4
Song,Echoes of a Final Embrace,False,2018,Indie Rock,True,9916,2018,,,2018.0,3,6,9
Person,Kimberly Keller,,,,,9917,,,,,2,0,2
Song,Lykkens Tårer (Tears of Happiness),False,2018,Psychedelic Rock,True,9918,2018,,,2018.0,2,7,9
Song,Smilets Demring (Dawn of a Smile),True,2023,Synthwave,True,9919,,,,2023.0,3,4,7
Person,Jie Cao,,,,,9920,,,,,1,0,1
Person,Jun He,,,,,9921,,,,,1,0,1
Song,Hjertets Soloppgang (Sunrise of the Heart),True,1994,Oceanus Folk,True,9922,,,,1994.0,1,5,6
Person,Teresa Rivera,,,,,9923,,,,,1,0,1
Person,Whitney Humphrey,,,,,9924,,,,,1,0,1
Person,Deborah Davis,,,,,9925,,,,,1,0,1
Person,Amanda Ramos,,,,,9926,,,,,1,0,1
RecordLabel,Prism Sound Studios,,,,,9927,,,,,0,2,2
Song,Gledens Stillegte Sang (The Silent Song of Joy),True,2017,Americana,True,9928,2010,,,2017.0,2,6,8
Person,Umang Uppal,,,,,9929,,,,,1,0,1
Person,Zara Choudhury,,,,,9930,,,,,2,0,2
Person,Shayak Chakraborty,,,,,9931,,,,,2,0,2
RecordLabel,Alpine Crescent Records,,,,,9932,,,,,0,2,2
Song,Bandages and Broken Prayers,True,2023,Indie Folk,True,9933,,,,2023.0,2,8,10
Person,Diane Brooks,,,,,9934,,,,,1,0,1
Person,David Mayo,,,,,9935,,,,,1,0,1
Person,Jennifer Norris,,,,,9936,,,,,2,0,2
Person,Kimberly Buchanan,,,,,9937,,,,,1,0,1
Person,Carmen Higgins,,,,,9938,,,,,1,0,1
Person,Fang Liu,,,,,9939,,,,,1,0,1
Song,Nightingale of the Trenches,True,2028,Space Rock,True,9940,,,2028,2028.0,6,7,13
Person,Juan Wen,,,,,9941,,,,,2,0,2
Song,Blood and Marseille Mud,True,2017,Synthwave,True,9942,2017,,2017,2017.0,2,6,8
Person,Kimberly Ross,,,,,9943,,,,,2,0,2
Person,Yan Xiong,,,,,9944,,,,,2,0,2
Person,John Hernandez,,,,,9945,,,,,3,0,3
Person,Min Liu,,,,,9946,,,,,1,0,1
Album,Letters Home from No Man's Land,,2011,Alternative Rock,True,9947,,,,2011.0,1,4,5
Song,Whispers Between Violins,True,2020,Desert Rock,True,9948,2020,,,2020.0,1,5,6
Person,Na Deng,,,,,9949,,,,,1,0,1
Person,Jun Feng,,,,,9950,,,,,1,0,1
Song,Quartet of Quiet Moments,True,2010,Doom Metal,True,9951,2010,,,2010.0,2,10,12
Person,Craig Ortega,,,,,9952,,,,,1,0,1
Person,Cheryl Suarez,,,,,9953,,,,,2,0,2
Person,Sandy Ray,,,,,9954,,,,,1,0,1
Person,Sharon Sanchez,,,,,9955,,,,,1,0,1
Person,Jing Cui,,,,,9956,,,,,1,0,1
Album,Chamber Echoes in Twilight,,2019,Southern Gothic Rock,True,9957,,,,2019.0,3,1,4
Song,Fragments of Unspoken Harmony,True,2004,Indie Rock,True,9958,2004,,2004,2004.0,4,4,8
Person,Wei Ma,,,,,9959,,,,,1,0,1
Person,Li Cui,,,,,9960,,,,,2,0,2
RecordLabel,Langreo Legends,,,,,9961,,,,,0,1,1
Album,Seeds of the Future,,2010,Doom Metal,True,9962,,,,2010.0,2,6,8
Person,Alyssa Thompson,,,,,9963,,,,,1,0,1
Person,Yong Su,,,,,9964,,,,,1,0,1
Person,Juan Qiu,,,,,9965,,,,,2,0,2
Song,Generations Unborn,True,2020,Indie Folk,True,9966,2020,,,2020.0,6,13,19
Song,Inheritance of Hope,True,2028,Jazz Surf Rock,True,9967,2028,,,2028.0,5,8,13
Person,Jing Kong,,,,,9968,,,,,1,0,1
Person,Jun Jia,,,,,9969,,,,,1,0,1
Person,Juan Liu,,,,,9970,,,,,2,0,2
Person,Li Deng,,,,,9971,,,,,1,0,1
Person,Mark Martinez,,,,,9972,,,,,2,0,2
Person,Cathrin Bruder,,,,,9973,,,,,1,0,1
Song,Architects of What's Next,True,2026,Darkwave,True,9974,2026,,,2026.0,3,8,11
Person,Silva Speer,,,,,9975,,,,,2,0,2
Song,Echoes of a Forgotten Consciousness,True,2023,Dream Pop,True,9976,,,,2023.0,2,6,8
Person,Tonya May,,,,,9977,, Nova Black,,,2,0,2
Person,Andrew Garcia,,,,,9978,,HUNNIT BANDZ,,,1,0,1
Person,Steven Weaver,,,,,9979,,,,,2,0,2
Person,Michael Barry,,,,,9980,,,,,1,0,1
RecordLabel,Cascada Sonora,,,,,9981,,,,,0,1,1
Song,Liminal Whispers,True,2023,Doom Metal,True,9982,,,,2023.0,3,12,15
Person,Pamela Rollins,,,,,9983,,,,,1,0,1
Person,Katherine Bradley,,,,,9984,,,,,1,0,1
Person,Danny Hill,,,,,9985,,,,,1,0,1
Person,Sean Peck,,,,,9986,,,,,1,0,1
Person,Rose Dean,,,,,9987,,,,,2,0,2
Person,Mathew Schultz,,,,,9988,,,,,1,0,1
Person,James Jackson,,,,,9989,,,,,1,0,1
Person,Gregory Williams,,,,,9990,,,,,4,0,4
Person,Timothy Schmidt,,,,,9991,,,,,3,0,3
Song,Shadows in Suspended Animation,True,2029,Dream Pop,True,9992,,,,2029.0,4,7,11
Person,Wei Shi,,,,,9993,,,,,1,0,1
Person,Juan Song,,,,,9994,,,,,4,0,4
Song,Ethereal Afterthoughts,True,2018,Dream Pop,True,9995,,,,2018.0,3,21,24
Song,Whispers at Grandmother's Stone,True,2007,Jazz Surf Rock,True,9996,2007,,,2007.0,1,4,5
Person,Yan Su,,,,,9997,,,,,1,0,1
Person,Guiying Zheng,,,,,9998,,,,,2,0,2
Song,Lessons from the Winter Graveyard,True,2017,Indie Folk,True,9999,,,,2017.0,3,7,10
Person,Julie Thompson,,,,,10000,,,,,2,0,2
Person,Laura Lee,,,,,10001,,,,,3,0,3
Song,Echoes of January's Remembrance,True,2013,Jazz Surf Rock,True,10002,,,2013,2013.0,3,5,8
Person,Tao Qian,,,,,10003,,,,,2,0,2
Song,Prayers Between Generations,True,2026,Symphonic Metal,True,10004,,,,2026.0,2,6,8
Person,Chao Zhao,,,,,10005,,,,,2,0,2
Person,Yang Cai,,,,,10006,,,,,1,0,1
Person,Jie Han,,,,,10007,,,,,1,0,1
Song,The Vengeful Slumber,True,2027,Americana,True,10008,,,2027,2027.0,6,5,11
Person,Xiulan Shen,,,,,10009,,,,,2,0,2
Song,Nightmares of Retribution,True,2010,Synthwave,True,10010,,,,2010.0,1,9,10
Person,Lei Long,,,,,10011,,,,,1,0,1
Person,Jing Song,,,,,10012,,,,,1,0,1
Person,Juan Bai,,,,,10013,,,,,1,0,1
Person,Alexandra Obrien,,,,,10014,,,,,1,0,1
Person,Wei Yu,,,,,10015,,,,,1,0,1
Song,Dreamscape of Judgment,True,2023,Symphonic Metal,True,10016,,,,2023.0,1,9,10
Person,Ping Liao,,,,,10017,,,,,1,0,1
Person,Trevor Bass,,,,,10018,,,,,1,0,1
Person,Xiuying Du,,,,,10019,,,,,1,0,1
Person,Xia Yuan,,,,,10020,,,,,1,0,1
Person,Sandra Burke,,,,,10021,,,,,1,0,1
Person,Yan Li,,,,,10022,,,,,2,0,2
Song,Sleeping Vengeance,True,2026,Dream Pop,True,10023,,,,2026.0,5,11,16
Person,Yan Hao,,,,,10024,,,,,1,0,1
Person,Juan Xue,,,,,10025,,,,,1,0,1
Person,Jing Qian,,,,,10026,,,,,2,0,2
Person,Wei Tang,,,,,10027,,,,,1,0,1
Person,Yang Zhong,,,,,10028,,,,,1,0,1
Person,Tao Pan,,,,,10029,,,,,1,0,1
Person,Tao Xia,,,,,10030,,,,,2,0,2
Person,Li Luo,,,,,10031,,,,,2,0,2
Song,Patron Saint of Forgotten Lanes,True,2019,Synthwave,False,10032,,,,2019.0,2,4,6
Person,Yan Zhou,,,,,10033,,,,,1,0,1
Person,Min Jia,,,,,10034,,,,,1,0,1
Song,Whispers from the Ecclesiastical Shadows,True,2026,Post-Apocalyptic Folk,True,10035,,,,2026.0,6,11,17
Person,Xiulan Gong,,,,,10036,,,,,1,0,1
Person,Ping Liao,,,,,10037,,,,,1,0,1
Person,Chao Wang,,,,,10038,,,,,1,0,1
Person,Jun Fu,,,,,10039,,,,,1,0,1
Person,Jing Meng,,,,,10040,,,,,1,0,1
Person,Ming Cao,,,,,10041,,,,,1,0,1
Person,Gang Gao,,,,,10042,,,,,1,0,1
Song,Keirans' Crumbling Stained Glass,True,2026,Emo/Pop Punk,True,10043,,,2026,2026.0,2,2,4
Person,James Goodwin,,,,,10044,,,,,2,0,2
Album,Echoes of a Hallowed Namesake,,2018,Alternative Rock,True,10045,,,,2018.0,5,8,13
Album,Blonde Ambition,,2030,Dream Pop,True,10046,2030,,,2030.0,3,10,13
Person,Chao Xu,,,,,10047,,,,,1,0,1
Person,Min Peng,,,,,10048,,,,,1,0,1
Person,Jun Duan,,,,,10049,,,,,1,0,1
Person,Xiulan Gu,,,,,10050,,,,,1,0,1
Person,Ping Hao,,,,,10051,,,,,2,0,2
Person,Yong Lai,,,,,10052,,,,,1,0,1
Person,Qiang Shen,,,,,10053,,,,,2,0,2
Person,Juan Xie,,,,,10054,,,,,1,0,1
Album,"Lights, Camera, Heartbreak",,2023,Dream Pop,True,10055,,,,2023.0,2,10,12
Person,Tiziano Bianchi,,,,,10056,, Mona Rey,,,2,0,2
Person,Anthony Scott,,,,,10057,,,,,1,0,1
Person,Vincenza Tropea,,,,,10058,,,,,1,0,1
Person,Luigina Lattuada-Carfagna,,,,,10059,,,,,2,0,2
Person,Marina Giradello-Pellegrini,,,,,10060,,,,,1,0,1
Person,Matilda Gottardi,,,,,10061,,,,,1,0,1
RecordLabel,Lumina Sonic,,,,,10062,,,,,0,1,1
Song,Seven Year Itch (And I Can't Scratch),True,2024,Post-Apocalyptic Folk,True,10063,,,,2024.0,3,5,8
Person,Nicole Mccormick,,,,,10064,,,,,1,0,1
Person,Robert Cannon,,,,,10065,,,,,1,0,1
Person,Craig Gonzalez,,,,,10066,,,,,2,0,2
Song,Diamonds and Desperation,False,2023,Avant-Garde Folk,True,10067,,,,2023.0,3,2,5
Song,Whispers of Broken Moments,False,2010,Doom Metal,True,10068,,,2010,2010.0,2,6,8
Person,Rosmarie Losekann,,,,,10069,,,,,1,0,1
Person,Karla Säuberlich-Reichmann,,,,,10070,,,,,1,0,1
Song,Shadows of Unbearable Silence,False,2027,Dream Pop,True,10071,,,,2027.0,4,10,14
Person,Jérôme Blanchet,,,,,10072,,,,,2,0,2
Person,Maurice Lacroix,,,,,10073,,,,,1,0,1
Person,Renée Tanguy-Henry,,,,,10074,,,,,1,0,1
Song,Echoes of Unspoken Grief,True,2026,Darkwave,True,10075,2026,,2026,2026.0,1,9,10
Person,Ming He,,,,,10076,,,,,2,0,2
Person,Jun Ma,,,,,10077,,,,,1,0,1
Person,Tao Yu,,,,,10078,,,,,2,0,2
Person,Tao Xiang,,,,,10079,,,,,1,0,1
RecordLabel,Streamline Studios,,,,,10080,,,,,0,2,2
Song,Fragments of a Shattered Heart,True,2013,Doom Metal,True,10081,,,2030,2013.0,4,3,7
Person,Hortense Peron,,,,,10082,,,,,2,0,2
Person,Brandi Riley,,,,,10083,,,,,2,0,2
RecordLabel,Sanctuary Shelby,,,,,10084,,,,,0,1,1
Album,Whispers of Sacred Silence,,2021,Southern Gothic Rock,True,10085,2021,,,2021.0,11,4,15
Album,Stained Glass Prayers,,2010,Synthwave,True,10086,,,,2010.0,3,6,9
Person,Na Wen,,,,,10087,,,,,2,0,2
Album,Echoes from the Nave,,2007,Dream Pop,True,10088,2007,,,2007.0,3,5,8
Person,Kimaya Jaggi,,,,,10089,,,,,2,0,2
Song,Candlelight Confessions,True,1998,Southern Gothic Rock,True,10090,1998,,,1998.0,8,15,23
Song,Whispers of the Wild,True,2000,Indie Rock,True,10091,1994,,,2000.0,2,4,6
Person,Xavier Pierre,,,,,10092,,Xavier,,,2,0,2
Person,William de la Valentin,,,,,10093,,,,,1,0,1
Song,Earth's Melody,True,1994,Dream Pop,True,10094,,,,1994.0,3,4,7
Person,Fang Xiang,,,,,10095,,,,,1,0,1
Person,Qiang Gu,,,,,10096,,,,,2,0,2
Person,Ping Zhang,,,,,10097,,,,,1,0,1
Album,Symphonic Ecosystem,,2029,Darkwave,True,10098,,,,2029.0,6,5,11
Person,Catalina Borja Barbero,,,,,10099,,Davin Tate,,,1,0,1
Person,Graciana Sacristán Saura,,,,,10100,,,,,2,0,2
Person,Rosenda Reyes Salazar,,,,,10101,,,,,2,0,2
Song,Harmony in Green,True,2026,Americana,True,10102,,,,2026.0,2,5,7
Person,Yan Yao,,,,,10103,,,,,1,0,1
Person,Gang Xia,,,,,10104,,,,,2,0,2
Song,Boundless Threshold,True,2020,Oceanus Folk,True,10105,,,,2020.0,1,6,7
Person,Leif Bien,,,,,10106,,,,,1,0,1
Person,Margaretha Sager,,,,,10107,,,,,2,0,2
Person,Elsbeth Löwer,,,,,10108,,,,,1,0,1
Person,Alexej Klotz,,,,,10109,,,,,1,0,1
RecordLabel,Balgarska Beats,,,,,10110,,,,,0,1,1
Song,Passages of Light,True,2019,Darkwave,True,10111,,,,2019.0,4,19,23
Person,Lei Cheng,,,,,10112,,,,,1,0,1
Person,Jing Lai,,,,,10113,,,,,1,0,1
Song,The Open Entrance,False,1991,Indie Folk,True,10114,,,,1991.0,3,4,7
Person,Léon Lemaire,,,,,10115,,,,,1,0,1
Song,Gateway to Infinity,True,2020,Synthwave,True,10116,2020,,,2020.0,2,4,6
Person,David Hernandez,,,,,10117,,,,,3,0,3
Person,Miss Kathleen Price,,,,,10118,,,,,2,0,2
RecordLabel,Horizon Groove,,,,,10119,,,,,0,1,1
Song,Devour My Heart,True,2020,Avant-Garde Folk,True,10120,2020,,,2020.0,4,9,13
Song,Consume and Crave,True,2007,Lo-Fi Electronica,True,10121,2007,,,2007.0,3,10,13
Person,Wei Xia,,,,,10122,,,,,1,0,1
Person,Larry Mendez,,,,,10123,,,,,1,0,1
Song,Hunger for Your Love,False,2010,Indie Folk,True,10124,,,,2010.0,4,4,8
Person,Maaya Suzuki,,,,,10125,,,,,2,0,2
Person,Hiroshi Yamamoto,,,,,10126,,,,,1,0,1
Person,Chiyo Ota,,,,,10127,,,,,1,0,1
Song,Swallow Me Whole,True,2023,Desert Rock,True,10128,,,,2023.0,2,3,5
Person,Catherine Mcdonald,,,,,10129,,,,,1,0,1
Person,Linda Bailey,,,,,10130,,,,,1,0,1
Person,Rhonda Guerrero,,,,,10131,,,,,1,0,1
RecordLabel,Echo Collective Studios,,,,,10132,,,,,0,1,1
Album,Candles and Memories,,2010,Dream Pop,True,10133,2010,,2010,2010.0,4,4,8
Person,Kamila Bobko,,,,,10134,,,,,1,0,1
Song,Another Year Unfolding,False,2023,Jazz Surf Rock,True,10135,,,,2023.0,3,3,6
Person,Bianka Tabak,,,,,10136,,,,,1,0,1
Person,Olaf Dymarczyk,,,,,10137,,,,,1,0,1
Song,Wishes in the Moment,True,2026,Doom Metal,True,10138,2026,,,2026.0,3,2,5
Person,Melissa Warren,,,,,10139,,,,,3,0,3
Song,Circles Around the Sun,True,2026,Dream Pop,True,10140,,,,2026.0,5,5,10
Song,Melody in Melancholy,True,2008,Speed Metal,True,10141,,,,2008.0,1,5,6
Song,Harmony of Heartache,True,2029,Doom Metal,True,10142,,,,2029.0,12,3,15
Song,Blue Note Lullaby,True,2012,Synthwave,True,10143,,,,2012.0,1,8,9
Person,Chao Xue,,,,,10144,,,,,1,0,1
Person,Leah Dixon,,,,,10145,,,,,1,0,1
Person,Yong Zhu,,,,,10146,,,,,2,0,2
Person,Yan Li,,,,,10147,,,,,1,0,1
Person,Yan Cao,,,,,10148,,,,,1,0,1
Person,Gang Li,,,,,10149,,,,,3,0,3
Song,Chromatic Sorrow,False,1997,Alternative Rock,True,10150,,,,1997.0,2,4,6
Person,Emily Campos,,,,,10151,,,,,2,0,2
Person,Haley Lawson,,,,,10152,,,,,1,0,1
Song,Whispers of Green Twilight,False,2027,Psychedelic Rock,True,10153,,,,2027.0,3,6,9
Person,Lei Jiang,,,,,10154,,,,,1,0,1
Album,Emerald Canopy Sings,,2007,Dream Pop,True,10155,2007,,,2007.0,4,5,9
Song,Woodland's Soft Luminescence,False,2023,Indie Folk,True,10156,,,,2023.0,3,3,6
Person,Isaac Huet du Cousin,,,,,10157,,,,,1,0,1
Song,Branches Breathing Moonlight,True,2028,Southern Gothic Rock,True,10158,2028,,,2028.0,2,4,6
Album,Synaptic Cereal Spoon,,2026,Oceanus Folk,True,10159,,,,2026.0,3,10,13
Song,Morning's Hallucinogenic Feast,False,2028,Indie Folk,True,10160,,,,2028.0,4,6,10
Person,Guiying Dai,,,,,10161,,,,,1,0,1
Person,Tao Xu,,,,,10162,,,,,1,0,1
Person,Qiang Gong,,,,,10163,,,,,2,0,2
Person,Jing Gong,,,,,10164,,,,,1,0,1
Song,Lysergic Toast and Jam,True,2029,Synthwave,True,10165,,,,2029.0,3,4,7
Person,Li Qian,,,,,10166,,,,,1,0,1
Person,Min Kang,,,,,10167,,,,,2,0,2
Person,Fang Cai,,,,,10168,,,,,1,0,1
Song,Dreamscape Dining at Dawn,True,2023,Doom Metal,True,10169,,,,2023.0,3,6,9
Person,Tao Cai,,,,,10170,,,,,2,0,2
Person,Qiang Pan,,,,,10171,,,,,1,0,1
Person,Tao Shao,,,,,10172,,,,,1,0,1
Album,Echoes of Yesterday,,2026,Desert Rock,True,10173,,,,2026.0,7,5,12
Person,Yan Shi,,,,,10174,,,,,1,0,1
Song,The Cycle Never Breaks,True,2028,Doom Metal,True,10175,,,,2028.0,3,5,8
Person,Dana Medina,,,,,10176,,,,,1,0,1
Person,Min Fan,,,,,10177,,,,,1,0,1
Person,Ming Kang,,,,,10178,,,,,2,0,2
Album,Déjà Vu Nation,,2029,Jazz Surf Rock,True,10179,,,,2029.0,3,3,6
Person,Yang Yang,,,,,10180,,,,,2,0,2
Person,Guiying Shi,,,,,10181,,,,,1,0,1
RecordLabel,Auratic Rhythms,,,,,10182,,,,,0,1,1
Album,Rewind and Replay,,2020,Indie Folk,True,10183,,,,2020.0,2,4,6
Person,Curt Wieloch,,,,,10184,,,,,2,0,2
Song,Le Chemin des Mélodies,True,2026,Dream Pop,True,10185,,,,2026.0,5,10,15
Person,Amanda Peterson,,,,,10186,,,,,2,0,2
Person,Alexander Carr,,,,,10187,,,,,1,0,1
Person,Lisa Miller,,,,,10188,,,,,2,0,2
Person,Joseph Ho,,,,,10189,,,,,1,0,1
Person,Colleen Richards,,,,,10190,,,,,1,0,1
Person,Jie Lei,,,,,10191,,,,,1,0,1
Album,Carrefour Musical,,2019,Lo-Fi Electronica,True,10192,2019,,,2019.0,7,6,13
Person,Min Mo,,,,,10193,,,,,2,0,2
Song,Symphonie du Voyage,False,2023,Southern Gothic Rock,True,10194,,,,2023.0,3,4,7
Person,Natan Molka,,,,,10195,,,,,1,0,1
Person,Grzegorz Pacocha,,,,,10196,,,,,1,0,1
Song,Harmonies de la Route,True,2029,Doom Metal,True,10197,,,,2029.0,8,9,17
Song,Healing the Forgotten Kingdom,False,2020,Indie Folk,True,10198,2013,,,2020.0,2,5,7
Person,Patrick Herrera,,,,,10199,,,,,2,0,2
Person,Fenne Ferran,,,,,10200,,,,,1,0,1
Song,Prescriptions from the Borderlands,True,2023,Indie Folk,True,10201,2023,,,2023.0,3,11,14
Person,Xiuying Xu,,,,,10202,, Onyx Rose,,,1,0,1
Person,Yang Dong,,,,,10203,,,,,2,0,2
Person,Na Xiong,,,,,10204,,,,,1,0,1
Person,Juan Cui,,,,,10205,,,,,2,0,2
Song,The Midnight Diagnosis,True,2016,Indie Rock,True,10206,,,,2016.0,3,6,9
Person,Leoncio de Moliner,,,,,10207,, C.R. Frost,,,2,0,2
Person,Gabriel Barr,,,,,10208,,,,,2,0,2
Person,Matthew Gallagher,,,,,10209,,,,,2,0,2
Person,Michelle Smith,,,,,10210,,,,,2,0,2
Song,Remedies of the Ancient Realm,True,2021,Space Rock,True,10211,2021,,,2021.0,3,11,14
Person,Robert Jenkins,,,,,10212,,,,,3,0,3
Person,Richard Morton,,,,,10213,,,,,1,0,1
Person,Kari Williams,,,,,10214,,,,,1,0,1
Song,Whispers Across the Water,True,2026,Dream Pop,True,10215,2026,,,2026.0,8,1,9
Person,Gang Sun,,,,,10216,,,,,1,0,1
RecordLabel,Sacred Root Records,,,,,10217,,,,,0,1,1
Song,Highland Crossing,True,2013,Americana,True,10218,,,,2013.0,2,4,6
Person,Chao Zhong,,,,,10219,, Dawn,,,1,0,1
Person,Xiulan Yang,,,,,10220,,,,,1,0,1
Person,Yosuke Matsumoto,,,,,10221,,,,,1,0,1
Song,"River's Call, Charlie's Path",True,2020,Dream Pop,True,10222,2020,,,2020.0,4,8,12
Person,Lei Lu,,,,,10223,,,,,6,0,6
Person,Xia Song,,,,,10224,,,,,5,0,5
Person,Jie Wang,,,,,10225,,,,,1,0,1
Song,Echoes of the Distant Shore,True,1991,Indie Folk,True,10226,1991,,,1991.0,3,4,7
Person,Inès-Adèle Valette,,,,,10227,,,,,3,0,3
Person,Robert Renault,,,,,10228,,,,,2,0,2
Song,Melodier för Röst och Klavér,True,2017,Speed Metal,True,10229,,,,2017.0,4,3,7
Person,Charles Shaw,,,,,10230,,,,,2,0,2
Person,James Williams,,,,,10231,,,,,1,0,1
Song,Tonernas Samtal: En Barytons Bekännelse,True,1985,Indie Pop,True,10232,,,,1985.0,2,4,6
Person,Natasha Duncan,,,,,10233,,,,,1,0,1
Person,Jason Baker,,,,,10234,,,,,1,0,1
RecordLabel,Maritime Horizon,,,,,10235,,,,,0,1,1
Song,Stämmans Valzer: Intimt med Piano,True,2012,Alternative Rock,True,10236,,,,2012.0,2,6,8
Person,Heather Lutz,,,,,10237,,,,,5,0,5
Person,Erika Austin,,,,,10238,,,,,1,0,1
Person,Kimberly Nelson,,,,,10239,,,,,2,0,2
Album,Hjärtats Harmoni: En Sångares Berättelse,,2013,Southern Gothic Rock,True,10240,2013,,2013,2013.0,3,3,6
Song,Keyboard Whispers,True,2023,Indie Folk,True,10241,,,,2023.0,2,8,10
Person,Xiuying Kang,,,,,10242,,,,,1,0,1
Person,Ming Long,,,,,10243,,,,,1,0,1
Person,Gang Yi,,,,,10244,,,,,2,0,2
Person,Sue May,,,,,10245,,,,,1,0,1
Song,Intervals of Silence,True,2010,Doom Metal,True,10246,2004,,,2010.0,3,9,12
Song,Empty Spaces,True,2013,Southern Gothic Rock,True,10247,,,,2013.0,5,3,8
Person,Melissa Watson,,,,,10248,,,,,1,0,1
Song,Echoes of Absence,True,2004,Synthwave,True,10249,,,2004,2004.0,2,7,9
Person,Li Wu,,,,,10250,,,,,3,0,3
Person,Fang Mao,,,,,10251,,,,,6,0,6
Album,Hollow Heart,,2020,Indie Folk,True,10252,,,,2020.0,1,8,9
Person,Na Gu,,,,,10253,,,,,2,0,2
Person,Chao Cui,,,,,10254,,,,,1,0,1
Person,Na Bai,,,,,10255,,,,,1,0,1
Person,Lei Yin,,,,,10256,,,,,1,0,1
Person,Guiying Pan,,,,,10257,,,,,1,0,1
Album,Echoes of Gilead,,2023,Indie Folk,True,10258,2023,,2023,2023.0,4,9,13
Song,Transjordan Twilight,True,2028,Jazz Surf Rock,True,10259,2028,,,2028.0,4,9,13
Person,Brent Larsen,,,,,10260,,,,,1,0,1
Person,Min Cui,,,,,10261,,,,,2,0,2
Person,Mark Heath,,,,,10262,,,,,1,0,1
Person,Fang Pan,,,,,10263,,,,,2,0,2
Person,Ming Yi,,,,,10264,,,,,1,0,1
Person,Wei Pan,,,,,10265,,,,,1,0,1
Song,Rivers of Ancient Memory,True,2020,Indie Folk,True,10266,,,,2020.0,3,2,5
Person,Mary Mies,,,,,10267,,,,,1,0,1
Person,Janette Reuter,,,,,10268,,,,,1,0,1
RecordLabel,Gilt Resonance,,,,,10269,,,,,0,1,1
Song,Crossing the Promised Boundary,True,2026,Post-Apocalyptic Folk,True,10270,,,,2026.0,7,7,14
Person,Tao Xu,,,,,10271,,,,,1,0,1
Person,Xiulan Duan,,,,,10272,,,,,1,0,1
Person,Tao Li,,,,,10273,,,,,1,0,1
Person,Qiang Gu,,,,,10274,,,,,1,0,1
Album,Digital Dawn,,2017,Doom Metal,True,10275,2017,,,2017.0,3,5,8
Person,Yan Hou,,,,,10276,,,,,2,0,2
Person,Jie Dong,,,,,10277,,,,,1,0,1
Person,Chao Yan,,,,,10278,,,,,1,0,1
Song,Epochs of Progress,True,2027,Southern Gothic Rock,True,10279,,,,2027.0,6,4,10
Person,Szymon Pazik,,,,,10280,,,,,1,0,1
Song,Timelines Converge,False,2016,Synthwave,True,10281,2016,,,2016.0,2,25,27
Album,Future's Echo,,2017,Alternative Rock,True,10282,,,,2017.0,3,7,10
Song,Windmill's Whisper,True,2023,Indie Folk,True,10283,,,,2023.0,3,6,9
Person,Terry Nelson,,,,,10284,,,,,1,0,1
Person,Phillip Kane,,,,,10285,,,,,1,0,1
Person,Michael Perez,,,,,10286,,,,,1,0,1
Person,Benjamin Chen,,,,,10287,,,,,1,0,1
Person,Jeffrey Butler,,,,,10288,,,,,2,0,2
Song,Tulip's Lament,True,1989,Alternative Rock,True,10289,,,,1989.0,2,4,6
Album,Wooden Shoe Blues,,1997,Synthwave,True,10290,,,,1997.0,3,4,7
Person,Jun Tian,,,,,10291,,,,,1,0,1
Person,Juan Yin,,,,,10292,,,,,1,0,1
Person,Jun Kong,,,,,10293,,,,,2,0,2
Album,Canal Midnight,,2002,Emo/Pop Punk,True,10294,,,,2002.0,8,13,21
Song,Celluloid Waltz,True,2007,Synthwave,True,10295,,,,2007.0,2,5,7
Person,Xiuying Xia,,,,,10296,,,,,1,0,1
Person,Guiying Lei,,,,,10297,,,,,2,0,2
Person,Jing Kong,,,,,10298,,,,,1,0,1
Person,Xia Cai,,,,,10299,,,,,1,0,1
RecordLabel,Garenne Records,,,,,10300,,,,,0,1,1
Song,Silver Screen Soirée,True,2010,Symphonic Metal,True,10301,2010,,,2010.0,1,8,9
Person,Fabian Durys,,,,,10302,,,,,1,0,1
Person,Konrad Meissner,,,,,10303,,,,,4,0,4
Person,Ida Ryfa,,,,,10304,,,,,3,0,3
Person,Magdalene Fliegner,,,,,10305,,,,,1,0,1
Person,Natasza Dydo,,,,,10306,,,,,4,0,4
Person,Klara Parkitna,,,,,10307,,,,,2,0,2
RecordLabel,Solea Sounds,,,,,10308,,,,,0,2,2
Song,Flickering Flames of Romance,True,2022,Alternative Rock,True,10309,2022,,,2022.0,4,7,11
Song,Reels and Revelry,False,2020,Dream Pop,True,10310,,,,2020.0,3,3,6
Person,Siya Sahni,,,,,10311,,,,,4,0,4
Person,Ishita Bahri,,,,,10312,,,,,2,0,2
Song,Whispers of a Wandering Soul,True,2022,Dream Pop,True,10313,2022,,,2022.0,4,3,7
Person,Andree Tschentscher,,,,,10314,,,,,1,0,1
Person,Theres Roht,,,,,10315,,,,,1,0,1
Person,Tülay Tlustek,,,,,10316,,,,,1,0,1
RecordLabel,Aerial Soundwaves,,,,,10317,,,,,0,1,1
Song,Roadside Memories,True,2010,Oceanus Folk,True,10318,2010,,,2010.0,3,5,8
Song,Campfire Chronicles,True,2014,Psychedelic Rock,True,10319,2014,,2014,2014.0,2,19,21
Person,Mark Hellevoort-Verbruggen,,,,,10320,,,,,1,0,1
Person,Szymon Samol,,,,,10321,,,,,1,0,1
Person,Femke Mulder,,,,,10322,,,,,2,0,2
Person,Julie van der Noot,,,,,10323,,,,,1,0,1
Person,Mats Bökenkamp,,,,,10324,,,,,1,0,1
Person,Julie Schatteleijn-Haack,,,,,10325,,,,,2,0,2
Person,Sofie van der Hoeven,,,,,10326,,,,,1,0,1
Person,Jesper Heijmans,,,,,10327,,,,,1,0,1
Person,Femke van Dagsburg,,,,,10328,,,,,1,0,1
Person,Bibi Vos,,,,,10329,,,,,1,0,1
Person,Cato van Holland,,,,,10330,,,,,1,0,1
Person,Piotr Smoter,,,,,10331,,,,,1,0,1
RecordLabel,Guyonne Groove,,,,,10332,,,,,0,1,1
Album,Threads of Nomadic Heritage,,2030,Indie Rock,True,10333,,,,2030.0,3,3,6
Person,Ming Shao,,,,,10334,, Terra,,,1,0,1
Person,Na Qin,,,,,10335,,,,,2,0,2
RecordLabel,Duumvirate Records,,,,,10336,,,,,0,1,1
Song,Tinsel Harmonies,True,2007,Doom Metal,False,10337,,,,2007.0,4,4,8
Song,Frostbitten Symphony,True,2023,Dream Pop,True,10338,2023,,2023,2023.0,3,4,7
Person,Xia Xiao,,,,,10339,,,,,1,0,1
Person,Li Lu,,,,,10340,,,,,1,0,1
Person,Jun Yu,,,,,10341,,,,,1,0,1
Song,Carols of the Silent Night,True,2017,Dream Pop,True,10342,,,,2017.0,4,31,35
Person,Colleen Velazquez,,,,,10343,, The Raven,,,1,0,1
Person,Jeffrey Munoz PhD,,,,,10344,,,,,2,0,2
Person,Amber Bates,,,,,10345,,,,,1,0,1
Person,Thomas Salinas,,,,,10346,,,,,2,0,2
Person,Robert Garcia,,,,,10347,,,,,4,0,4
Person,Cody Patterson,,,,,10348,,,,,1,0,1
Person,Ryan Austin,,,,,10349,,,,,3,0,3
Album,Winterwind Refrain,,2013,Blues Rock,True,10350,,,,2013.0,5,5,10
Person,Rémy Jourdan,,,,,10351,,,,,1,0,1
Person,Brigitte Langlois,,,,,10352,,,,,1,0,1
RecordLabel,Alpine Echo Recordings,,,,,10353,,,,,0,1,1
Song,Mercy's Embrace,True,2018,Dream Pop,True,10354,,,2018,2018.0,7,12,19
Person,Ishaan Mahal,,,,,10355,,,,,1,0,1
Person,Yuvaan Chopra,,,,,10356,,,,,2,0,2
Person,Heer Balan,,,,,10357,,,,,1,0,1
Album,Redemption's Whisper,,2004,Doom Metal,True,10358,,,,2004.0,1,17,18
Person,Nicole Gonzalez,,,,,10359,,Electric Nocturne,,,2,0,2
Person,Angela Gonzalez,,,,,10360,,,,,1,0,1
Song,Unbroken Chains,True,2011,Post-Apocalyptic Folk,True,10361,2011,,,2011.0,1,14,15
Person,Ming Shi,,,,,10362,,,,,2,0,2
Person,Guiying Song,,,,,10363,,,,,3,0,3
Person,Jing Tian,,,,,10364,,,,,4,0,4
Person,Tao Hou,,,,,10365,,,,,2,0,2
Song,Saved by Light,True,2015,Emo/Pop Punk,True,10366,2015,,,2015.0,8,3,11
Song,Rhythm of Existence,True,2013,Synthwave,True,10367,2010,,,2013.0,4,8,12
Song,Spin and Survive,True,2028,Post-Apocalyptic Folk,True,10368,2028,,,2028.0,4,10,14
Person,Jesus Rivas,,,,,10369,,,,,1,0,1
Person,Jill Goodman,,,,,10370,,,,,1,0,1
Person,Marc Drake,,,,,10371,,,,,1,0,1
Person,Phillip Jones,,,,,10372,,,,,1,0,1
Person,Sharon Grant,,,,,10373,,,,,2,0,2
Person,Hannah Payne,,,,,10374,,,,,1,0,1
Person,Yong Hu,,,,,10375,,,,,2,0,2
Song,Choreography of Chaos,True,2029,Dream Pop,True,10376,2026,,,2029.0,2,4,6
Person,Przemysław Szałkiewicz,,,,,10377,,,,,2,0,2
Person,Roksana Kurzak,,,,,10378,,,,,1,0,1
Song,Steps Through Time,True,2005,Alternative Rock,True,10379,,,,2005.0,2,5,7
Person,Elizabeth Hill,,,,,10380,,,,,1,0,1
Person,Christie Woods,,,,,10381,,,,,1,0,1
Person,Jennifer Reese,,,,,10382,,,,,2,0,2
RecordLabel,Ipecac Rhythm,,,,,10383,,,,,0,1,1
RecordLabel,Goodwill Groove,,,,,10384,,,,,0,2,2
Song,Whispers of Innocence,True,2028,Space Rock,True,10385,,,,2028.0,6,5,11
Person,Ping Mao,,,,,10386,,,,,1,0,1
Person,Tao Yan,,,,,10387,,,,,2,0,2
Song,Chalk and Verses,True,1991,Doom Metal,True,10388,1991,,,1991.0,5,4,9
Person,Na Feng,,,,,10389,,,,,2,0,2
Song,Stanzas in the Schoolyard,True,2009,Southern Gothic Rock,True,10390,,,,2009.0,2,4,6
Person,Li Lei,,,,,10391,,,,,1,0,1
Album,Dreams Between the Lines,,2029,Psychedelic Rock,True,10392,2029,,2029,2029.0,3,6,9
Person,Caleb Hunter,,,,,10393,,,,,1,0,1
Person,Debbie Edwards,,,,,10394,,,,,1,0,1
Person,Tiffany Martinez,,,,,10395,,,,,1,0,1
Person,Thomas Palmer,,,,,10396,,,,,2,0,2
Person,Eric King,,,,,10397,,,,,1,0,1
Song,Shadows of Mistaken Identity,False,2013,Indie Folk,True,10398,,,,2013.0,3,4,7
Person,Ping Du,,,,,10399,,,,,1,0,1
Person,Fang Zeng,,,,,10400,,,,,1,0,1
Person,Lei Yao,,,,,10401,,,,,1,0,1
Song,Cradle of Uncertain Fate,True,2010,Alternative Rock,True,10402,2010,,,2010.0,4,6,10
Person,Elizabeth Nguyen,,,,,10403,,,,,4,0,4
Song,Lineage Lost,False,2017,Indie Folk,True,10404,,,,2017.0,3,6,9
Person,Moritz Keudel,,,,,10405,,,,,1,0,1
Song,The Misplaced Heir,True,2023,Oceanus Folk,True,10406,2023,,,2023.0,3,7,10
Person,Guiying Pan,,,,,10407,,,,,2,0,2
Person,Xiuying Duan,,,,,10408,,,,,2,0,2
Person,Ping Zheng,,,,,10409,,,,,1,0,1
Person,Na Zhong,,,,,10410,,,,,3,0,3
Person,Gang Meng,,,,,10411,,,,,1,0,1
Album,Adriatic Empress,,2013,Post-Apocalyptic Folk,True,10412,,,,2013.0,1,11,12
Person,Jun Hou,,,,,10413,,,,,1,0,1
Person,Ping Wen,,,,,10414,,,,,1,0,1
Song,Sinking Serenade,True,2017,Indie Folk,True,10415,,,2017,2017.0,2,5,7
Person,Chao Yi,,,,,10416,,,,,3,0,3
Song,Carnival Whispers,False,2010,Lo-Fi Electronica,True,10417,,,2010,2010.0,6,20,26
Person,Juan Li,,,,,10418,,,,,2,0,2
Song,Lagoon's Legacy,True,1997,Dream Pop,True,10419,1997,,,1997.0,3,7,10
Person,Yang Tian,,,,,10420,,,,,1,0,1
Song,Anything But Nothing,True,2023,Dream Pop,True,10421,,,,2023.0,2,6,8
Person,Chao Yi,,,,,10422,,,,,1,0,1
Person,Tao Fang,,,,,10423,,,,,1,0,1
Person,Karen Garcia,,,,,10424,,,,,1,0,1
Person,Ming Fan,,,,,10425,,,,,1,0,1
Song,Somewhere Between Somewhere,True,2026,Oceanus Folk,True,10426,2026,,,2026.0,4,6,10
Person,Xiulan Mo,,,,,10427,,,,,2,0,2
Person,Lei Xue,,,,,10428,,,,,1,0,1
Person,Min Xia,,,,,10429,,,,,2,0,2
Person,Jörg Niemeier,,,,,10430,,,,,6,0,6
Album,Vague Silhouette,,2022,Emo/Pop Punk,True,10431,2022,,,2022.0,9,6,15
Album,The Undefined Feeling,,2002,Southern Gothic Rock,True,10432,,,,2002.0,2,6,8
Person,Xia Chen,,,,,10433,,,,,1,0,1
Song,Whispers Through the Cracks,True,2007,Speed Metal,True,10434,2004,,2007,2007.0,2,11,13
Song,Unseen Currents,True,2027,Southern Gothic Rock,True,10435,,,,2027.0,2,2,4
Person,Julie Larson,,,,,10436,,,,,2,0,2
Song,Shadows Between Breaths,True,2007,Dream Pop,True,10437,,,2007,2007.0,2,7,9
Person,Blake Melton,,,,,10438,,,,,2,0,2
Song,Silent Interference,True,2020,Dream Pop,True,10439,,,,2020.0,3,10,13
Person,Juanito Jimenez Hernández,,,,,10440,,,,,2,0,2
Album,Moment of Triumph,,2007,Southern Gothic Rock,True,10441,,,,2007.0,2,4,6
Person,Kelly Jones,,,,,10442,,,,,5,0,5
Song,Breaking Through,True,2025,Psychedelic Rock,True,10443,2025,,,2025.0,3,5,8
Song,Your Time Has Come,True,2017,Indie Folk,True,10444,,,,2017.0,2,13,15
Person,Emily Taylor,,,,,10445,,,,,1,0,1
Person,Christopher Gonzalez,,,,,10446,,,,,2,0,2
Song,Destiny's Calling,True,2018,Dream Pop,True,10447,2018,,,2018.0,2,3,5
Song,Captured Heart,True,2015,Jazz Surf Rock,True,10448,,,,2015.0,3,6,9
Person,Samantha Munoz,,,,,10449,,,,,1,0,1
Person,Urte Bachmann,,,,,10450,,,,,1,0,1
Person,Erdmute Hermann-Karge,,,,,10451,,,,,4,0,4
Person,Erkan Barkholz,,,,,10452,,,,,7,0,7
Song,Whispers of Devotion,True,2026,Southern Gothic Rock,True,10453,,,,2026.0,8,5,13
Person,Jamie Smith,,,,,10454,, Nova,,,1,0,1
Person,Nathaniel Craig,,,,,10455,,,,,2,0,2
Person,Kayla Roberson,,,,,10456,,,,,2,0,2
Song,Locked in Your Embrace,True,2018,Dream Pop,True,10457,2018,,2018,2018.0,2,5,7
Person,Daniel Johnson,,,,,10458,,,,,1,0,1
Person,Roger Allen,,,,,10459,,,,,1,0,1
Person,Joyce Jackson,,,,,10460,,,,,1,0,1
Song,Echoes of Passion,True,2013,Dream Pop,True,10461,,,,2013.0,1,8,9
Person,Jun Shen,,,,,10462,,,,,1,0,1
Person,Fang Lei,,,,,10463,,,,,1,0,1
Song,Petals of Contrasting Hearts,True,2007,Synthwave,True,10464,,,,2007.0,1,5,6
Person,Jie Zeng,,,,,10465,,,,,1,0,1
Person,Fang Ma,,,,,10466,,,,,2,0,2
Person,Debbie Hall,,,,,10467,,,,,1,0,1
Song,Scarlet and Ivory Whispers,True,2020,Indie Folk,True,10468,,,,2020.0,2,6,8
Song,Garden of Divided Colors,True,2015,Space Rock,True,10469,,,,2015.0,2,11,13
Person,Min Gong,,,,,10470,,,,,1,0,1
Person,Ping Zhang,,,,,10471,,,,,1,0,1
Person,Lei Yan,,,,,10472,,,,,1,0,1
Person,Fang Meng,,,,,10473,,,,,2,0,2
Person,Xiulan Tan,,,,,10474,,,,,1,0,1
Song,Blooming Duality,True,2020,Speed Metal,True,10475,2020,,,2020.0,3,4,7
Person,Norbert Flisek,,,,,10476,,,,,3,0,3
Person,Monika Przewłoka,,,,,10477,,,,,2,0,2
Song,Hamilton's Shadow,True,2032,Lo-Fi Electronica,True,10478,,,,2032.0,11,3,14
Person,Xiuying Yan,,,,,10479,,,,,6,0,6
Song,Bitter Ballad of Electoral Ruin,True,2003,Indie Pop,True,10480,,,,2003.0,2,8,10
Person,Charles Brown,,,,,10481,, Mercury Stone,,,1,0,1
Person,Antonio Johnson,,,,,10482,,,,,3,0,3
Person,Michelle Moore,,,,,10483,,,,,1,0,1
Album,The Concession's Sting,,2013,Doom Metal,True,10484,2013,,,2013.0,3,5,8
Person,Chao Zhu,,,,,10485,,,,,1,0,1
Person,Gang Lei,,,,,10486,,,,,1,0,1
Person,Guiying Qiao,,,,,10487,,,,,2,0,2
Album,Echoes of a Lost Campaign,,1994,Blues Rock,True,10488,1994,,,1994.0,1,5,6
Person,Rick Franklin,,,,,10489,,,,,2,0,2
Person,Meredith Hamilton,,,,,10490,,,,,1,0,1
Person,Mitchell Mcpherson,,,,,10491,,,,,1,0,1
RecordLabel,Waveform Studios,,,,,10492,,,,,0,1,1
Song,Bandages and Courage,False,2026,Dream Pop,True,10493,,,,2026.0,1,8,9
Person,Yan Pan,,,,,10494,,Corey Knight,,,1,0,1
Person,Jing Shen,,,,,10495,,,,,1,0,1
Person,Fang Ren,,,,,10496,,,,,2,0,2
Person,Xia Yuan,,,,,10497,,,,,2,0,2
RecordLabel,Cube Collective,,,,,10498,,,,,0,1,1
Song,Nightingales in Uniform,True,2017,Synthwave,True,10499,,,,2017.0,1,8,9
Person,Dominik Preiß,,,,,10500,,,,,1,0,1
Person,Juan Pan,,,,,10501,,,,,2,0,2
Person,Xiuying Ye,,,,,10502,,,,,2,0,2
Song,Healing Between the Battles,False,2013,Southern Gothic Rock,True,10503,,,,2013.0,3,11,14
Album,"White Crosses, Red Hearts",,2013,Synthwave,True,10504,,,,2013.0,1,4,5
Song,Leave Everything Untouched,True,2027,Jazz Surf Rock,True,10505,2027,,,2027.0,7,6,13
Person,Xia Yuan,,,,,10506,,,,,1,0,1
Album,Comfortable in Stasis,,2022,Psychedelic Rock,True,10507,,,,2022.0,3,8,11
Person,Tammy Turner,,,,,10508,,Tammy,,,1,0,1
Person,Kristina Jackson,,,,,10509,,,,,2,0,2
Person,Martin Ramirez,,,,,10510,,,,,1,0,1
Person,Devin Wallace,,,,,10511,,,,,1,0,1
Person,Jacob Garcia,,,,,10512,,,,,1,0,1
Song,Silent Observer,True,1991,Blues Rock,True,10513,,,,1991.0,2,5,7
Person,Paula Palmer,,,,,10514,,,,,1,0,1
Song,The Weight of Inaction,True,1992,Indie Pop,True,10515,,,,1992.0,2,9,11
Person,Adira Chaudhuri,,,,,10516,,,,,1,0,1
Song,Grape Escape,True,2027,Indie Folk,True,10517,2027,,,2027.0,2,3,5
Person,Jessica Russell,,,,,10518,,,,,3,0,3
RecordLabel,Transmission Echo,,,,,10519,,,,,0,1,1
Song,Vintage Nights,True,2012,Southern Gothic Rock,True,10520,2012,,2012,2012.0,3,6,9
Song,Uncork My Heart,True,2029,Emo/Pop Punk,True,10521,2029,,,2029.0,2,4,6
Person,Qiang Dai,,,,,10522,,,,,1,0,1
Song,Sommelier's Serenade,True,2022,Dream Pop,True,10523,,,,2022.0,3,10,13
Person,Gang Bai,,,,,10524,,,,,2,0,2
Person,Jing Fu,,,,,10525,,,,,1,0,1
Person,Jun Jiang,,,,,10526,,,,,1,0,1
Person,Ming Huang,,,,,10527,,,,,1,0,1
Person,Jing Ding,,,,,10528,,,,,2,0,2
Person,Omar Lewis,,,,,10529,,,,,2,0,2
Album,Bavarian Echoes,,2013,Indie Folk,True,10530,,,,2013.0,2,10,12
Person,Li Zheng,,,,,10531,,,,,1,0,1
Album,Stones of the Imperial City,,2024,Synthwave,True,10532,,,,2024.0,5,8,13
Person,Noor van Hoevel en van Zwindrecht,,,,,10533,,,,,2,0,2
Song,Twelve Bells of Augsburg,True,2026,Psychedelic Rock,True,10534,,,,2026.0,3,6,9
Song,Memories Along the Lech River,False,2026,Indie Folk,True,10535,2026,,2026,2026.0,5,8,13
Person,Kunigunde Pechel,,,,,10536,,,,,2,0,2
Person,Hortense du Dijoux,,,,,10537,,,,,2,0,2
Song,Whispers of Your Name,True,2029,Synthwave,True,10538,2026,,,2029.0,3,5,8
Person,Kristina Martinez,,,,,10539,, Rosa Santos,,,1,0,1
Person,Sean Lewis,,,,,10540,,,,,1,0,1
Person,Cheryl Peterson,,,,,10541,,,,,1,0,1
Person,Perry Thompson,,,,,10542,,,,,1,0,1
RecordLabel,Boreal Resonance,,,,,10543,,,,,0,1,1
Song,Fragments of You,True,2027,Jazz Surf Rock,True,10544,,,,2027.0,4,5,9
Person,Ming Deng,,,,,10545,,,,,1,0,1
Person,Juan Zhong,,,,,10546,,,,,1,0,1
Person,Na Shao,,,,,10547,,,,,1,0,1
Person,Alisha Hartman,,,,,10548,,,,,2,0,2
Song,Unfinished Conversations,True,1993,Indie Pop,True,10549,1993,,,1993.0,2,11,13
Album,Silent Questions,,2017,Doom Metal,True,10550,2017,,2017,2017.0,2,9,11
Person,Lei Tang,,,,,10551,,,,,1,0,1
Song,Whispers of Sorrow,True,2018,Space Rock,True,10552,,,2018,2018.0,1,9,10
Person,Ming Tang,,,,,10553,,,,,2,0,2
Person,Ping Fan,,,,,10554,,,,,6,0,6
Person,Leandro Artigas Benítez,,,,,10555,,,,,5,0,5
Person,Juan Cao,,,,,10556,,,,,1,0,1
Album,Echoes from the Broken Heart,,2029,Jazz Surf Rock,True,10557,,,,2029.0,3,5,8
Person,Chuy Calderon Chaves,,,,,10558,,,,,1,0,1
Person,Lupe Neira,,,,,10559,,,,,1,0,1
Person,Guiying Hao,,,,,10560,,,,,1,0,1
Song,Silent Scream,True,2017,Indie Folk,True,10561,,,,2017.0,4,6,10
Song,Unheard Lamentations,True,2026,Dream Pop,True,10562,,,,2026.0,3,5,8
Person,Robert Carlson,,,,,10563,,,,,1,0,1
Person,Daniel Aubert-Brunet,,,,,10564,,,,,5,0,5
Person,Susan Garcia,,,,,10565,,,,,1,0,1
RecordLabel,Quarante-et-Un Sonics,,,,,10566,,,,,0,1,1
Album,"One Heart, Three Shadows",,2025,Space Rock,True,10567,2025,,,2025.0,2,8,10
Person,Jing Ren,,,,,10568,,,,,2,0,2
Person,Yang Gao,,,,,10569,,,,,1,0,1
Person,Jie Fang,,,,,10570,,,,,1,0,1
Person,Francisco Kerr,,,,,10571,,,,,1,0,1
Person,Matthew Adams,,,,,10572,,,,,1,0,1
Person,Xiuying Qin,,,,,10573,,,,,1,0,1
Song,Triangular Affection,True,2007,Lo-Fi Electronica,True,10574,2007,,2007,2007.0,2,13,15
Person,Scott Snyder,,,,,10575,,,,,4,0,4
Song,Competing Courtships,True,2011,Synthwave,True,10576,,,,2011.0,3,6,9
Person,Gang Zheng,,,,,10577,,,,,1,0,1
Person,Yang Mo,,,,,10578,,,,,2,0,2
Person,Ashlee White,,,,,10579,,,,,1,0,1
Person,Charlotte Escobar,,,,,10580,,,,,1,0,1
Person,Juan Mao,,,,,10581,,,,,2,0,2
Song,The Shared Desire,True,2029,Symphonic Metal,True,10582,2029,,2029,2029.0,3,4,7
Person,Lei Shao,,,,,10583,,,,,2,0,2
RecordLabel,Picardie Harmony,,,,,10584,,,,,0,2,2
Album,Whispers of the Klokočí Grove,,2017,Synthwave,True,10585,,,2017,2017.0,2,8,10
Person,Amanda Lee,,,,,10586,,Y$O FLAME (Young & Stacked Only),,,1,0,1
Person,Xiulan Zou,,,,,10587,,,,,1,0,1
Person,Gang Chen,,,,,10588,,,,,2,0,2
Song,Branches of Ancestral Memory,True,2017,Americana,True,10589,,,,2017.0,2,7,9
Person,Qiang Dong,,,,,10590,,,,,1,0,1
Person,Jun Hao,,,,,10591,,,,,2,0,2
Person,Yan Xiao,,,,,10592,,,,,1,0,1
Album,Silent Rustling of Klokočí Leaves,,2008,Indie Rock,True,10593,,,,2008.0,2,7,9
Person,Edward Morgan,,,,,10594,,,,,5,0,5
RecordLabel,Lumina,,,,,10595,,,,,0,1,1
Song,Roots Between Worlds,True,2013,Indie Folk,True,10596,,,,2013.0,1,15,16
Person,William Hansen,,,,,10597,,,,,1,0,1
Person,Mark Martin,,,,,10598,,,,,2,0,2
Person,Shawn Koch,,,,,10599,,,,,1,0,1
Song,Voices of the Motherland,True,2005,Alternative Rock,True,10600,,,,2005.0,4,8,12
Song,Echoes of Unity,True,2027,Desert Rock,True,10601,,,,2027.0,3,7,10
Person,Vinnie Cole,,,,,10602,,Vinnie,,,1,0,1
Person,Yong Xue,,,,,10603,,,,,1,0,1
Person,Chao Yi,,,,,10604,,,,,1,0,1
Person,Wei Yao,,,,,10605,,,,,1,0,1
Person,Xiuying Peng,,,,,10606,,,,,1,0,1
Person,Tao Zhu,,,,,10607,,,,,1,0,1
Song,Sovereign Heartbeat,True,2017,Space Rock,True,10608,2017,,2017,2017.0,1,10,11
Person,Kathleen Carroll,,,,,10609,,,,,1,0,1
Person,Kenneth Knight,,,,,10610,,,,,2,0,2
Person,Tiffany Lutz,,,,,10611,,,,,1,0,1
Song,Tapestry of Freedom,True,2012,Southern Gothic Rock,True,10612,,,,2012.0,3,7,10
Person,Tim Slingerland,,,,,10613,,,,,2,0,2
Person,Femke de Koning-Hendriks,,,,,10614,,,,,1,0,1
Person,Victor Miller,,,,,10615,,,,,1,0,1
Song,Allegro,False,2013,Indie Folk,True,10616,2013,,,2013.0,3,7,10
Person,Alexa Thomas,,,,,10617,,,,,1,0,1
Person,George Snyder,,,,,10618,,,,,2,0,2
Person,Kelly Sanders,,,,,10619,,,,,1,0,1
Album,Maestro's Whisper,,2028,Alternative Rock,True,10620,2028,,,2028.0,3,6,9
Person,Qiang Huang,,,,,10621,,,,,1,0,1
Person,Dale Suarez,,,,,10622,,,,,1,0,1
Person,Jie Wang,,,,,10623,,,,,1,0,1
RecordLabel,Luminápolis Sounds,,,,,10624,,,,,0,1,1
Song,Quick Change,True,2030,Dream Pop,False,10625,,,,2030.0,3,2,5
Person,Helmtrud Mälzer-Paffrath,,,,,10626,,,,,1,0,1
Person,Gudula Riehl,,,,,10627,,,,,1,0,1
Song,Rapid Transit,True,2020,Synthpop,True,10628,2020,,,2020.0,2,3,5
Person,Debra Jones,,,,,10629,,,,,2,0,2
Person,Thomas Brown,,,,,10630,,,,,1,0,1
RecordLabel,Campo Sonoro,,,,,10631,,,,,0,1,1
Song,Whispers of Delphi,True,2013,Indie Folk,True,10632,,,,2013.0,5,8,13
Person,Jennifer Boyer,,,,,10633,,,,,1,0,1
Person,Li Zhu,,,,,10634,,,,,1,0,1
Person,Sarah Clark,,,,,10635,,,,,2,0,2
Song,Prophetic Shadows,True,2027,Jazz Surf Rock,True,10636,,,,2027.0,4,7,11
Person,Ming Zhong,,,,,10637,,,,,4,0,4
Person,Juan Dong,,,,,10638,,,,,2,0,2
Person,Min Mo,,,,,10639,,,,,3,0,3
Person,Tao Deng,,,,,10640,,,,,1,0,1
Song,Divination's Echo,True,2027,Dream Pop,True,10641,2027,,,2027.0,5,9,14
Album,The Sibyl's Breath,,2023,Symphonic Metal,True,10642,,,,2023.0,3,3,6
Person,Tara Becker,,,,,10643,,,,,1,0,1
Person,Julia Berry,,,,,10644,,,,,1,0,1
Song,Intimate Interludes for Ivory Keys,True,2010,Synthwave,True,10645,,,,2010.0,2,14,16
Person,Xia Qiao,,,,,10646,,,,,2,0,2
Person,Xiuying Hou,,,,,10647,,,,,2,0,2
Song,Passionate Pianissimo Passages,False,1999,Dream Pop,True,10648,,,,1999.0,3,5,8
Person,Wei Liu,,,,,10649,,,,,2,0,2
Person,Lei Guo,,,,,10650,,,,,1,0,1
Album,Whispered Waltzes in Minor,,2006,Speed Metal,True,10651,2006,,,2006.0,9,6,15
Person,Guiying Lei,,,,,10652,,,,,2,0,2
Song,Sensual Sonata Sketches,True,2022,Doom Metal,False,10653,2019,,,2022.0,2,5,7
Person,Patricia Jackson,,,,,10654,,,,,2,0,2
Person,Gregory Kane,,,,,10655,,,,,1,0,1
Person,Jessica Coleman,,,,,10656,,,,,1,0,1
Song,Antlers of Moonlight,True,2017,Dream Pop,True,10657,,,,2017.0,6,7,13
Person,Tanya Ratta,,,,,10658,,,,,1,0,1
Song,"Silent Hooves, Whispering Forest",False,2025,Dream Pop,True,10659,,,,2025.0,8,12,20
Person,Karl-August Beyer,,,,,10660,,,,,5,0,5
Person,Angelina Sölzer,,,,,10661,,,,,6,0,6
Song,Breath of the Stag,True,2029,Dream Pop,True,10662,,,2029,2029.0,4,5,9
Person,Min Feng,,,,,10663,,,,,1,0,1
Person,Elizabeth Garcia,,,,,10664,,,,,2,0,2
Person,Ming Dai,,,,,10665,,,,,1,0,1
Song,Velvet Shadows: A Deer's Journey,True,2020,Indie Folk,True,10666,,,,2020.0,2,3,5
Person,Agnes Stahr,,,,,10667,,,,,1,0,1
Album,Riverbed Memories,,2028,Synthwave,True,10668,2028,,,2028.0,3,5,8
Person,Yan Kang,,,,,10669,,,,,2,0,2
Person,Tao Yin,,,,,10670,,,,,2,0,2
Person,Yan Guo,,,,,10671,,,,,3,0,3
Person,Jun Shao,,,,,10672,,,,,2,0,2
Song,Gravel Road Home,False,2013,Doom Metal,True,10673,,,2013,2013.0,2,50,52
Album,Stones and Shadows,,2024,Speed Metal,True,10674,,,2024,2024.0,1,4,5
Person,Gang He,,,,,10675,,,,,1,0,1
Album,Forgotten Creek Path,,2026,Alternative Rock,True,10676,,,,2026.0,3,5,8
Person,Jason Chavez,,,,,10677,, Echo Phoenix,,,1,0,1
Person,Derek Robinson,,,,,10678,,Feral Aria,,,2,0,2
Person,Sharon Mitchell,,,,,10679,,,,,1,0,1
Person,Timothy Sanders,,,,,10680,,,,,1,0,1
Song,Bethlehem's Bohemian Bells,True,2007,Doom Metal,True,10681,2007,,,2007.0,3,6,9
Person,Bianka Herrmann,,,,,10682,,,,,1,0,1
Person,Juergen Carsten,,,,,10683,,,,,1,0,1
Song,Winter Vespers in Prague,True,2007,Dream Pop,True,10684,,,,2007.0,2,5,7
Song,Carols from the Forgotten Chapel,True,2020,Doom Metal,True,10685,,,,2020.0,3,10,13
Person,Michael Hill,,,,,10686,,,,,1,0,1
Person,David Duncan,,,,,10687,,,,,1,0,1
Person,Monique Jefferson,,,,,10688,,,,,2,0,2
Person,Gail Garrett,,,,,10689,,,,,1,0,1
Person,Robert Cowan,,,,,10690,,,,,1,0,1
Person,Cassandra Carroll,,,,,10691,,,,,2,0,2
Person,Kimberly Martin,,,,,10692,,,,,1,0,1
RecordLabel,County Line Sound,,,,,10693,,,,,0,3,3
Song,Midnight in Moravia,False,2004,Psychedelic Rock,True,10694,,,2004,2004.0,2,7,9
Person,William Cruz,,,,,10695,,,,,2,0,2
Person,David Moore,,,,,10696,,,,,2,0,2
Person,Amanda Brock,,,,,10697,,,,,3,0,3
Song,Whispers of the Armenian Heart,False,2014,Alternative Rock,True,10698,,,,2014.0,5,3,8
Song,Echoes of a Forgotten Name,False,2017,Indie Folk,True,10699,2010,,2017,2017.0,3,5,8
Album,Stones of Resilience,,2029,Dream Pop,True,10700,,,,2029.0,2,5,7
Person,Adam Gill,,,,,10701,,,,,2,0,2
Person,Xiulan Zou,,,,,10702,,,,,1,0,1
Person,Xiuying Shi,,,,,10703,,,,,1,0,1
Song,Prayers in Twilight,True,2010,Indie Rock,True,10704,,,2010,2010.0,2,8,10
Person,Ming Duan,,,,,10705,,Nova Apparition,,,1,0,1
Person,Xiuying Ding,,,,,10706,,,,,1,0,1
Person,Glenn Lewis,,,,,10707,,,,,2,0,2
Person,Qiang Dai,,,,,10708,,,,,1,0,1
Album,Sentinel's Oath,,2004,Dream Pop,True,10709,,,,2004.0,1,14,15
Person,Ryan Woodard,,,,,10710,,,,,1,0,1
Person,Kyle Smith,,,,,10711,,,,,2,0,2
Person,Eric Holland,,,,,10712,,,,,1,0,1
Person,John Reed,,,,,10713,,,,,2,0,2
Person,Randy Gonzalez,,,,,10714,,,,,1,0,1
RecordLabel,Harmony Horizon,,,,,10715,,,,,0,1,1
Song,Guardians of Honor,False,2027,Americana,True,10716,,,,2027.0,3,7,10
Person,Tao Gao,,,,,10717,,,,,1,0,1
Person,Brian Hall,,,,,10718,,,,,2,0,2
Person,Chao Bai,,,,,10719,,,,,1,0,1
Person,Sean Rogers,,,,,10720,,,,,1,0,1
Person,Xiulan Shao,,,,,10721,,,,,2,0,2
Album,The Unwavering Shield,,2023,Synthwave,True,10722,2023,,,2023.0,4,5,9
Person,Qiang Lai,,,,,10723,,,,,2,0,2
Person,Juan Kang,,,,,10724,,,,,1,0,1
Person,Guiying Mo,,,,,10725,,,,,2,0,2
Album,Protectors of Dignity,,2010,Indie Folk,True,10726,,,,2010.0,3,8,11
Song,Innocence Untouched,True,2030,Avant-Garde Folk,True,10727,,,,2030.0,5,4,9
Album,Whispers of Childhood,,2023,Synthwave,True,10728,2023,,,2023.0,7,13,20
Person,Pierluigi Telesio,,,,,10729,,,,,3,0,3
Song,Unwritten Memories,True,2013,Psychedelic Rock,True,10730,,,,2013.0,2,9,11
Person,Xiuying Lin,,,,,10731,,,,,2,0,2
Person,Melissa Moore,,,,,10732,,,,,1,0,1
Person,Jeffrey Miller,,,,,10733,,,,,1,0,1
Person,Juan Cao,,,,,10734,,,,,2,0,2
Person,Juan Yuan,,,,,10735,,,,,1,0,1
Song,Pure Heart's Dance,True,2023,Space Rock,True,10736,,,2023,2023.0,1,6,7
Person,Yan Xiong,,,,,10737,,,,,1,0,1
Person,Jun Ding,,,,,10738,,,,,3,0,3
Person,Na Yu,,,,,10739,,,,,1,0,1
Album,Marching with Jubilant Hearts,,2022,Avant-Garde Folk,True,10740,2022,,2022,2022.0,4,4,8
Song,Together We Stride,True,2027,Dream Pop,True,10741,2027,,,2027.0,4,10,14
Person,Scott Mckinney,,,,,10742,,,,,4,0,4
Person,Brandon Morales,,,,,10743,,,,,2,0,2
Person,Terry Gonzalez,,,,,10744,,,,,5,0,5
Person,Peter Jacobi Jäckel,,,,,10745,,,,,4,0,4
RecordLabel,Gabriel Records,,,,,10746,,,,,0,1,1
Song,Cheerful Pathways,False,2019,Dream Pop,True,10747,2019,,,2019.0,2,21,23
Person,Clinton Fischer,,,,,10748,, Obsidian Soul,,,1,0,1
Person,Franck Joly,,,,,10749,,,,,1,0,1
Person,Melissa Rivas,,,,,10750,,,,,2,0,2
Person,Erica Lopez,,,,,10751,,,,,1,0,1
Person,Jillian Salazar,,,,,10752,,,,,2,0,2
Person,David Allison,,,,,10753,,,,,1,0,1
Album,Unified Steps of Joy,,2023,Dream Pop,True,10754,2023,,,2023.0,3,9,12
Person,Qiang Sun,,,,,10755,,,,,1,0,1
Person,Xia Kang,,,,,10756,,,,,2,0,2
Person,Ming Hao,,,,,10757,,,,,1,0,1
Person,Yong Yao,,,,,10758,,,,,2,0,2
Song,Whispers of Your Memory,True,2017,Avant-Garde Folk,True,10759,2017,,,2017.0,13,3,16
Person,Cyprian Goss,,,,,10760,,,,,2,0,2
Song,Echoes in the Distance,False,2028,Symphonic Metal,True,10761,,,,2028.0,3,7,10
Person,Chao Shi,,,,,10762,,,,,2,0,2
Person,Gang Gong,,,,,10763,,,,,1,0,1
Person,Michael Buchanan,,,,,10764,,,,,1,0,1
Song,Shadows of Your Silence,True,2020,Southern Gothic Rock,True,10765,,,,2020.0,3,2,5
Person,Taichi Watanabe,,,,,10766,,,,,1,0,1
Song,Fragments of an Unwritten Letter,True,2027,Dream Pop,True,10767,,,,2027.0,6,4,10
Person,Dean Stevens,,,,,10768,,,,,3,0,3
Person,Stephen Chavez,,,,,10769,,,,,1,0,1
Person,Brian Gonzalez,,,,,10770,,,,,2,0,2
Song,Whispers from His Workshop,False,2017,Synthwave,True,10771,,,2017,2017.0,2,4,6
Person,Yang Cao,,,,,10772,,,,,2,0,2
Song,Grandfather's Weathered Hands,True,2017,Indie Folk,True,10773,,,,2017.0,3,5,8
Person,Marvin Heuser,,,,,10774,,,,,1,0,1
Person,Bernard-Alain Parent,,,,,10775,,,,,1,0,1
Person,Chloë de Gruil,,,,,10776,,,,,7,0,7
Song,Echoes of Forgotten Stories,True,2029,Space Rock,True,10777,,,,2029.0,3,4,7
Person,Juan Ren,,,,,10778,,Nate Bishop,,,1,0,1
Person,Jing Tan,,,,,10779,,,,,1,0,1
Person,Gang He,,,,,10780,,,,,1,0,1
Person,Lei Zhong,,,,,10781,,,,,1,0,1
Song,"Sepia Memories, Fading Light",True,2026,Synthwave,True,10782,,,,2026.0,2,8,10
Person,Li Hu,,,,,10783,,,,,1,0,1
Person,Tao Shao,,,,,10784,,,,,1,0,1
Person,Terry Castillo,,,,,10785,,,,,2,0,2
Person,Tao Zhang,,,,,10786,,,,,1,0,1
Song,Dirt Road Back Home,True,2024,Desert Rock,True,10787,2024,,,2024.0,4,4,8
Person,Vidur Khatri,,,,,10788,, Rex VIII,,,2,0,2
Person,Veer Raju,,,,,10789,,,,,1,0,1
Person,Rhea Chatterjee,,,,,10790,,,,,1,0,1
Album,Carolina Calling My Name,,2024,Speed Metal,True,10791,2024,,,2024.0,3,4,7
Person,Richard Vazquez,,,,,10792,,,,,1,0,1
Song,Miles From Where I Belong,True,2013,Synthwave,False,10793,,,,2013.0,3,9,12
Person,Frédéric de la Coulon,,,,,10794,,,,,5,0,5
Person,Kristina Lang,,,,,10795,,,,,1,0,1
Person,Tiffany Cain,,,,,10796,,,,,2,0,2
Person,Aarav Chada,,,,,10797,,,,,1,0,1
Person,Valérie Mathieu,,,,,10798,,,,,4,0,4
Song,Southern Redemption Highway,True,1984,Blues Rock,False,10799,1984,,,1984.0,1,4,5
Song,Whispers in Echo,True,2029,Darkwave,True,10800,,,2029,2029.0,2,5,7
Person,Devansh Divan,,,,,10801,,,,,2,0,2
Person,Misha Batta,,,,,10802,,,,,2,0,2
Person,Fateh Dube,,,,,10803,,,,,3,0,3
Person,Sumer Kakar,,,,,10804,,,,,3,0,3
RecordLabel,Bergklang,,,,,10805,,,,,0,2,2
Song,Mechanical Heartbeat,False,2027,Jazz Surf Rock,True,10806,,,,2027.0,2,6,8
Person,Ping Cheng,,,,,10807,,,,,2,0,2
Person,Xia Liao,,,,,10808,,,,,1,0,1
Person,Yan Gu,,,,,10809,,,,,1,0,1
Person,Chao Shao,,,,,10810,,,,,1,0,1
Person,Jing Wang,,,,,10811,,,,,1,0,1
Song,Silent Protocol,True,2017,Emo/Pop Punk,True,10812,,,,2017.0,6,3,9
Person,Maks Bodek,,,,,10813,,,,,1,0,1
Song,Algorithmic Soul,True,2020,Indie Folk,True,10814,,,2020,2020.0,2,4,6
Song,Rhythm of the Heartbeat,True,2025,Indie Rock,True,10815,,,,2025.0,1,10,11
Person,Livio Brenna,,,,,10816,,Velvet Anachronism,,,1,0,1
Person,Nino Pasolini,,,,,10817,,,,,2,0,2
Song,Echoes of the Drumline,False,2028,Dream Pop,True,10818,2028,,2028,2028.0,3,3,6
Song,Thundering Percussion,True,2029,Space Rock,True,10819,,,,2029.0,5,7,12
Person,Nout Zijlmans,,,,,10820,,,,,1,0,1
Person,Xiuying Hou,,,,,10821,,,,,1,0,1
Person,Min Su,,,,,10822,,,,,1,0,1
Person,Xia Wang,,,,,10823,,,,,3,0,3
Person,Fang Shen,,,,,10824,,,,,1,0,1
Song,Beats of Celebration,False,2020,Dream Pop,True,10825,2020,,,2020.0,4,6,10
Album,Silence Between Farewells,,2032,Space Rock,True,10826,2032,,,2032.0,3,7,10
Person,Juan Dai,,,,,10827,, Marco Sun,,,1,0,1
Person,Li Tao,,,,,10828,,,,,1,0,1
Person,Gang He,,,,,10829,,,,,1,0,1
Person,Jie Tang,,,,,10830,,,,,1,0,1
Person,Ronald Santos,,,,,10831,,,,,2,0,2
Person,Wei Yin,,,,,10832,,,,,1,0,1
Album,Unfinished Exit Lines,,2023,Americana,True,10833,2020,,,2023.0,2,2,4
Person,Heidi Berry,,,,,10834,,,,,2,0,2
Song,Whispers at the Doorstep,True,2030,Americana,True,10835,2030,,2030,2030.0,2,8,10
Song,The Last Word Unsaid,True,2021,Speed Metal,True,10836,,,,2021.0,2,4,6
Song,Who's That Girl Named Mariele?,True,2010,Indie Pop,False,10837,2010,,,2010.0,3,5,8
Person,Shane Davis,,,,,10838,,,,,1,0,1
Song,Shadows of Mariele,True,2017,Indie Folk,True,10839,,,2017,2017.0,1,9,10
Album,The Mystery of Mariele's Heart,,2026,Speed Metal,True,10840,,,2026,2026.0,4,3,7
Person,Leslie Moore,,,,,10841,,,,,2,0,2
Person,Julie Thomas,,,,,10842,,,,,1,0,1
Person,Daniel Watson,,,,,10843,,,,,1,0,1
Song,Whispers About Mariele,True,2017,Indie Folk,True,10844,,,,2017.0,3,5,8
Person,Courtney Johnston,,,,,10845,,,,,1,0,1
Person,Gang Fan,,,,,10846,,,,,1,0,1
Person,Jun Yin,,,,,10847,,,,,2,0,2
Album,Vykort från en Sommarö (Postcard from a Summer Island),,2017,Indie Pop,False,10848,,,,2017.0,4,4,8
Person,Lisa Crawford,,,,,10849,,,,,3,0,3
Song,Tystnadens Vind över Öländska Marker (The Silent Wind Across Öland Fields),True,2027,Dream Pop,True,10850,,,,2027.0,3,4,7
Person,Katy Spieß,,,,,10851,,,,,1,0,1
Person,Jessica Esparza,,,,,10852,,,,,1,0,1
Person,Imelda Reising-Franke,,,,,10853,,,,,2,0,2
RecordLabel,Archive Sonore,,,,,10854,,,,,0,1,1
Song,Maria's Obeskrivna Minnen (Maria's Unwritten Memories),True,2023,Dream Pop,True,10855,,,2023,2023.0,5,14,19
Person,Adam Arnold,,,,,10856,,,,,1,0,1
Person,Carlos Townsend,,,,,10857,,,,,1,0,1
Person,Norma Huff,,,,,10858,,,,,2,0,2
Song,Bortglömd Brevlåda vid Landsvägen (Forgotten Mailbox by the Road),False,2013,Doom Metal,True,10859,,,,2013.0,1,8,9
Person,Roksana Kurzyna,,,,,10860,,,,,1,0,1
Song,Electric Halo,True,2029,Dream Pop,True,10861,,,,2029.0,4,16,20
Person,Rebecca Bennett,,,,,10862,, Cobalt Sky,,,1,0,1
Person,Craig Villanueva,,,,,10863,,Sepia Reverie,,,1,0,1
Person,Alexander Rose,,,,,10864,,,,,2,0,2
Person,Michael Richard,,,,,10865,,,,,2,0,2
Person,Rhonda Mendez,,,,,10866,,,,,1,0,1
Person,Jonathan Gonzales,,,,,10867,,,,,1,0,1
Person,Ryan Palmer,,,,,10868,,,,,2,0,2
Person,Adam Smith,,,,,10869,,,,,1,0,1
Person,Thomas Robinson,,,,,10870,,,,,1,0,1
Person,Dylan Miller,,,,,10871,,,,,1,0,1
Person,Audrey Fritz,,,,,10872,,,,,2,0,2
Person,Mackenzie Garza,,,,,10873,,,,,1,0,1
RecordLabel,Chung Heritage Sound,,,,,10874,,,,,0,1,1
Song,Rebel Saint,True,2029,Dream Pop,True,10875,,,,2029.0,3,5,8
Person,Cory Garrett,,,,,10876,,,,,1,0,1
Person,Yvonne Mullins,,,,,10877,,,,,1,0,1
Person,Amy Campbell,,,,,10878,,,,,1,0,1
Person,Shane Alexander,,,,,10879,,,,,2,0,2
Song,Vinyl Virgin,True,2015,Indie Folk,True,10880,,,,2015.0,2,6,8
Person,Xiulan Xie,,,,,10881,,,,,2,0,2
Person,Traci Thomas,,,,,10882,,,,,1,0,1
Album,Amplified Altar,,2026,Dream Pop,True,10883,,,,2026.0,3,13,16
Person,Yang Lei,,,,,10884,,,,,2,0,2
Person,Ping Du,,,,,10885,,,,,4,0,4
Person,Xiulan Jia,,,,,10886,,,,,2,0,2
Person,Jing Li,,,,,10887,,,,,3,0,3
Person,Wei Wu,,,,,10888,,,,,1,0,1
Person,Guiying Zeng,,,,,10889,,,,,1,0,1
Person,Jun Fu,,,,,10890,,,,,1,0,1
Person,Wei Fan,,,,,10891,,,,,2,0,2
RecordLabel,Toro Tunes,,,,,10892,,,,,0,1,1
Song,Echoes of Déjà Vu,False,2013,Psychedelic Rock,True,10893,,,,2013.0,3,13,16
Person,Jackson Monroe,,,,,10894,,Jax Monroe,,,1,0,1
Person,Tao Zhao,,,,,10895,,,,,2,0,2
Person,Gang Chen,,,,,10896,,,,,1,0,1
Person,Tao Ren,,,,,10897,,,,,1,0,1
Person,Casey Farrell,,,,,10898,,,,,1,0,1
Person,Xiuying Li,,,,,10899,,,,,1,0,1
Person,Yan Luo,,,,,10900,,,,,1,0,1
Person,Ming Xia,,,,,10901,,,,,2,0,2
Person,Wei Meng,,,,,10902,,,,,2,0,2
Song,Parallel Memories,False,2028,Dream Pop,True,10903,,,,2028.0,6,8,14
Person,Ping Jin,,,,,10904,,,,,1,0,1
Person,Tao Wen,,,,,10905,,,,,2,0,2
Person,Guiying Ren,,,,,10906,,,,,1,0,1
Person,Lei Shi,,,,,10907,,,,,1,0,1
Person,Wei Liang,,,,,10908,,,,,2,0,2
Song,Rewoven Fates,True,2017,Dream Pop,True,10909,,,,2017.0,2,9,11
Person,Guiying Hou,,,,,10910,,,,,1,0,1
Person,Yong Yi,,,,,10911,,,,,1,0,1
Person,Guiying Dai,,,,,10912,,,,,2,0,2
Person,Xiuying Zeng,,,,,10913,,,,,1,0,1
Person,Min Wen,,,,,10914,,,,,5,0,5
Song,Chapters Rewritten,True,2013,Indie Pop,True,10915,,,,2013.0,1,4,5
Person,Tammy Craig,,,,,10916,,,,,1,0,1
Person,Bryan Garcia,,,,,10917,,,,,2,0,2
Person,Brad Martinez,,,,,10918,,,,,2,0,2
Song,Echoes of the Unseen,True,2029,Psychedelic Rock,True,10919,,,,2029.0,3,9,12
Person,Guiying Liao,,,,,10920,,,,,1,0,1
Person,Carlos Cannon,,,,,10921,,,,,1,0,1
Person,Jun Mao,,,,,10922,,,,,2,0,2
Person,Wei Guo,,,,,10923,,,,,1,0,1
Person,Guiying Li,,,,,10924,,,,,1,0,1
Person,Xia Fang,,,,,10925,,,,,1,0,1
Person,Yan Kong,,,,,10926,,,,,1,0,1
Person,Ping Jin,,,,,10927,,,,,1,0,1
Album,Whispers in the Shadows,,2022,Dream Pop,False,10928,,,,2022.0,11,20,31
Person,Na Wan,,,,,10929,,,,,1,0,1
Person,Na Cui,,,,,10930,,,,,1,0,1
Song,Cryptic Wavelength,True,2020,Indie Rock,True,10931,2020,,,2020.0,1,7,8
Person,Brandon Hoffman,,,,,10932,,Infinite Monsoon,,,3,0,3
Person,Joseph Chen,,,,,10933,,EAZY 9INE,,,2,0,2
Person,Shelby Hunt,,,,,10934,,,,,1,0,1
Song,Fragments of a Forgotten Signal,True,1991,Psychedelic Rock,True,10935,,,,1991.0,3,5,8
Person,Julia Davis,,,,,10936,,,,,1,0,1
Album,Roots Never Fade,,2009,Indie Pop,True,10937,,,,2009.0,6,5,11
Song,The Long Way Back,True,2010,Doom Metal,True,10938,,,,2010.0,2,3,5
Person,Teófilo Flor Gras,,,,,10939,,,,,1,0,1
Person,Josep Nicanor Salcedo Arroyo,,,,,10940,,,,,2,0,2
Song,Familiar Strangers,True,2025,Indie Rock,True,10941,2025,,,2025.0,3,4,7
Person,Gang Cai,,,,,10942,,,,,2,0,2
RecordLabel,Rockville Sound,,,,,10943,,,,,0,1,1
Song,Homebound Heart,True,2026,Dream Pop,True,10944,2026,,,2026.0,7,2,9
Person,Pamela Moran,,,,,10945,,Seraphine,,,1,0,1
Person,William Fritz,,,,,10946,,,,,1,0,1
RecordLabel,Versum Records,,,,,10947,,,,,0,1,1
Song,Whispers of Your Phantom,True,2013,Darkwave,True,10948,,,,2013.0,1,3,4
Person,Daniel Bluszcz,,,,,10949,,,,,2,0,2
Album,Slumbering Visions,,2024,Synthwave,False,10950,,,,2024.0,2,4,6
Person,Brandon Wilson,,,,,10951,,,,,1,0,1
RecordLabel,Unheard Frequencies,,,,,10952,,,,,0,2,2
Song,Echoes of an Absent Heart,True,2022,Psychedelic Rock,True,10953,,,,2022.0,4,13,17
Person,Edward Dixon,,,,,10954,,,,,1,0,1
Person,Stephen Davis,,,,,10955,,,,,1,0,1
Person,Nancy Smith,,,,,10956,,,,,1,0,1
Person,Ellen Bradley,,,,,10957,,,,,1,0,1
Person,Leah Thomas,,,,,10958,,,,,1,0,1
Person,Jason Evans,,,,,10959,,,,,2,0,2
Person,Nicole Hodges,,,,,10960,,,,,1,0,1
Person,Leslie Barnes,,,,,10961,,,,,4,0,4
Person,Lisa Wright,,,,,10962,,,,,1,0,1
Album,Nocturnal Remembrance,,2029,Space Rock,True,10963,,,,2029.0,2,6,8
Person,Chao Dai,,,,,10964,,,,,1,0,1
Person,Guiying Yi,,,,,10965,,,,,2,0,2
Person,Gang Zhao,,,,,10966,,,,,1,0,1
Person,Juan Yin,,,,,10967,,,,,2,0,2
Song,Dribble Dance,True,2019,Synthwave,True,10968,,,,2019.0,3,9,12
Person,Alexander Parsons,,,,,10969,,,,,4,0,4
Person,Andrea Smith,,,,,10970,,,,,2,0,2
Person,Ashley Jennings,,,,,10971,,,,,1,0,1
Person,Nicholas Bond,,,,,10972,,,,,1,0,1
Person,Michael Craig,,,,,10973,,,,,2,0,2
Person,Martin Johnson,,,,,10974,,,,,3,0,3
Song,Futsal Fever,False,2018,Synthwave,True,10975,,,,2018.0,2,5,7
Person,Jie Wu,,,,,10976,,,,,2,0,2
Song,Golden Boots of Rio,True,2023,Indie Folk,True,10977,2023,,,2023.0,2,3,5
Person,Joseph Whitaker,,,,,10978,,,,,1,0,1
Person,Brian Price,,,,,10979,,,,,1,0,1
Person,Charles Norman,,,,,10980,,,,,1,0,1
RecordLabel,Starlight Groove,,,,,10981,,,,,0,1,1
Song,Street Legend's Samba,True,2017,Darkwave,True,10982,2017,,,2017.0,3,9,12
Person,Lei Dai,,,,,10983,,,,,1,0,1
Person,Ming Song,,,,,10984,,,,,1,0,1
Person,Li Wan,,,,,10985,,,,,2,0,2
Song,Whispers of Milagros,True,2023,Dream Pop,True,10986,,,,2023.0,3,4,7
Person,Jing Dong,,,,,10987,,,,,1,0,1
Person,Xiulan Ren,,,,,10988,,,,,1,0,1
Person,Yang Qiu,,,,,10989,,,,,2,0,2
Album,"Milagros, My Distant Heart",,2029,Dream Pop,True,10990,,,,2029.0,2,5,7
Person,Michael Aguilar,,,,,10991,,,,,2,0,2
Person,Travis Schmitt,,,,,10992,,,,,2,0,2
Person,Tammy Crane,,,,,10993,,,,,1,0,1
Song,Forgotten Grace: A Milagros Tale,True,2017,Southern Gothic Rock,True,10994,,,,2017.0,3,3,6
Person,Michael Lin,,,,,10995,,,,,1,0,1
Song,Echoes from the Vocal Shrine,False,2004,Alternative Rock,True,10996,,,2004,2004.0,7,5,12
Album,Harmonies of the Learned Voice,,2023,Psychedelic Rock,True,10997,,,,2023.0,2,11,13
Person,Xiuying Chang,,,,,10998,,,,,1,0,1
Person,Qiang Dai,,,,,10999,,,,,1,0,1
Person,Ping Wu,,,,,11000,,,,,1,0,1
Album,Whispers of Melodic Mentors,,2017,Dream Pop,True,11001,,,,2017.0,3,5,8
Song,The Maestro's Unsung Wisdom,True,2010,Indie Rock,True,11002,2010,,,2010.0,2,5,7
Person,Andrzej Kamyszek,,,,,11003,,,,,1,0,1
Person,Franciszek Wieja,,,,,11004,,,,,2,0,2
Song,Welcome to the Kemono Sanctuary,True,2017,Indie Folk,True,11005,2017,,,2017.0,3,7,10
Person,Lauretta Vittadello,,,,,11006,,,,,1,0,1
Person,Evangelista Muti,,,,,11007,,,,,1,0,1
Album,Friends of the Wild Preserve,,1990,Jazz Surf Rock,True,11008,,,,1990.0,1,4,5
Person,Danielle Ball,,,,,11009,,,,,1,0,1
Song,Japari's Endless Adventure,False,2017,Doom Metal,True,11010,,,,2017.0,4,4,8
Person,Honoré Leduc,,,,,11011,,,,,2,0,2
Person,Jules Lemonnier,,,,,11012,,,,,1,0,1
Person,Aurore Leroux,,,,,11013,,,,,1,0,1
Song,Wilderness Melody: A Park's Harmony,True,2017,Indie Folk,True,11014,,,2017,2017.0,3,10,13
Person,Margaud Chevallier,,,,,11015,,,,,5,0,5
Person,Nathalie Jacquot,,,,,11016,,,,,5,0,5
Person,Benoît-Zacharie Gilbert,,,,,11017,,,,,5,0,5
Song,Echoes of Epochs,True,2020,Indie Folk,True,11018,2020,,,2020.0,3,5,8
Person,James Ellis,,,,,11019,,,,,2,0,2
Person,Raymond Blackburn,,,,,11020,,,,,1,0,1
Person,Samantha Taylor,,,,,11021,,,,,2,0,2
Song,Shifting Sands of Time,True,2002,Southern Gothic Rock,True,11022,2002,,,2002.0,3,3,6
Song,Chronological Meridian,False,2023,Dream Pop,True,11023,,,,2023.0,1,5,6
Song,First Breath of Wonder,True,2017,Americana,True,11024,,,,2017.0,1,6,7
Person,Chao Fan,,,,,11025,, WXLF,,,1,0,1
Person,Yan Mao,,,,,11026,,,,,1,0,1
Person,Ming Xiong,,,,,11027,,,,,1,0,1
Person,Mark Stokes,,,,,11028,,,,,1,0,1
Song,Tiny Heartbeat Symphony,False,2029,Synthwave,True,11029,,,,2029.0,4,7,11
Person,Jing Pan,,,,,11030,,,,,2,0,2
Person,Jie Meng,,,,,11031,,,,,1,0,1
Person,Ping Dong,,,,,11032,,,,,2,0,2
Song,Cradle of Infinite Promise,True,2004,Doom Metal,True,11033,,,2004,2004.0,2,10,12
Person,Michael Sexton,,,,,11034,,,,,3,0,3
Person,Cynthia Reed,,,,,11035,,,,,1,0,1
Person,Kayla Scott,,,,,11036,,,,,3,0,3
Song,Whispers from a New World,True,2014,Psychedelic Rock,True,11037,,,2014,2014.0,2,8,10
Person,Wei Shao,,,,,11038,,,,,2,0,2
Person,Wei Shi,,,,,11039,,,,,2,0,2
Person,Chao Lai,,,,,11040,,,,,2,0,2
Person,Lei Gong,,,,,11041,,,,,1,0,1
Song,Amor's Victorious March,True,2017,Americana,True,11042,,,,2017.0,2,6,8
Person,Xiulan Yao,,,,,11043,,,,,4,0,4
Person,Sarah Fernandez,,,,,11044,,,,,2,0,2
Person,Jie Feng,,,,,11045,,,,,1,0,1
Person,Gang Kang,,,,,11046,,,,,4,0,4
Album,Heartstrings Unbound,,1986,Speed Metal,False,11047,1986,,,1986.0,1,4,5
Person,Janina Gronkiewicz,,,,,11048,, K.L. Moon,,,1,0,1
Person,Claudia Cunningham,,,,,11049,,,,,2,0,2
Song,Conquests of the Passionate Soul,True,2010,Doom Metal,True,11050,,,,2010.0,3,6,9
Person,Anthony Burns,,,,,11051,,,,,1,0,1
Person,Jennifer Spencer,,,,,11052,,,,,1,0,1
Person,Tamara Douglas,,,,,11053,,,,,2,0,2
Person,Guiying Liu,,,,,11054,,,,,2,0,2
Person,Min Shi,,,,,11055,,,,,2,0,2
Album,Love's Eternal Triumph,,2023,Doom Metal,True,11056,2023,,,2023.0,4,7,11
Person,Chao Gong,,,,,11057,,,,,1,0,1
Person,Qiang Xiao,,,,,11058,,,,,1,0,1
Person,Fang Zheng,,,,,11059,,,,,1,0,1
Person,Xiuying Luo,,,,,11060,,,,,2,0,2
Song,Echoes of Sisterhood,True,2020,Indie Rock,True,11061,,,,2020.0,3,11,14
Person,Brenda Stark,,,,,11062,,,,,1,0,1
Person,Kristy Nelson,,,,,11063,,,,,1,0,1
Person,Larry Jones,,,,,11064,,,,,1,0,1
Person,Laura Rodriguez,,,,,11065,,,,,1,0,1
Person,Patricia Fisher,,,,,11066,,,,,1,0,1
Person,Paul Lopez,,,,,11067,,,,,1,0,1
Person,Kevin Rush,,,,,11068,,,,,1,0,1
Person,Michael Price,,,,,11069,,,,,2,0,2
Person,Yong Tang,,,,,11070,,,,,1,0,1
Person,Joy Fletcher,,,,,11071,,,,,1,0,1
Album,Braided Bonds,,2024,Dream Pop,True,11072,2024,,,2024.0,2,5,7
Person,Jing Yang,,,,,11073,,,,,1,0,1
Album,Unbroken Threads,,2017,Blues Rock,True,11074,,,2017,2017.0,3,4,7
Person,Thomas Duncan,,,,,11075,,,,,2,0,2
Person,Michael White,,,,,11076,,,,,1,0,1
Person,Brett Bond,,,,,11077,,,,,1,0,1
Album,Whispers Between Souls,,2010,Southern Gothic Rock,True,11078,2006,,,2010.0,5,5,10
Person,Mackenzie Murray,,,,,11079,,,,,1,0,1
Song,Echoes of the Holy City,False,2023,Synthpop,True,11080,,,,2023.0,2,3,5
Person,Macaria de Landa,,,,,11081,,,,,2,0,2
Person,Onofre Chacón Jordá,,,,,11082,,,,,1,0,1
Person,Serafina Céspedes Sales,,,,,11083,,,,,3,0,3
RecordLabel,Lyric Grove Records,,,,,11084,,,,,0,2,2
Album,Tribes of the Sacred Ground,,2026,Dream Pop,True,11085,,,,2026.0,2,7,9
Person,Fang Pan,,,,,11086,,,,,2,0,2
Person,Xia Tang,,,,,11087,,,,,1,0,1
Person,Min Cheng,,,,,11088,,,,,1,0,1
Person,Ping Guo,,,,,11089,,,,,1,0,1
Person,Li Xia,,,,,11090,,,,,2,0,2
Song,Stones and Pilgrims,True,1993,Darkwave,True,11091,,,,1993.0,2,5,7
Person,Patrick Lindsey,,,,,11092,,,,,2,0,2
Song,Zion's Whispers,True,2012,Dream Pop,True,11093,2012,,,2012.0,2,4,6
Person,Michelle Herrera,,,,,11094,,,,,1,0,1
Person,Suzanne Ramos,,,,,11095,,,,,1,0,1
Person,Michelle Shields,,,,,11096,,,,,2,0,2
Song,Where the Horizons Whisper,True,2019,Darkwave,True,11097,,,,2019.0,2,25,27
Person,Jun Xu,,,,,11098,, Cassie Day,,,1,0,1
Person,Kenneth Fox,,,,,11099,,,,,3,0,3
Person,Thomas Massey,,,,,11100,,,,,1,0,1
Person,Li Han,,,,,11101,,,,,2,0,2
Person,Guiying Kang,,,,,11102,,,,,1,0,1
Person,Marcus Douglas,,,,,11103,,,,,1,0,1
Song,Echoes of an Unknown Landscape,True,2027,Indie Folk,True,11104,,,,2027.0,5,4,9
Person,Emily Arnold,,,,,11105,,,,,1,0,1
Person,Xia Zhang,,,,,11106,,,,,1,0,1
Person,Li Cao,,,,,11107,,,,,2,0,2
RecordLabel,Picardy Sound,,,,,11108,,,,,0,1,1
Song,Paths Beyond Memory,True,2012,Emo/Pop Punk,True,11109,,,2012,2012.0,7,3,10
Song,The Terrain of Unspoken Dreams,True,2017,Indie Folk,True,11110,,,,2017.0,2,6,8
Album,Skuggor Av Minnen (Shadows of Memories),,2023,Southern Gothic Rock,True,11111,,,,2023.0,3,3,6
Person,Christopher Wells,,,,,11112,,,,,1,0,1
Person,Nicholas Pope,,,,,11113,,,,,2,0,2
RecordLabel,Basin Harmony,,,,,11114,,,,,0,1,1
Song,Nattens Tysta Röst (The Night's Silent Voice),True,1992,Avant-Garde Folk,True,11115,1992,,,1992.0,2,9,11
Song,Bortom Mörkrets Rand (Beyond the Edge of Darkness),True,2010,Indie Folk,True,11116,,,,2010.0,2,8,10
Song,Glömda Konturer (Forgotten Contours),True,2017,Synthwave,True,11117,,,,2017.0,2,5,7
Person,Jing Jia,,,,,11118,,,,,1,0,1
Person,Yong Guo,,,,,11119,,,,,1,0,1
Person,Jun Jin,,,,,11120,,,,,2,0,2
RecordLabel,Stellar Soundscape,,,,,11121,,,,,0,2,2
Song,Midnight Tundra,True,2019,Americana,True,11122,,,,2019.0,2,7,9
Person,Matthew Smith,,,,,11123,,,,,1,0,1
Person,Ricardo Collins,,,,,11124,,,,,2,0,2
Album,Glacial Heartlines,,1997,Dream Pop,True,11125,,,,1997.0,3,5,8
Person,Zaina Zacharia,,,,,11126,,,,,1,0,1
Song,Northern Silence,True,2016,Psychedelic Rock,True,11127,,,,2016.0,2,18,20
Person,Philip Conley,,,,,11128,,,,,2,0,2
Person,Teresa Williams,,,,,11129,,,,,4,0,4
Song,Denali's Whisper,True,2027,Space Rock,True,11130,,,,2027.0,14,6,20
Person,Li Yang,,,,,11131,,,,,1,0,1
Person,Xia Shao,,,,,11132,,,,,1,0,1
Person,Tao Sun,,,,,11133,,,,,1,0,1
Person,Fang Tang,,,,,11134,,,,,1,0,1
Person,Xiulan Yi,,,,,11135,,,,,2,0,2
Song,Spinning Sideways,True,2026,Darkwave,True,11136,,,,2026.0,4,6,10
Person,Seth Duncan,,,,,11137,,,,,3,0,3
Person,Heidelore Meister,,,,,11138,,,,,1,0,1
Person,John Carlson,,,,,11139,,,,,1,0,1
Person,Brandon Williams,,,,,11140,,,,,1,0,1
Album,Whirlwind Romance,,2007,Psychedelic Rock,True,11141,,,2007,2007.0,2,12,14
Song,Pivot Point,True,1992,Indie Pop,True,11142,,,,1992.0,2,11,13
Person,Anita Parada,,,,,11143,,,,,1,0,1
Album,Unbreakable Spirit,,2012,Blues Rock,True,11144,2012,,,2012.0,2,10,12
Person,Tao Zhou,,,,,11145,,,,,1,0,1
Song,Mirror of Courage,True,2020,Synthpop,True,11146,2020,,,2020.0,3,8,11
Person,Jie Deng,,,,,11147,,,,,1,0,1
Person,Yang Yang,,,,,11148,,,,,2,0,2
Person,Jie Wu,,,,,11149,,,,,2,0,2
Person,Ming Sun,,,,,11150,,,,,2,0,2
Person,Ming Cao,,,,,11151,,,,,1,0,1
Song,Rise from Within,True,2017,Indie Folk,True,11152,,,,2017.0,1,4,5
Person,Yoichi Sato,,,,,11153,,,,,2,0,2
Person,Nanami Watanabe,,,,,11154,,,,,4,0,4
RecordLabel,Jaloux Sonore,,,,,11155,,,,,0,2,2
Song,Your Own Light,True,2023,Doom Metal,True,11156,,,,2023.0,2,3,5
Person,Hilma Wirth,,,,,11157,,,,,1,0,1
Person,Marion Hellwig-Berger,,,,,11158,,,,,2,0,2
Song,Harmony's Whisper,True,2023,Emo/Pop Punk,True,11159,,,,2023.0,7,5,12
Person,Kornelia Pędzik,,,,,11160,,,,,1,0,1
Song,Silent Bridges,False,2000,Indie Folk,True,11161,1997,,,2000.0,3,7,10
Person,Ping Gu,,,,,11162,,,,,1,0,1
Person,Chao Guo,,,,,11163,,,,,1,0,1
Person,Qiang Lu,,,,,11164,,,,,1,0,1
Person,Xia Jia,,,,,11165,,,,,1,0,1
Album,Voices Without Walls,,2028,Dream Pop,True,11166,,,,2028.0,5,7,12
Person,Min Hou,,,,,11167,,,,,2,0,2
Person,Chao Feng,,,,,11168,,,,,1,0,1
Person,Maria Fletcher,,,,,11169,,,,,1,0,1
Person,Yong Sun,,,,,11170,,,,,3,0,3
Person,Chao Zhao,,,,,11171,,,,,1,0,1
Song,The Calm Chorus,True,1989,Southern Gothic Rock,True,11172,,,,1989.0,1,4,5
Person,Marcin Jeżyk,,,,,11173,,,,,1,0,1
Song,Bench Whispers,True,2016,Southern Gothic Rock,True,11174,2016,,,2016.0,3,3,6
Album,Unseen Playbook,,2024,Post-Apocalyptic Folk,True,11175,,,,2024.0,2,8,10
Person,Juan Antonio Ferrando-Chico,,,,,11176,,,,,1,0,1
Person,Moisés del Tirado,,,,,11177,,,,,2,0,2
RecordLabel,Basin Street Sound,,,,,11178,,,,,0,4,4
Album,Backup's Lament,,2012,Southern Gothic Rock,True,11179,,,,2012.0,2,10,12
Person,Jennifer Alvarez,,,,,11180,,,,,2,0,2
Person,Laurent-Léon Morvan,,,,,11181,,,,,1,0,1
Person,Ronald Ramirez,,,,,11182,,,,,2,0,2
Person,Philippe Carre de la Humbert,,,,,11183,,,,,1,0,1
Song,Second String Soul,True,2028,Dream Pop,True,11184,,,2028,2028.0,4,10,14
Person,Kristina Romero,,,,,11185,,,,,2,0,2
Person,Amanda Tucker,,,,,11186,,,,,2,0,2
Song,Locked Away,True,2020,Doom Metal,True,11187,,,,2020.0,3,9,12
Person,Sean Mcconnell,,,,,11188,,,,,2,0,2
Person,Gregory Morgan,,,,,11189,,,,,1,0,1
Person,Kimberly Foster,,,,,11190,,,,,1,0,1
Album,Behind Closed Lips,,2022,Americana,True,11191,,,,2022.0,3,5,8
Person,Ming Du,,,,,11192,,,,,1,0,1
Person,Lei Gao,,,,,11193,,,,,1,0,1
Person,Xiulan Kang,,,,,11194,,,,,1,0,1
Album,Untethered Winds,,2010,Americana,True,11195,2010,,,2010.0,2,13,15
Person,Joshua Anderson,,,,,11196,,,,,1,0,1
Person,Mary Cisneros,,,,,11197,,,,,1,0,1
Person,Gregory White,,,,,11198,,,,,1,0,1
Person,Vanessa Clark,,,,,11199,,,,,1,0,1
Song,Nautical Whispers,True,2029,Dream Pop,True,11200,2029,,,2029.0,6,6,12
Person,Gang Xiao,,,,,11201,,,,,1,0,1
Person,Joseph Allen,,,,,11202,,,,,1,0,1
Person,Lei Liao,,,,,11203,,,,,2,0,2
Person,Yong Tian,,,,,11204,,,,,1,0,1
RecordLabel,Sonic Pulse Productions,,,,,11205,,,,,0,1,1
Song,Beyond the Breakwater,True,2026,Indie Rock,True,11206,2026,,,2026.0,6,6,12
Person,Jeremy Russell,,,,,11207,,Theo Vance,,,1,0,1
Person,Jeremy Griffith,,,,,11208,,,,,1,0,1
Person,Yolanda Lee,,,,,11209,,,,,2,0,2
Song,Scholarly Revelry,False,1987,Doom Metal,True,11210,,,,1987.0,2,5,7
Person,Jessica Parsons,,,,,11211,,,,,1,0,1
Person,Kathleen Russo,,,,,11212,,,,,2,0,2
Album,Dissertation Dance,,2010,Indie Rock,True,11213,2010,,,2010.0,2,5,7
Album,Caps and Confetti,,1997,Doom Metal,True,11214,,,,1997.0,1,6,7
Person,Tadeusz Langern,,,,,11215,,,,,2,0,2
Person,Imelda Staude-Trupp,,,,,11216,,,,,4,0,4
Song,Tenure Track Triumph,True,2008,Dream Pop,True,11217,,,2008,2008.0,2,8,10
Person,Monica Thompson,,,,,11218,,,,,2,0,2
Song,The Sixth Symphony of Silence,True,2013,Doom Metal,True,11219,,,,2013.0,2,9,11
Person,Guenter Stumpf,,,,,11220,,,,,2,0,2
Person,Mehmet Junk,,,,,11221,,,,,2,0,2
Person,Wiltrud Hübel,,,,,11222,,,,,2,0,2
Person,Sami Bohnbach,,,,,11223,,,,,1,0,1
Person,Delia Hesse-Wulf,,,,,11224,,,,,1,0,1
Song,Beethoven's Unheard Conversation,True,2024,Synthwave,True,11225,2024,,2024,2024.0,6,13,19
Person,Brandon Griffith,,,,,11226,,,,,1,0,1
Song,Harmonic Echoes of a Restless Mind,True,2013,Indie Pop,True,11227,2013,,,2013.0,3,4,7
Person,Patrizia Drewes,,,,,11228,,,,,2,0,2
Person,Brady Brown,,,,,11229,,,,,1,0,1
Song,Hope Beyond the Shadows,True,2020,Psychedelic Rock,True,11230,,,2020,2020.0,3,16,19
Person,Olaf Otto,,,,,11231,,,,,1,0,1
Person,Mohamed van de Berg,,,,,11232,,,,,1,0,1
Person,Lynn Brumleve-van der Horst,,,,,11233,,,,,1,0,1
Person,Maud van de Pol,,,,,11234,,,,,2,0,2
Person,Hailey Hak,,,,,11235,,,,,1,0,1
Song,Unbroken Promise,True,2028,Alternative Rock,True,11236,2028,,,2028.0,8,6,14
Person,Dawn Massey,,,,,11237,,,,,2,0,2
Person,Rachel Garcia,,,,,11238,,,,,1,0,1
Person,Ralph Bell,,,,,11239,,,,,1,0,1
Song,The Anchor Holds,True,2004,Emo/Pop Punk,True,11240,,,,2004.0,3,10,13
Song,Risen Mercy,True,2018,Dream Pop,True,11241,,,,2018.0,1,7,8
Person,Mannat Johal,,,,,11242,,,,,2,0,2
Person,Armaan Bera,,,,,11243,,,,,1,0,1
Song,Echoes of a Vanishing Embrace,True,2007,Alternative Rock,True,11244,2007,,2007,2007.0,5,5,10
Person,Ming Zhou,,,,,11245,,,,,2,0,2
Song,Shadows of the Last Goodbye,False,2007,Southern Gothic Rock,True,11246,2004,,2007,2007.0,3,3,6
Person,Catherine Parker,,,,,11247,,,,,1,0,1
Person,Deborah Cruz,,,,,11248,,,,,2,0,2
Song,Silence Between Departures,True,2026,Indie Rock,True,11249,,,,2026.0,6,5,11
Person,Min Gu,,,,,11250,,The Glitch Monarch,,,1,0,1
Song,Two Sides of Silence,True,2020,Indie Folk,True,11251,2013,,,2020.0,2,14,16
Person,Yan Tian,,,,,11252,,,,,1,0,1
Person,Juan Lu,,,,,11253,,,,,2,0,2
Song,Divergent Memories,True,2017,Indie Folk,True,11254,,,2017,2017.0,2,4,6
Person,Joshua Taylor,,,,,11255,,,,,3,0,3
Album,Unshared Horizons,,2013,Doom Metal,True,11256,2013,,,2013.0,2,12,14
Person,Roderich Mohaupt,,,,,11257,,,,,1,0,1
Person,Athanasios Hamann,,,,,11258,,,,,1,0,1
Album,Whispers on the Cattle Trail,,2021,Post-Apocalyptic Folk,True,11259,,,,2021.0,3,7,10
Person,Wei Cui,,,,,11260,,,,,2,0,2
Person,Jie Dong,,,,,11261,,,,,1,0,1
Album,Hooves and Horizons,,2022,Doom Metal,True,11262,2022,,2022,2022.0,5,5,10
Album,The Drover's Lament,,2025,Post-Apocalyptic Folk,True,11263,2018,,,2025.0,7,6,13
Person,Lindsay Williams,,,,,11264,, The Storm,,,2,0,2
Person,Vanessa King,,,,,11265,,Sepia Rhapsody,,,1,0,1
Person,Emily Nash,,,,,11266,,,,,3,0,3
Person,Michael Wright,,,,,11267,,,,,1,0,1
RecordLabel,Aussie Amplitude,,,,,11268,,,,,0,2,2
Song,Dust and Determination,True,2016,Indie Folk,True,11269,2016,,,2016.0,2,6,8
Person,Sole Gagliano-Conte,,,,,11270,,Cresta,,,2,0,2
Person,Elena Germano,,,,,11271,,,,,1,0,1
Person,Antonia Farinelli,,,,,11272,,,,,2,0,2
Song,Tears of Pure Joy,True,2004,Blues Rock,True,11273,,,,2004.0,1,5,6
Person,Yong Zou,,,,,11274,,,,,1,0,1
Album,Smiling So Hard It Hurts,,2013,Dream Pop,True,11275,,,,2013.0,3,3,6
Song,Laughter Leaking from My Eyes,True,2024,Dream Pop,True,11276,2024,,,2024.0,2,9,11
Person,Xia Yu,,,,,11277,,,,,1,0,1
Person,James Cain,,,,,11278,,,,,1,0,1
Person,Xiuying Wen,,,,,11279,,,,,2,0,2
Song,Euphoria's Overflow,False,2023,Darkwave,True,11280,2023,,,2023.0,4,8,12
Person,Kevin Davidson,,,,,11281,,,,,1,0,1
Person,Na Yang,,,,,11282,,,,,1,0,1
Person,Nicole Clark,,,,,11283,,,,,1,0,1
Song,Singular Spark,True,2021,Dream Pop,True,11284,,,,2021.0,2,10,12
Person,Rachael Stafford,,,,,11285,,,,,1,0,1
Person,Nicole Simmons,,,,,11286,,,,,3,0,3
Person,Guiying Yuan,,,,,11287,,,,,1,0,1
Person,Qiang Cui,,,,,11288,,,,,2,0,2
Person,Folker Jacob-Kreusel,,,,,11289,,,,,1,0,1
Song,Perfect Harmony,True,2003,Synthwave,True,11290,,,,2003.0,2,11,13
Person,Ming Xiong,,,,,11291,,,,,1,0,1
Song,The Only One,True,2011,Alternative Rock,True,11292,,,,2011.0,2,3,5
Person,Lisa Johnson,,,,,11293,,,,,1,0,1
Song,Incomparable Heart,True,2027,Blues Rock,True,11294,2027,,2027,2027.0,4,4,8
Person,James Li,,,,,11295,,,,,2,0,2
Person,Julie Gonzalez,,,,,11296,,,,,1,0,1
Person,Jason Weeks,,,,,11297,,,,,2,0,2
Album,Rodeo Retrograde,,2009,Indie Pop,True,11298,,,2009,2009.0,3,11,14
Song,Backwards in the Saddle,True,2009,Avant-Garde Folk,True,11299,,,,2009.0,4,4,8
Album,Flipped Frontier,,2020,Dream Pop,True,11300,,,,2020.0,3,14,17
Person,Jared Mercer,,,,,11301,,,,,1,0,1
Person,Kim Knight,,,,,11302,,,,,1,0,1
Song,Inverted Lasso,True,1991,Dream Pop,True,11303,1991,,,1991.0,3,4,7
Person,Elwira Heuser,,,,,11304,,,,,2,0,2
Person,Nirvaan Barman,,,,,11305,,,,,3,0,3
Person,Joseph Ramirez,,,,,11306,,,,,2,0,2
Person,Timothy Riley,,,,,11307,,,,,3,0,3
RecordLabel,Casimir Harmony,,,,,11308,,,,,0,1,1
Album,Solitude's Silent Footsteps,,2020,Indie Folk,True,11309,,,,2020.0,3,9,12
Person,Eric Sanchez,,,,,11310,,,,,2,0,2
Person,Amanda Black,,,,,11311,,,,,2,0,2
Person,Briana Johnson,,,,,11312,,,,,2,0,2
Person,Angela Rios,,,,,11313,,,,,1,0,1
Person,Maria Romero,,,,,11314,,,,,1,0,1
Person,Douglas Nguyen,,,,,11315,,,,,1,0,1
Song,Echoes of Solitary Streets,False,1987,Blues Rock,True,11316,,,,1987.0,2,4,6
Person,Michelle Caldwell,,,,,11317,,Nightshade Hymnal,,,2,0,2
Person,David Smith,,,,,11318,,,,,1,0,1
Album,Whispers Between Empty Pavements,,2017,Indie Rock,False,11319,,,,2017.0,4,9,13
Person,Tao Tang,,,,,11320,,,,,2,0,2
Person,Lucas Potter,,,,,11321,,,,,4,0,4
Song,The Unaccompanied Journey,True,2027,Alternative Rock,True,11322,,,,2027.0,5,5,10
Person,Jing Guo,,,,,11323,,,,,1,0,1
Person,Chao Tang,,,,,11324,,,,,1,0,1
Person,Li Tan,,,,,11325,,,,,1,0,1
Person,Jun Guo,,,,,11326,,,,,2,0,2
Song,Royal Reverence,True,1998,Lo-Fi Electronica,True,11327,,,,1998.0,3,22,25
Person,Qiang Lai,,,,,11328,,,,,2,0,2
Song,Crown and Conscience,True,2025,Space Rock,True,11329,2025,,,2025.0,3,10,13
Person,Ping Li,,,,,11330,,,,,1,0,1
Album,Sovereign's Whisper,,2025,Dream Pop,True,11331,,,,2025.0,8,12,20
Person,Colleen Frank PhD,,,,,11332,,,,,2,0,2
Song,Throne of Grace,True,2024,Dream Pop,True,11333,,,,2024.0,2,7,9
Person,Jie Jia,,,,,11334,,,,,1,0,1
Person,Mary Gomez,,,,,11335,,,,,1,0,1
Person,Jun Su,,,,,11336,,,,,1,0,1
Person,Tao Kang,,,,,11337,,,,,2,0,2
Person,Ming Xiao,,,,,11338,,,,,5,0,5
Song,Seaside Memories of Rustington,True,2024,Indie Rock,True,11339,,,,2024.0,2,13,15
Person,Xia Hao,,,,,11340,,,,,1,0,1
Person,Xiuying Shen,,,,,11341,,,,,2,0,2
Album,Fading Postcards from the Coast,,2027,Symphonic Metal,True,11342,,,,2027.0,3,11,14
Person,Min Yao,,,,,11343,,,,,2,0,2
Person,Xia Gu,,,,,11344,,,,,1,0,1
Person,Lei Huang,,,,,11345,,,,,2,0,2
Person,Jie Zhong,,,,,11346,,,,,3,0,3
Person,Angela Kelly,,,,,11347,,,,,1,0,1
Person,Wei Wang,,,,,11348,,,,,1,0,1
Person,Xiuying Han,,,,,11349,,,,,1,0,1
Person,Chao Tao,,,,,11350,,,,,1,0,1
Song,Pebbles and Pier: A Rustington Tale,True,1997,Indie Folk,True,11351,,,,1997.0,3,3,6
Album,Whispers of the Sussex Shoreline,,1994,Indie Pop,True,11352,1994,,,1994.0,3,7,10
Person,Debra Anderson,,,,,11353,,,,,1,0,1
Song,Bleeding Hearts and Razor Blades,True,2013,Jazz Surf Rock,True,11354,,,,2013.0,3,6,9
Person,Erin Smith,,,,,11355,,,,,2,0,2
Person,Teresa Bohlander,,,,,11356,,,,,1,0,1
Song,Sharp Edge of Desire,False,2026,Alternative Rock,True,11357,2026,,2026,2026.0,5,4,9
Person,Ronald Warner,,,,,11358,,,,,2,0,2
Song,Cutting Through Romance,True,2014,Alternative Rock,True,11359,,,,2014.0,2,3,5
Person,Michelle Montoya,,,,,11360,,,,,1,0,1
Person,Ryan King,,,,,11361,,,,,2,0,2
RecordLabel,Amplified Elevation,,,,,11362,,,,,0,1,1
Song,Fragile Wounds of Passion,True,2010,Blues Rock,True,11363,2007,,,2010.0,8,6,14
Person,Gwendolyn Fitzgerald,,,,,11364,,,,,2,0,2
Song,Swallow Your Pride,False,2016,Southern Gothic Rock,True,11365,,,,2016.0,5,9,14
Album,Bitter Gulp,,2011,Synthwave,True,11366,,,,2011.0,1,5,6
Person,Min Zeng,,,,,11367,,,,,2,0,2
Song,Forced Feast,True,2004,Southern Gothic Rock,True,11368,,,2004,2004.0,3,14,17
Song,Down the Hatch,True,2022,Jazz Surf Rock,True,11369,,,,2022.0,2,3,5
Person,Jessica Garcia,,,,,11370,,,,,2,0,2
Song,Spotlight on a Sweetheart,True,2027,Space Rock,True,11371,2027,,,2027.0,5,9,14
Person,Ming Zhou,,,,,11372,,,,,1,0,1
Person,Wei Tian,,,,,11373,,,,,1,0,1
Person,Guiying Zheng,,,,,11374,,,,,2,0,2
Person,Jie Liu,,,,,11375,,,,,3,0,3
Person,Na Lin,,,,,11376,,,,,1,0,1
Song,Pristine and Pampered,True,2010,Psychedelic Rock,True,11377,,,,2010.0,1,7,8
Song,Teenage Dream Machine,True,2004,Indie Folk,True,11378,,,,2004.0,2,5,7
Person,Lioba Vollbrecht,,,,,11379,,,,,1,0,1
Person,Stacey Armstrong,,,,,11380,,,,,2,0,2
Song,Perfectly Polished Persona,True,2020,Americana,True,11381,2020,,,2020.0,4,7,11
Person,Jeffery Mitchell,,,,,11382,,,,,1,0,1
Person,Michelle Aguirre,,,,,11383,,,,,1,0,1
Person,Alexis Vincent,,,,,11384,,,,,1,0,1
Song,Whispers from the Silk Road,True,2024,Dream Pop,True,11385,2024,,,2024.0,5,21,26
Person,Haley Joseph,,,,,11386,,,,,1,0,1
Person,Connor Lopez,,,,,11387,,,,,1,0,1
Person,Hannah Roberson,,,,,11388,,,,,1,0,1
Person,Benjamin Moore,,,,,11389,,,,,2,0,2
Person,Aaron Young,,,,,11390,,,,,1,0,1
Person,Robin Noble,,,,,11391,,,,,1,0,1
Person,Sarah Johnson,,,,,11392,,,,,1,0,1
Song,Shadows of the Ancient Scholar,True,2025,Americana,True,11393,,,,2025.0,3,1,4
RecordLabel,Sonic Cipher Records,,,,,11394,,,,,0,1,1
Song,Fragments of a Distant Memory,True,2029,Darkwave,True,11395,,,2029,2029.0,3,11,14
Person,William Peck,,,,,11396,,Dusk Static,,,1,0,1
Person,Lucas Jose Manuel Arnaiz Pinedo,,,,,11397,,,,,1,0,1
Person,Sara Estefanía Acedo Caro,,,,,11398,,,,,1,0,1
Person,Jennifer Mccoy,,,,,11399,,,,,2,0,2
Song,"Whoa, Whoa! (Remix Edition)",True,1985,Dream Pop,True,11400,,,,1985.0,1,6,7
Person,Patrick Carney,,,,,11401,,,,,1,0,1
Person,Jason Lopez,,,,,11402,,,,,2,0,2
Person,Chao Hao,,,,,11403,,,,,2,0,2
Song,"Ah, Ah! (Deluxe Cut)",True,2000,Emo/Pop Punk,True,11404,,,,2000.0,3,10,13
Song,"Hey, Hey! (Expanded Version)",True,2020,Psychedelic Rock,True,11405,,,,2020.0,3,11,14
Person,Billy Martinez,,,,,11406,, Rico Love,,,1,0,1
Person,Katie Smith,,,,,11407,,,,,2,0,2
Person,Aaron Medina,,,,,11408,,,,,1,0,1
Person,Carl Brown,,,,,11409,,,,,1,0,1
Person,Paul Williams,,,,,11410,,,,,1,0,1
Person,Laura Howard,,,,,11411,,,,,1,0,1
Person,Laura Johnson,,,,,11412,,,,,1,0,1
Album,"Wow, Wow! (Platinum Remix)",,2009,Alternative Rock,True,11413,2009,,,2009.0,3,6,9
Person,Benjamin Griffin,,,,,11414,,,,,1,0,1
Song,Barnyard Boulevard,True,2026,Darkwave,True,11415,,,,2026.0,4,6,10
Person,Gang Liao,,,,,11416,,,,,1,0,1
Person,Xia He,,,,,11417,,,,,1,0,1
Person,Qiang Mo,,,,,11418,,,,,2,0,2
Person,Guiying Tian,,,,,11419,,,,,1,0,1
Song,Oink of Belonging,True,2030,Synthwave,True,11420,,,,2030.0,3,5,8
Person,Xiulan Cheng,,,,,11421,,,,,2,0,2
Person,Ping Luo,,,,,11422,,,,,1,0,1
Song,Pigpen Postcards,True,2023,Psychedelic Rock,True,11423,,,,2023.0,2,7,9
Album,Fragments of Our Memory,,2010,Doom Metal,True,11424,,,,2010.0,3,3,6
Person,Jamie Schmidt,,,,,11425,,,,,3,0,3
Person,Holly Love,,,,,11426,,,,,3,0,3
RecordLabel,Ninth Orbit Records,,,,,11427,,,,,0,2,2
RecordLabel,Prime Axis Records,,,,,11428,,,,,0,2,2
Song,Echoes of What We Were,False,2027,Dream Pop,True,11429,,,,2027.0,2,5,7
Person,Jing Tan,,,,,11430,,,,,1,0,1
Song,Silhouettes of a Moment,True,2004,Indie Folk,True,11431,2004,,,2004.0,2,6,8
Song,Snapshots of Almost Love,True,2010,Dream Pop,True,11432,,,,2010.0,1,12,13
Person,Guiying Shen,,,,,11433,,,,,2,0,2
Person,Jun Meng,,,,,11434,,,,,2,0,2
Person,Jie Zhou,,,,,11435,,,,,2,0,2
Person,Seth Smith,,,,,11436,,,,,3,0,3
Person,Jie Tan,,,,,11437,,,,,1,0,1
Song,Whispers of Carmela,False,2022,Indie Pop,True,11438,,,,2022.0,2,4,6
Song,Carmela's Midnight Dance,True,2025,Southern Gothic Rock,True,11439,2025,,,2025.0,3,3,6
Person,Tiffany Fitzpatrick,,,,,11440,,,,,1,0,1
Person,Hannah Richard,,,,,11441,,,,,2,0,2
Song,The Forgotten Serenade of Carmela,True,2026,Dream Pop,True,11442,,,,2026.0,5,3,8
Person,Brandon Waller,,,,,11443,,,,,1,0,1
Person,Robert Strickland,,,,,11444,,,,,2,0,2
RecordLabel,Twilight Sonata,,,,,11445,,,,,0,1,1
Album,Echoes from Carmela's Heart,,2016,Alternative Rock,True,11446,,,,2016.0,2,6,8
Song,Urban Haze,True,2022,Indie Folk,True,11447,,,,2022.0,3,7,10
Person,Emily Merritt,,,,,11448,,,,,1,0,1
Album,Concrete Exhaust,,2010,Emo/Pop Punk,True,11449,,,,2010.0,11,4,15
Song,Charcoal Skyline,True,2019,Jazz Surf Rock,True,11450,,,2019,2019.0,2,3,5
Person,Jason Owens,,,,,11451,,,,,2,0,2
Person,Tara Dennis,,,,,11452,,,,,1,0,1
Song,Asphalt Breath,True,2023,Dream Pop,True,11453,,,,2023.0,10,6,16
Person,Lucas Hurley,,,,,11454,,,,,1,0,1
Person,Jing Wang,,,,,11455,,,,,1,0,1
RecordLabel,Pristine Sounds,,,,,11456,,,,,0,5,5
Song,Frozen Chambers,True,2023,Symphonic Metal,True,11457,,,,2023.0,3,4,7
Person,Chao Cao,,,,,11458,,,,,1,0,1
Song,Glacial Pulse,True,2026,Post-Apocalyptic Folk,True,11459,2026,,,2026.0,5,8,13
Person,Chao Zhu,,,,,11460,,,,,3,0,3
Person,Juan Song,,,,,11461,,,,,2,0,2
Person,Juan Su,,,,,11462,,,,,1,0,1
Album,Arctic Veins,,2017,Alternative Rock,True,11463,,,,2017.0,2,3,5
Person,Katherine Davis,,,,,11464,,,,,3,0,3
Song,Frost-Bitten Love,False,2028,Space Rock,True,11465,2028,,,2028.0,4,4,8
Person,Jun Wang,,,,,11466,,,,,1,0,1
Song,Percussive Daydream,True,2013,Lo-Fi Electronica,True,11467,,,,2013.0,6,7,13
Song,Whispers of the Dance Floor,True,1987,Southern Gothic Rock,True,11468,,,,1987.0,1,4,5
Person,Cheryl White,,,,,11469,,,,,2,0,2
Person,Nathaniel Alvarado,,,,,11470,,,,,1,0,1
RecordLabel,Sovereign Cadence,,,,,11471,,,,,0,2,2
Album,Footwork Philosophy,,2019,Dream Pop,True,11472,,,2019,2019.0,2,9,11
Person,Courtney Castillo,,,,,11473,,,,,1,0,1
Person,Tristan Chauveau,,,,,11474,,,,,1,0,1
Person,Juan Kang,,,,,11475,,,,,4,0,4
Person,Min Cheng,,,,,11476,,,,,1,0,1
Song,Forever in My Heart,True,2021,Lo-Fi Electronica,True,11477,,,,2021.0,11,3,14
Person,Min Liang,,,,,11478,,Tyler Sage,,,2,0,2
Album,Childhood Memories Never Fade,,2023,Dream Pop,True,11479,2020,,2023,2023.0,3,12,15
Person,Hubert Oderwald,,,,,11480,,,,,1,0,1
Person,Gudula Mitschke-Reuter,,,,,11481,,,,,1,0,1
Person,Annelise Berger,,,,,11482,,,,,1,0,1
Person,Alfonso Bähr,,,,,11483,,,,,1,0,1
Person,Lilo Christoph,,,,,11484,,,,,1,0,1
Album,Eternal Connection,,2010,Oceanus Folk,True,11485,2010,,,2010.0,2,9,11
Person,Wei Qian,,,,,11486,,,,,1,0,1
Person,Nicholas Porter,,,,,11487,,,,,1,0,1
Person,Xiuying Jia,,,,,11488,,,,,1,0,1
Person,Christine Turner,,,,,11489,,,,,1,0,1
Person,Li Dai,,,,,11490,,,,,1,0,1
Song,Crimson Betrayal,True,2012,Psychedelic Rock,True,11491,,,,2012.0,2,9,11
Person,Hector Porcel Gomis,,,,,11492,,,,,1,0,1
Person,Francisco Lyons,,,,,11493,,,,,1,0,1
Person,Nicolasa Zaragoza Asenjo,,,,,11494,,,,,2,0,2
Song,Whispers of a Blade,True,2015,Americana,True,11495,,,,2015.0,3,10,13
Person,Wei Tao,,,,,11496,,,,,1,0,1
Person,Tao Mao,,,,,11497,,,,,1,0,1
Person,Min Duan,,,,,11498,,,,,2,0,2
Song,Scarred Intentions,True,2029,Dream Pop,True,11499,2029,,,2029.0,4,3,7
Person,Christy Hicks,,,,,11500,,,,,1,0,1
Person,Nancy Arnold,,,,,11501,,,,,2,0,2
Song,Midnight's Sharp Embrace,True,2026,Americana,True,11502,,,,2026.0,3,9,12
Person,Katherine Ortega,,,,,11503,,,,,1,0,1
Person,Denise Price,,,,,11504,,,,,2,0,2
Person,Chao Fan,,,,,11505,,,,,1,0,1
Person,Emma Venditti-Brugnaro,,,,,11506,,,,,2,0,2
Person,Wei Pan,,,,,11507,,,,,2,0,2
Person,Susan Evans,,,,,11508,,,,,1,0,1
Song,"Mirror, Mirror",True,2029,Post-Apocalyptic Folk,True,11509,,,,2029.0,3,4,7
Person,Todd Thompson,,,,,11510,,,,,1,0,1
Person,Trevor Singh,,,,,11511,,,,,1,0,1
Person,Jody Jones,,,,,11512,,,,,1,0,1
Person,Tonya Wright,,,,,11513,,,,,1,0,1
Song,Selfie Syndrome,True,2007,Emo/Pop Punk,True,11514,,,,2007.0,7,7,14
Song,Perfectly Plastic,True,2025,Oceanus Folk,True,11515,,,,2025.0,4,4,8
Person,Katelyn Johnson,,,,,11516,,Eon,,,1,0,1
Person,Isaiah Morales,,,,,11517,,,,,2,0,2
Person,Richard Mckenzie,,,,,11518,,,,,1,0,1
RecordLabel,Sonora Heights,,,,,11519,,,,,0,1,1
Song,Reflections of Ego,True,2007,Emo/Pop Punk,True,11520,2007,,,2007.0,6,12,18
Song,The Whispers of Cawfield,False,2013,Doom Metal,True,11521,,,,2013.0,2,8,10
Album,Echoes from Archie's Valley,,2015,Psychedelic Rock,True,11522,,,,2015.0,1,5,6
Person,Kenneth Miller,,,,,11523,,,,,2,0,2
Person,Christopher Hughes,,,,,11524,,,,,1,0,1
Song,Shadows of the Forgotten Meadow,True,2020,Psychedelic Rock,True,11525,,,,2020.0,3,7,10
Song,Ballad of the Lone Shepherd,True,2019,Psychedelic Rock,True,11526,,,,2019.0,3,11,14
Song,Forest Whispers at Dawn,True,2009,Indie Rock,True,11527,,,,2009.0,2,6,8
Song,Emerald Canopy Sonata,False,2007,Desert Rock,True,11528,,,,2007.0,1,6,7
Person,Qiang Lu,,,,,11529,,,,,1,0,1
Person,Xiuying Yao,,,,,11530,,,,,1,0,1
Person,Ping Zhou,,,,,11531,,,,,1,0,1
Song,Woodland Symphony No. 1,True,2013,Alternative Rock,True,11532,,,2013,2013.0,6,5,11
Album,Beneath the Green Cathedral,,2020,Doom Metal,True,11533,2020,,,2020.0,4,5,9
Person,Brian Hamilton,,,,,11534,, Cyber Swan,,,1,0,1
Person,Alexandra Montes,,,,,11535,, D.R. Stone,,,1,0,1
Person,Scott Garcia,,,,,11536,,,,,1,0,1
Song,Echoes of a Minor Resonance,False,2026,Alternative Rock,True,11537,2026,,,2026.0,1,4,5
Song,Shadows Between the Strings,True,2020,Dream Pop,True,11538,2020,,,2020.0,2,5,7
Person,Xia Xu,,,,,11539,,,,,1,0,1
Person,Gang Zou,,,,,11540,,,,,1,0,1
Song,Whispers in C: A Fragmentary Lament,True,2013,Indie Rock,True,11541,2010,,,2013.0,2,7,9
Person,John Shaw,,,,,11542,,,,,1,0,1
Person,Isaac Lamb,,,,,11543,,,,,2,0,2
Person,Johnny Walker,,,,,11544,,,,,1,0,1
Person,James Rodriguez,,,,,11545,,,,,1,0,1
Song,Quartet of Quiet Dissonance,True,1992,Synthwave,True,11546,,,,1992.0,2,5,7
Person,Sean Blackburn,,,,,11547,,,,,2,0,2
Person,Leslie Hinton,,,,,11548,,,,,1,0,1
Person,Michael Wilson,,,,,11549,,,,,1,0,1
Album,Echoes of Forgotten Pavanes,,2020,Dream Pop,True,11550,,,2020,2020.0,5,10,15
Person,Matthew Gardner,,,,,11551,,,,,1,0,1
Person,Steven Keller,,,,,11552,,,,,2,0,2
Person,Lei Zhao,,,,,11553,,,,,1,0,1
Person,Carrie Perry,,,,,11554,,,,,1,0,1
Person,Laura Wolf,,,,,11555,,,,,1,0,1
Person,Gina Cooper,,,,,11556,,,,,2,0,2
Person,Amy Gonzalez,,,,,11557,,,,,1,0,1
Song,Renaissance Whispers,True,2015,Alternative Rock,True,11558,,,,2015.0,2,8,10
Person,Xia Dai,,,,,11559,,,,,1,0,1
Person,Ming Qiu,,,,,11560,,,,,1,0,1
Person,Lei Lin,,,,,11561,,,,,1,0,1
Song,Courtly Shadows and Silk,True,2025,Southern Gothic Rock,True,11562,,,,2025.0,2,7,9
Person,Michelle Atkins,,,,,11563,,,,,2,0,2
Song,Medieval Melodies Unbound,True,2004,Doom Metal,True,11564,2004,,,2004.0,1,5,6
Person,Sibylla Heintze,,,,,11565,,,,,1,0,1
Person,Krista Rogge,,,,,11566,,,,,1,0,1
Song,Wild Tonight,True,2023,Oceanus Folk,True,11567,,,,2023.0,4,6,10
Song,Unhinged Emotion,True,2020,Synthpop,True,11568,2013,,,2020.0,1,12,13
Song,Breaking Rational,True,2008,Indie Rock,True,11569,,,2008,2008.0,2,5,7
Person,Gang Yao,,,,,11570,,,,,1,0,1
Person,Otmar Fröhlich,,,,,11571,,,,,1,0,1
Song,Fever Pitch Madness,True,1995,Speed Metal,True,11572,,,1995,1995.0,2,5,7
Person,Sarah Patrick,,,,,11573,,,,,1,0,1
Song,Shadows of Her Silhouette,True,2013,Indie Rock,True,11574,2013,,,2013.0,2,7,9
Person,Jolanta Zirme,,,,,11575,,,,,1,0,1
Person,Angelina Ortmann,,,,,11576,,,,,4,0,4
RecordLabel,First Flight Records,,,,,11577,,,,,0,1,1
Song,Whispers in the Unknown,True,2026,Oceanus Folk,True,11578,2026,,,2026.0,1,8,9
Person,Jie Wang,,,,,11579,,,,,3,0,3
Person,Xia Du,,,,,11580,,,,,3,0,3
Person,Yong Tang,,,,,11581,,,,,1,0,1
Person,Tao Su,,,,,11582,,,,,1,0,1
Song,Veiled Intentions,True,2030,Synthwave,True,11583,,,,2030.0,4,8,12
Person,Guiying Bai,,,,,11584,,Echo Reverie,,,1,0,1
Person,Li Cheng,,,,,11585,,,,,1,0,1
Album,Secrets She Carries,,2020,Indie Folk,True,11586,,,,2020.0,3,6,9
Person,Fang Tian,,,,,11587,,,,,1,0,1
Person,Ping Deng,,,,,11588,,,,,1,0,1
Person,Li Lu,,,,,11589,,,,,2,0,2
Song,Midnight's Descent into Chaos,True,2026,Dream Pop,True,11590,,,,2026.0,4,9,13
Person,Lei Fan,,,,,11591,,,,,1,0,1
Person,Yang Ye,,,,,11592,,,,,2,0,2
Person,Wei Li,,,,,11593,,,,,1,0,1
Person,Chao Dai,,,,,11594,,,,,1,0,1
Person,Chao Du,,,,,11595,,,,,2,0,2
Person,Jun Dai,,,,,11596,,,,,2,0,2
Person,Guiying Liang,,,,,11597,,,,,1,0,1
Song,When Darkness Amplifies,True,2018,Lo-Fi Electronica,True,11598,,,2018,2018.0,3,5,8
Person,Lei Cai,,,,,11599,,,,,2,0,2
Person,Gang Kong,,,,,11600,,,,,2,0,2
Person,Guiying Mo,,,,,11601,,,,,4,0,4
Song,The Twilight Spiral,True,2021,Dream Pop,True,11602,,,,2021.0,4,5,9
Album,Shadows Grow Longer After Sunset,,2028,Jazz Surf Rock,True,11603,,,2028,2028.0,2,6,8
Person,Kristin Barber,,,,,11604,,,,,1,0,1
Person,Chris Tate,,,,,11605,,,,,1,0,1
Person,Deborah Wright,,,,,11606,,,,,1,0,1
Person,Jason Roberts,,,,,11607,,,,,3,0,3
Song,Childhood's Horizon,True,2024,Americana,True,11608,2024,,,2024.0,3,7,10
Person,Gang Wen,,,,,11609,,,,,1,0,1
Person,Ping Xie,,,,,11610,,,,,1,0,1
Person,Annette Mckee,,,,,11611,,,,,1,0,1
Song,Growing Silhouettes,False,2010,Indie Folk,True,11612,,,2010,2010.0,2,9,11
RecordLabel,Steel Valley Sound,,,,,11613,,,,,0,3,3
Song,Between Innocence and Ember,True,2009,Alternative Rock,True,11614,2009,,2009,2009.0,2,5,7
Person,Gabriel Malon,,,,,11615,,,,,4,0,4
RecordLabel,Lumina Sound,,,,,11616,,,,,0,1,1
Song,Adolescent Echoes,True,2023,Speed Metal,True,11617,2023,,,2023.0,4,14,18
Person,Lisa Ramos,,,,,11618,,,,,1,0,1
Person,Zachary Estes,,,,,11619,,,,,2,0,2
Person,Jose Harmon,,,,,11620,,,,,2,0,2
Person,Lindsey Terry,,,,,11621,,,,,1,0,1
Person,Alexis Dixon,,,,,11622,,,,,1,0,1
Song,Whispers of Tenderness,True,2026,Jazz Surf Rock,True,11623,,,,2026.0,2,7,9
Person,Gianfranco Trentini,,,,,11624,,Trentini,,,1,0,1
Person,Nicola Napolitano,,,,,11625,,Nicola,,,1,0,1
Person,Cassandra Zito,,,,,11626,,,,,1,0,1
Person,Nina Pareto,,,,,11627,,,,,1,0,1
Person,Antonietta Chittolini,,,,,11628,,,,,2,0,2
Album,Unspoken Embrace,,2012,Indie Pop,True,11629,2012,,,2012.0,4,6,10
Person,Océane Bouchet,,,,,11630,,,,,1,0,1
Person,Célina Collin de la Chauveau,,,,,11631,,,,,2,0,2
Person,Stéphanie Parent,,,,,11632,,,,,1,0,1
Person,Yves Gaudin,,,,,11633,,,,,1,0,1
Person,Michelle Monnier,,,,,11634,,,,,1,0,1
Song,Echoes of Intimacy,False,1999,Synthwave,True,11635,1999,,1999,1999.0,2,6,8
Person,Lucie Tanguy,,,,,11636,,,,,1,0,1
Song,Soft Murmurs Between Us,True,2019,Synthwave,True,11637,,,,2019.0,2,2,4
Person,Ming Yang,,,,,11638,,,,,1,0,1
Person,Qiang Zhang,,,,,11639,,,,,1,0,1
Song,Echoes of Faded Sweetness,True,2007,Dream Pop,True,11640,,,,2007.0,1,7,8
Song,Memories Like Whispered Honey,True,2008,Indie Folk,True,11641,,,,2008.0,1,4,5
Person,Lindsay Browning,,,,,11642,,,,,1,0,1
Person,John Holt,,,,,11643,,,,,2,0,2
Song,Tender Moments Dissolved,True,2004,Speed Metal,True,11644,,,,2004.0,1,4,5
Person,Milena Anichini-Barracco,,,,,11645,,,,,1,0,1
Song,Daddy's Little Ghost,True,2030,Alternative Rock,True,11646,2030,,,2030.0,5,10,15
Person,Min Chen,,,,,11647,,,,,1,0,1
Person,Wei Gao,,,,,11648,,,,,2,0,2
Person,Yang Kong,,,,,11649,,,,,1,0,1
Person,Jun Jiang,,,,,11650,,,,,1,0,1
Person,Imran van Maasgouw-Schroeff,,,,,11651,,,,,2,0,2
Song,Shadows of Approval,True,1985,Synthwave,True,11652,1982,,,1985.0,2,7,9
Person,Tammy Higgins,,,,,11653,,Solar Omen,,,1,0,1
Person,Justin Sullivan,,,,,11654,,,,,2,0,2
Song,Whispers Between Lovers,True,2026,Oceanus Folk,True,11655,,,,2026.0,5,4,9
Person,Qiang Cui,,,,,11656,,,,,1,0,1
Person,Jun Yuan,,,,,11657,,,,,1,0,1
Person,Lei Qiu,,,,,11658,,,,,1,0,1
Song,Echoes of Two Hearts,True,2024,Dream Pop,True,11659,,,2024,2024.0,3,16,19
Person,Patrick Howard,,,,,11660,, N.V. Blake,,,1,0,1
Person,Joe Humphrey,,,,,11661,,,,,1,0,1
Person,Austin Robinson,,,,,11662,,,,,1,0,1
Person,Kayla Gonzales,,,,,11663,,,,,1,0,1
Person,Jaroslav Putz,,,,,11664,,,,,1,0,1
Person,Dariusz Trupp,,,,,11665,,,,,1,0,1
Person,Terri Chapman,,,,,11666,,,,,2,0,2
Person,Felicia Walton,,,,,11667,,,,,1,0,1
Person,Ludmila Wesack,,,,,11668,,,,,1,0,1
Person,Jens-Uwe Pruschke,,,,,11669,,,,,1,0,1
Person,Kathleen Sutton,,,,,11670,,,,,1,0,1
Person,Nicholas Swanson,,,,,11671,,,,,1,0,1
Song,Sappho's Secret Garden,True,2020,Post-Apocalyptic Folk,True,11672,2020,,,2020.0,2,7,9
Person,Megan Bowers,,,,,11673,,,,,1,0,1
Person,Cameron Cohen,,,,,11674,,,,,1,0,1
Person,Haley Campbell,,,,,11675,,,,,1,0,1
RecordLabel,Suresnes Collective,,,,,11676,,,,,0,1,1
Song,Forbidden Embrace,True,2009,Lo-Fi Electronica,True,11677,2009,,2009,2009.0,5,22,27
Song,Moments Between Heartbeats,True,2023,Indie Folk,True,11678,2023,,,2023.0,3,7,10
Song,Snapshot of Forever,True,2026,Oceanus Folk,True,11679,,,,2026.0,4,9,13
Album,Twenty-Four Hours Unfolding,,2003,Speed Metal,True,11680,,,,2003.0,7,5,12
Song,The Day We Never Forget,True,2019,Psychedelic Rock,True,11681,,,,2019.0,3,13,16
Person,Elaine Miller,,,,,11682,,,,,1,0,1
Person,Li Sun,,,,,11683,,,,,1,0,1
Person,Yang Xiang,,,,,11684,,,,,1,0,1
Person,Dominique Newton,,,,,11685,,,,,1,0,1
Person,Guiying Fang,,,,,11686,,,,,1,0,1
Person,Jing Lin,,,,,11687,,,,,1,0,1
Person,Xiulan Qian,,,,,11688,,,,,1,0,1
Person,Lei Hu,,,,,11689,,,,,1,0,1
Person,Ming Cui,,,,,11690,,,,,1,0,1
Person,Guiying Shao,,,,,11691,,,,,1,0,1
Person,Yang Zhu,,,,,11692,,,,,1,0,1
Person,Patricia Maynard,,,,,11693,,,,,1,0,1
Person,Lei Cai,,,,,11694,,,,,1,0,1
RecordLabel,Homestead Harmony,,,,,11695,,,,,0,2,2
Song,Digital Reed,True,2017,Synthwave,True,11696,,,,2017.0,3,5,8
Person,Jamie Castro,,,,,11697,,,,,2,0,2
Person,Bradley Reeves Jr.,,,,,11698,,,,,1,0,1
RecordLabel,Workshop Transmissions,,,,,11699,,,,,0,1,1
RecordLabel,Verse Press Audio,,,,,11700,,,,,0,1,1
Album,Carbon Breath,,2010,Doom Metal,True,11701,2007,,,2010.0,1,7,8
Person,Hans-Gerhard Kuhl,,,,,11702,,Sable,,,3,0,3
Person,Annaliese Bolnbach,,,,,11703,,,,,3,0,3
Person,Jens-Peter Mosemann,,,,,11704,,,,,2,0,2
Person,Hinrich Dörschner,,,,,11705,,,,,2,0,2
Song,Quantum Woodwind,True,2029,Space Rock,False,11706,,,,2029.0,4,5,9
Person,Lei Ma,,,,,11707,,,,,1,0,1
Person,Yan Cheng,,,,,11708,,,,,1,0,1
Person,Gang Wen,,,,,11709,,,,,1,0,1
Person,Jie Hao,,,,,11710,,,,,1,0,1
Person,Shota Suzuki,,,,,11711,,,,,1,0,1
Album,Synthetic Serenade,,2023,Doom Metal,True,11712,,,,2023.0,3,12,15
Person,Ramona Petruzzi,,,,,11713,,,,,2,0,2
Person,Andrew Ellison,,,,,11714,,,,,1,0,1
Person,Sean Walters,,,,,11715,,,,,1,0,1
Person,Inès Collet,,,,,11716,,,,,3,0,3
Person,Olivier Munoz,,,,,11717,,,,,1,0,1
Song,Perfect Moment's Embrace,True,2013,Southern Gothic Rock,True,11718,2013,,,2013.0,2,5,7
Song,Sunlight Between Heartbeats,True,2024,Doom Metal,True,11719,2024,,,2024.0,3,6,9
Person,Camillo Liguori-Pistoletto,,,,,11720,, Jade Corona,,,1,0,1
Person,Mathilde Ribeiro,,,,,11721,,,,,1,0,1
Person,Robert White,,,,,11722,,,,,1,0,1
Person,Geronimo Morpurgo,,,,,11723,,,,,1,0,1
Person,Benjamin Leon,,,,,11724,,,,,1,0,1
Person,Thierry Fernandez Le Bègue,,,,,11725,,,,,1,0,1
Song,Today Feels Like Forever,True,2017,Indie Folk,True,11726,,,,2017.0,3,4,7
Person,Na Hou,,,,,11727,,,,,1,0,1
Person,Yan Hu,,,,,11728,,,,,2,0,2
Song,Whispers of Unexpected Joy,True,2013,Americana,True,11729,,,2013,2013.0,2,7,9
Album,Whispers of Guenerina,,2017,Indie Folk,True,11730,,,2017,2017.0,2,10,12
Person,David Jenkins,,,,,11731,,,,,1,0,1
Person,James Smith,,,,,11732,,,,,2,0,2
Person,Edward Clark,,,,,11733,,,,,1,0,1
Person,Robert Boone,,,,,11734,,,,,1,0,1
Person,William Miller,,,,,11735,,,,,1,0,1
Song,Echoes from the Forgotten Coast,True,2013,Symphonic Metal,True,11736,,,,2013.0,2,10,12
Song,Shadows of a Distant Name,True,2007,Indie Folk,True,11737,2007,,,2007.0,2,8,10
Person,James Murray,,,,,11738,,,,,1,0,1
Person,Marilyn Austin,,,,,11739,,,,,1,0,1
Song,Guenerina's Lament,False,2011,Indie Rock,True,11740,,,,2011.0,2,10,12
Person,Lori Gregory,,,,,11741,,,,,2,0,2
Person,Rodney Clark,,,,,11742,,,,,2,0,2
Person,Gernot Karz,,,,,11743,,,,,1,0,1
Album,Whispers of a Forgotten Name,,2017,Indie Rock,True,11744,,,,2017.0,3,10,13
Person,Travis Hill,,,,,11745,,,,,1,0,1
Song,Echoes in Silk and Shadow,True,2024,Americana,True,11746,2024,,,2024.0,3,5,8
Person,Lei Xue,,,,,11747,,,,,3,0,3
Person,Yong Lu,,,,,11748,,,,,1,0,1
Song,The Memory of Xiao,True,2024,Space Rock,True,11749,,,,2024.0,3,12,15
Person,Ming Chang,,,,,11750,,,,,1,0,1
Person,Yong Lei,,,,,11751,,,,,3,0,3
Person,Ming Ding,,,,,11752,,,,,2,0,2
Song,Fragile Lotus: A Ballad for Juan,True,2007,Symphonic Metal,True,11753,,,,2007.0,1,15,16
Person,Fang Qian,,,,,11754,, Solar Fang,,,1,0,1
Person,Xiuying Gu,,,,,11755,,,,,1,0,1
Person,Yang Qiu,,,,,11756,,,,,1,0,1
Person,Guiying Huang,,,,,11757,,,,,1,0,1
Person,Qiang Dong,,,,,11758,,,,,1,0,1
Person,Fang Liu,,,,,11759,,,,,2,0,2
Person,Jing Shen,,,,,11760,,,,,1,0,1
Person,Jun Wen,,,,,11761,,,,,1,0,1
Person,Tao Chang,,,,,11762,,,,,2,0,2
Person,Xiulan Guo,,,,,11763,,,,,2,0,2
Person,Ming Cui,,,,,11764,,,,,1,0,1
Song,Toxic Pulse,True,2018,Dream Pop,True,11765,,,,2018.0,3,3,6
Person,Anna Reyes,,,,,11766,,,,,3,0,3
Song,Venom's Whisper,False,2004,Oceanus Folk,True,11767,2004,,,2004.0,1,9,10
Song,The Slow Dissolve,True,2024,Dream Pop,True,11768,2021,,,2024.0,2,26,28
Person,Keith Navarro,,,,,11769,,Echeva,,,1,0,1
Person,David Clements,,,,,11770,,Davey Clements,,,1,0,1
Person,Birgid Junck-Sauer,,,,,11771,,,,,1,0,1
Person,Brandi Tran,,,,,11772,,,,,1,0,1
Person,Barbara Haas,,,,,11773,,,,,2,0,2
Person,Gabriel Ruppert,,,,,11774,,,,,1,0,1
Person,Brenda Hammond,,,,,11775,,,,,1,0,1
Person,Abdullah Bauer,,,,,11776,,,,,1,0,1
Person,David Patel,,,,,11777,,,,,1,0,1
Person,Susan Haney,,,,,11778,,,,,1,0,1
Person,Hans-Christian Drub,,,,,11779,,,,,2,0,2
Song,Poison in Veins,True,2027,Dream Pop,True,11780,,,,2027.0,7,7,14
Person,Tao Xu,,,,,11781,,,,,1,0,1
Person,Tao Su,,,,,11782,,,,,1,0,1
Person,Guiying Zhong,,,,,11783,,,,,1,0,1
Person,Chao Tian,,,,,11784,,,,,1,0,1
Song,Herencia de Piedra (Heritage of Stone),False,2024,Jazz Surf Rock,True,11785,,,,2024.0,2,9,11
Person,Guiying Tang,,,,,11786,,,,,2,0,2
Person,Xiuying Gu,,,,,11787,,,,,1,0,1
Album,Whispers Between Rooms,,2022,Indie Folk,True,11788,,,,2022.0,3,8,11
Person,Tracy Warner,,,,,11789,,,,,1,0,1
Person,Jun Huang,,,,,11790,,,,,1,0,1
Person,Bradley Brooks,,,,,11791,,,,,3,0,3
Person,Ping Han,,,,,11792,,,,,1,0,1
Song,Ancestral Echoes,True,1991,Dream Pop,False,11793,,,,1991.0,1,6,7
Person,Kimberly Stevens,,,,,11794,,,,,2,0,2
Person,Eric Gomez,,,,,11795,,,,,1,0,1
Person,Alison Nelson,,,,,11796,,,,,1,0,1
Song,Broker's Burden,True,2020,Oceanus Folk,True,11797,,,,2020.0,2,6,8
Person,Xiulan Lai,,,,,11798,,,,,1,0,1
Person,Lei Su,,,,,11799,,,,,1,0,1
Person,Gang Shen,,,,,11800,,,,,2,0,2
Song,Commission Junction,True,2029,Synthwave,False,11801,2026,,,2029.0,3,5,8
Person,Kim Bishop,,,,,11802,,Nova Serenade,,,1,0,1
Person,Gang Xia,,,,,11803,,,,,1,0,1
Person,Li Liao,,,,,11804,,,,,1,0,1
Song,The Go-Between,True,1990,Americana,True,11805,,,,1990.0,1,5,6
Person,Maite Cuevas Caballero,,,,,11806,,,,,2,0,2
Person,Charo Perez Castillo,,,,,11807,,,,,3,0,3
Song,Negotiator's Lament,True,2029,Indie Folk,True,11808,2029,,,2029.0,3,5,8
Person,April Mills,,,,,11809,,THE MVRK,,,1,0,1
Person,Dominique Delacruz,,,,,11810,,,,,1,0,1
Person,Stephanie Fowler,,,,,11811,,,,,2,0,2
Person,David Maddox,,,,,11812,,,,,1,0,1
Song,Voltage Celebration,False,2006,Alternative Rock,True,11813,2006,,,2006.0,3,7,10
Person,Torsten Etzold,,,,,11814,,Ardent,,,2,0,2
Song,Dance Floor Detonation,True,2017,Indie Folk,True,11815,,,2017,2017.0,1,5,6
Person,Darlene Chase,,,,,11816,,,,,1,0,1
Person,William Hawkins,,,,,11817,,,,,1,0,1
Person,Na Wei,,,,,11818,,,,,1,0,1
Song,Rhythm Reactor,True,2025,Dream Pop,True,11819,,,,2025.0,3,8,11
Person,Jing Mao,,,,,11820,,,,,1,0,1
Person,Guiying Lin,,,,,11821,,,,,2,0,2
Person,Jie Wen,,,,,11822,,,,,1,0,1
Person,Xia Liang,,,,,11823,,,,,1,0,1
Song,Bass Blast Bonanza,True,2020,Dream Pop,True,11824,,,,2020.0,7,12,19
Person,Ming Ye,,,,,11825,,,,,2,0,2
Song,Whispers of Ink and Memory,False,2025,Speed Metal,True,11826,,,,2025.0,5,3,8
Person,David Campbell,,,,,11827,,,,,2,0,2
Person,Jeff Lewis,,,,,11828,,,,,1,0,1
RecordLabel,Montagne Music,,,,,11829,,,,,0,2,2
Song,Verses from a Silent Room,False,2000,Synthwave,True,11830,2000,,,2000.0,2,7,9
Album,Fragments of a Poet's Breath,,2016,Oceanus Folk,True,11831,,,,2016.0,1,6,7
Person,Beppe Agazzi-Muratori,,,,,11832,, Foster,,,3,0,3
Person,Renata Manolesso,,,,,11833,,,,,2,0,2
Person,Zaira Balotelli-Peano,,,,,11834,,,,,3,0,3
Person,Elena Nibali,,,,,11835,,,,,1,0,1
Album,Unwritten Lines Between Shadows,,2010,Oceanus Folk,True,11836,2010,,2010,2010.0,2,4,6
Person,Kent Chen,,,,,11837,, Meridian,,,1,0,1
Person,Russell Bates,,,,,11838,,,,,2,0,2
Song,Pilgrims of Hope,True,2010,Indie Folk,True,11839,,,,2010.0,3,5,8
Person,Imran de Bruijn-Hendrikse,,,,,11840,,,,,1,0,1
Person,Hanna Aelftrud van Wessex,,,,,11841,,,,,1,0,1
Song,"Crossing Continents, Sharing Faith",True,2020,Americana,True,11842,,,2020,2020.0,2,10,12
Person,Tao Lu,,,,,11843,,,,,1,0,1
Person,Tao Gao,,,,,11844,,,,,1,0,1
Person,Min Zhao,,,,,11845,,,,,2,0,2
Person,Chao Shen,,,,,11846,,,,,2,0,2
Song,Echoes of a Global Generation,True,2023,Dream Pop,True,11847,,,,2023.0,7,10,17
Person,Gregory Reeves,,,,,11848,,,,,2,0,2
Person,Jeffrey Thompson,,,,,11849,,,,,2,0,2
Person,Cory Wall,,,,,11850,,,,,3,0,3
Song,Sunrise at the Sacred Gathering,True,2032,Dream Pop,True,11851,,,,2032.0,4,4,8
Person,Guiying Lei,,,,,11852,,,,,1,0,1
Person,Xia Tang,,,,,11853,,,,,2,0,2
Person,Li Wen,,,,,11854,,,,,1,0,1
Song,The Ballad of Fred Titmus,False,2007,Americana,True,11855,,,2007,2007.0,2,5,7
Person,Xiulan Fu,,,,,11856,,,,,2,0,2
Person,Gregory Frost,,,,,11857,,,,,1,0,1
Person,Melinda Gregory,,,,,11858,,,,,3,0,3
Album,Caught in the Cricket Crease,,2014,Lo-Fi Electronica,True,11859,,,,2014.0,5,5,10
Person,Paul Dunn,,,,,11860,,,,,1,0,1
Song,Fred's Unexpected Fame,True,2026,Dream Pop,True,11861,,,,2026.0,3,5,8
Person,Shannon Castro,,,,,11862,,,,,2,0,2
Person,Christopher Hardy,,,,,11863,,,,,1,0,1
Person,Sarah Wheeler,,,,,11864,,,,,2,0,2
RecordLabel,Stará Melodie,,,,,11865,,,,,0,1,1
Song,Tales from the Pavilion,True,2015,Jazz Surf Rock,True,11866,,,2025,2015.0,3,5,8
Person,Catherine Bolton,,,,,11867,,,,,2,0,2
Person,Beverly Thompson,,,,,11868,,,,,2,0,2
RecordLabel,Sonora Azul,,,,,11869,,,,,0,1,1
Song,Radiant Hearts,False,2028,Indie Folk,True,11870,,,,2028.0,3,5,8
Person,Chao Yuan,,,,,11871,,,,,1,0,1
Person,Jie Hu,,,,,11872,,,,,1,0,1
Person,Mariola Heser,,,,,11873,,,,,2,0,2
Person,Xiulan Dong,,,,,11874,,,,,1,0,1
Song,Brilliant Affection,False,1994,Dream Pop,True,11875,,,,1994.0,1,7,8
Person,Nicholas Burns,,,,,11876,,,,,1,0,1
Person,Bianca Singleton,,,,,11877,,,,,1,0,1
Song,Glowing Connection,False,2023,Alternative Rock,True,11878,2020,,,2023.0,7,5,12
Person,Jing Lu,,,,,11879,,,,,1,0,1
Song,"Two Hearts, One Village",True,2006,Southern Gothic Rock,True,11880,2006,,,2006.0,2,6,8
Person,Aitor Alcántara Diez,,,,,11881,,,,,2,0,2
Person,Jose Cerdán Paniagua,,,,,11882,,,,,2,0,2
Person,Marianela Vila Zaragoza,,,,,11883,,,,,3,0,3
Person,Flavio del Galán,,,,,11884,,,,,1,0,1
Song,Whispers of the Danish Countryside,True,2004,Americana,True,11885,2004,,,2004.0,3,4,7
Person,Ildefonso Aragón Guerra,,,,,11886,,,,,1,0,1
Person,Sosimo Donaire Marí,,,,,11887,,,,,3,0,3
Album,Mette's Promise,,2025,Psychedelic Rock,True,11888,2025,,,2025.0,3,4,7
Song,Echoes of Nils,True,2004,Blues Rock,True,11889,,,,2004.0,2,8,10
Song,Urban Exodus,True,2023,Americana,True,11890,,,,2023.0,2,5,7
Person,Xia Bai,,,,,11891,,,,,1,0,1
Person,Tao Yuan,,,,,11892,,,,,2,0,2
Album,Concrete Wanderers,,2023,Indie Rock,True,11893,,,,2023.0,2,4,6
Person,Chao Jin,,,,,11894,,,,,1,0,1
Person,John Buchanan,,,,,11895,,,,,1,0,1
Song,Skyscrapers in Retreat,True,2013,Alternative Rock,True,11896,2013,,,2013.0,3,4,7
Person,Nino Veneziano,,,,,11897,,,,,1,0,1
Person,Lando Parri,,,,,11898,,,,,1,0,1
Song,Asphalt and Dust,True,2020,Indie Rock,True,11899,2020,,,2020.0,4,6,10
Person,Jordan Lutz,,,,,11900,,,,,2,0,2
Person,Jackie Johnston,,,,,11901,,,,,1,0,1
Person,Amber Nguyen,,,,,11902,,,,,1,0,1
Person,Angela Lopez,,,,,11903,,,,,2,0,2
Song,The Polite Appointments,True,2020,Alternative Rock,True,11904,,,,2020.0,3,3,6
Song,Dinner Party Diplomacy,False,2004,Alternative Rock,True,11905,,,,2004.0,4,4,8
Person,Katrina Hendricks,,,,,11906,,,,,3,0,3
Song,Champagne and Pretense,True,2023,Indie Rock,True,11907,2023,,,2023.0,2,4,6
Person,Alison Armstrong,,,,,11908,,,,,1,0,1
Person,Joyce Norris,,,,,11909,,,,,2,0,2
Song,Silk Glove Rendezvous,True,2013,Synthwave,True,11910,,,,2013.0,2,4,6
Song,Time's Running Out,True,2026,Blues Rock,True,11911,,,2026,2026.0,2,6,8
Person,Guiying Fan,,,,,11912,,,,,1,0,1
Person,Guiying Peng,,,,,11913,,,,,2,0,2
Song,Patience Worn Thin,True,2027,Indie Folk,True,11914,,,,2027.0,4,10,14
Person,Jun Qiu,,,,,11915,,BLAKK RAYN,,,2,0,2
Person,Thomas Le,,,,,11916,,,,,1,0,1
Person,Calvin Cooper,,,,,11917,,,,,1,0,1
Person,Guiying Gong,,,,,11918,,,,,2,0,2
Person,Xiuying Xu,,,,,11919,,,,,1,0,1
Person,Wei Liang,,,,,11920,,,,,2,0,2
Person,Lei Jin,,,,,11921,,,,,1,0,1
RecordLabel,Jevelyn Records,,,,,11922,,,,,0,3,3
Song,Hurry Up and Love,True,2023,Indie Folk,True,11923,,,,2023.0,2,5,7
Person,Victoria Velazquez,,,,,11924,,,,,1,0,1
Person,Kimberly Guerrero,,,,,11925,,,,,1,0,1
Person,Angela Collins,,,,,11926,,,,,1,0,1
Person,Mary White,,,,,11927,,,,,2,0,2
Song,Seconds Ticking Away,True,2023,Doom Metal,True,11928,,,,2023.0,3,11,14
Person,Maggie-Margot Vallée,,,,,11929,,KXNG ECHO,,,2,0,2
Person,Stéphane Hernandez,,,,,11930,,,,,2,0,2
Person,Zoé Roux,,,,,11931,,,,,2,0,2
Person,Nicolas Blanc,,,,,11932,,,,,2,0,2
Person,Aurélie Traore de Grondin,,,,,11933,,,,,1,0,1
Person,Élisabeth Vasseur,,,,,11934,,,,,2,0,2
Person,Hélène Lévêque,,,,,11935,,,,,1,0,1
Song,Tender Destruction,True,2029,Emo/Pop Punk,True,11936,,,,2029.0,15,5,20
Person,Ashley Mahoney,,,,,11937,,,,,1,0,1
Song,Shattered Devotion,True,1998,Indie Pop,True,11938,,,1998,1998.0,2,5,7
Album,Poison of Affection,,2020,Lo-Fi Electronica,True,11939,,,,2020.0,1,6,7
Person,Elias Rouwenhorst,,,,,11940,,,,,1,0,1
Song,Embrace and Erase,True,2024,Indie Rock,True,11941,2024,,,2024.0,2,5,7
Song,Tokyo Nights and Neon Lights,True,2020,Indie Folk,True,11942,,,,2020.0,3,3,6
Person,Min Yin,,,,,11943,,,,,1,0,1
Person,Ming Luo,,,,,11944,,,,,2,0,2
Song,Bullet Train to Brilliance,False,2007,Doom Metal,True,11945,,,,2007.0,2,15,17
Person,Ping Kong,,,,,11946,,,,,1,0,1
Album,Sakura Street Serenade,,2026,Americana,True,11947,,,,2026.0,3,6,9
Song,Rising Sun Renegades,True,2012,Alternative Rock,True,11948,,,2012,2012.0,3,5,8
Album,Whispers of Verdant Awakening,,2022,Alternative Rock,True,11949,,,,2022.0,3,3,6
Person,Yong Zeng,,,,,11950,,,,,1,0,1
Song,Emerald Echoes of Renewal,False,2024,Synthwave,True,11951,2024,,,2024.0,3,6,9
Person,Yong Jiang,,,,,11952,,,,,1,0,1
Person,Fang Qian,,,,,11953,,,,,1,0,1
Person,Gang Mao,,,,,11954,,,,,2,0,2
Person,Jie Fang,,,,,11955,,,,,2,0,2
RecordLabel,Unmasked Audio,,,,,11956,,,,,0,2,2
Song,"Tender Roots, Unfurling Dreams",True,2030,Dream Pop,True,11957,,,,2030.0,5,4,9
Person,Steven Boyd,,,,,11958,, Sammy Cruz,,,1,0,1
Person,Renee Carr,,,,,11959,,Runaway Liturgy,,,1,0,1
Person,Stephanie Hanson,,,,,11960,,,,,2,0,2
RecordLabel,Eternal Sound Studios,,,,,11961,,,,,0,1,1
Album,Springtime's Gentle Symphony,,2013,Indie Folk,True,11962,,,,2013.0,2,5,7
Person,Min Zhao,,,,,11963,,,,,1,0,1
Person,Guiying Tang,,,,,11964,,,,,1,0,1
Person,Jun Qin,,,,,11965,,,,,2,0,2
Song,Burning Bright,False,2023,Synthwave,True,11966,,,,2023.0,2,7,9
Song,Flames of Unity,False,2006,Dream Pop,True,11967,2006,,,2006.0,2,6,8
Person,Jenny Dunn,,,,,11968,,,,,1,0,1
Person,Brandon Mccormick,,,,,11969,,,,,1,0,1
Person,Allison Duran,,,,,11970,,,,,2,0,2
Person,Brandon Payne,,,,,11971,,,,,1,0,1
Song,Ignite the Horizon,False,2026,Desert Rock,True,11972,,,,2026.0,3,7,10
Person,Guiying Bai,,,,,11973,,,,,2,0,2
Person,Jun Xie,,,,,11974,,,,,1,0,1
Person,Donald Nelson,,,,,11975,,,,,1,0,1
Person,Na Meng,,,,,11976,,,,,2,0,2
Person,Xiulan Lu,,,,,11977,,,,,1,0,1
Song,Sparks Unbound,True,2023,Oceanus Folk,True,11978,2023,,,2023.0,3,7,10
Person,Jose Garrett,,,,,11979,,,,,1,0,1
Song,Gather 'Round the Manger's Light,True,2020,Synthwave,True,11980,,,,2020.0,2,10,12
Person,Maria Freeman,,,,,11981,,,,,7,0,7
Person,Min Deng,,,,,11982,,,,,5,0,5
Person,Linda Reed,,,,,11983,,,,,9,0,9
Song,"Pilgrim Hearts, Rejoicing Night",True,1991,Blues Rock,True,11984,,,,1991.0,3,15,18
Album,"Faithful Travelers, Guided Home",,2020,Indie Folk,True,11985,,,,2020.0,6,8,14
Person,Xiulan Xie,,,,,11986,,,,,1,0,1
Person,Yang Jia,,,,,11987,,,,,1,0,1
Person,Ming Yao,,,,,11988,,,,,1,0,1
Song,Radiant Call of Bethlehem's Star,True,2007,Indie Folk,True,11989,,,,2007.0,2,5,7
Person,Nina Flaiano,,,,,11990,,,,,1,0,1
Person,Ippazio Lattuada,,,,,11991,,,,,1,0,1
Person,Venancio Belletini,,,,,11992,,,,,1,0,1
Person,Antonia Balotelli,,,,,11993,,,,,1,0,1
Person,Piermaria Modugno,,,,,11994,,,,,1,0,1
Album,Lazarus Lane,,2026,Dream Pop,True,11995,,,,2026.0,4,3,7
Person,Joshua Morrison,,,,,11996,,,,,2,0,2
Song,The Man Who Died Twice,True,2023,Doom Metal,True,11997,,,,2023.0,3,3,6
Album,Reborn from Ashes,,2019,Darkwave,True,11998,,,,2019.0,3,3,6
Person,Chelsea Mata,,,,,11999,,,,,1,0,1
Person,Angelica Ruiz,,,,,12000,,,,,2,0,2
Song,Phantom's Second Chance,False,2026,Post-Apocalyptic Folk,True,12001,,,,2026.0,6,3,9
Person,Caroline Lloyd,,,,,12002,,,,,3,0,3
RecordLabel,Pure Pulse Records,,,,,12003,,,,,0,2,2
Song,Coronation of Courage,False,2013,Indie Folk,True,12004,,,,2013.0,1,4,5
Person,Advik Singh,,,,,12005,,,,,2,0,2
Person,Rhea Bajwa,,,,,12006,,,,,1,0,1
RecordLabel,Thermal Springs Recordings,,,,,12007,,,,,0,1,1
Song,Sovereign's Stride,True,2014,Lo-Fi Electronica,True,12008,,,,2014.0,9,8,17
Album,Drums of the Ascendant,,2022,Americana,True,12009,,,,2022.0,5,5,10
Song,William's Victorious Path,True,2003,Alternative Rock,True,12010,,,,2003.0,1,11,12
Person,Shray Agarwal,,,,,12011,,,,,1,0,1
Person,Jivika Tank,,,,,12012,,,,,6,0,6
Song,Whispers After Dark,True,2026,Alternative Rock,True,12013,,,,2026.0,5,4,9
Person,Yang Shi,,,,,12014,,,,,1,0,1
Song,Echoes of Midnight,True,2017,Indie Folk,True,12015,,,2017,2017.0,2,6,8
Person,Jose Brown,,,,,12016,,,,,2,0,2
Person,Anthony Garcia,,,,,12017,,,,,1,0,1
Person,Jaclyn Smith,,,,,12018,,,,,1,0,1
Person,Erika Martin,,,,,12019,,,,,1,0,1
Song,Shadows and Reminiscence,False,2004,Synthwave,True,12020,,,,2004.0,3,6,9
Person,Kimberly Murphy,,,,,12021,,,,,2,0,2
Person,Donna Nelson,,,,,12022,,,,,2,0,2
Person,Michelle Gonzalez,,,,,12023,,,,,1,0,1
Person,Joseph Dillon,,,,,12024,,,,,1,0,1
Song,Nocturnal Reverie,True,2013,Lo-Fi Electronica,True,12025,,,2013,2013.0,4,6,10
Person,Na Ma,,,,,12026,,,,,2,0,2
Song,The Nocturnal Ravens of Munich's Skyline,True,2026,Dream Pop,True,12027,,,,2026.0,3,9,12
Person,Xiulan Kong,,,,,12028,,L1L SPECTR,,,1,0,1
Person,Qiang Wei,,,,,12029,,,,,1,0,1
Person,Jie Ren,,,,,12030,,,,,1,0,1
Song,Midnight Wings Over Bavarian Towers,True,2029,Dream Pop,True,12031,,,2029,2029.0,2,5,7
Person,Kayla Martinez,,,,,12032,,,,,2,0,2
Person,Thomas Mccoy,,,,,12033,,,,,1,0,1
Song,Shadowy Exodus: A Raven's Urban Escape,True,2029,Indie Folk,True,12034,,,,2029.0,5,4,9
Person,Yan Yin,,,,,12035,,,,,1,0,1
Album,Feathered Whispers of Munich's Dark Flight,,2027,Space Rock,True,12036,,,,2027.0,2,3,5
Person,Jing Dai,,,,,12037,,,,,1,0,1
Person,Xiuying Tan,,,,,12038,,,,,2,0,2
Album,Tiny Spark of Desire,,1991,Alternative Rock,True,12039,,,,1991.0,3,7,10
Person,Robert Johnson,,,,,12040,,,,,2,0,2
Song,Whispers and Touches,True,2004,Southern Gothic Rock,True,12041,,,,2004.0,10,10,20
Song,Gentle Heart's Embrace,True,2014,Southern Gothic Rock,False,12042,2014,,,2014.0,7,4,11
Song,Soft Love's First Light,True,2023,Dream Pop,True,12043,,,2023,2023.0,6,27,33
Person,Hinrich Weimer,,,,,12044,,,,,3,0,3
Song,Crayon of Destiny,True,2024,Psychedelic Rock,True,12045,,,2024,2024.0,2,7,9
Person,David Higgins,,,,,12046,,,,,1,0,1
Person,Thomas Stephens,,,,,12047,,,,,2,0,2
Person,Patrick Davenport,,,,,12048,,,,,1,0,1
Song,Narrative Unfolding,True,2020,Synthwave,False,12049,2020,,,2020.0,3,3,6
Person,Jing Song,,,,,12050,,,,,2,0,2
Person,Ping Duan,,,,,12051,,,,,1,0,1
Song,Chapters Yet Unwritten,True,2010,Dream Pop,True,12052,,,,2010.0,2,9,11
Person,Sarah Gardner,,,,,12053,, Bishop,,,4,0,4
Person,Jonathan Adams,,,,,12054,,,,,1,0,1
Person,Francisco Krein-Möchlichen,,,,,12055,,,,,4,0,4
Person,Michael Maddox,,,,,12056,,,,,5,0,5
RecordLabel,Echo Pulse,,,,,12057,,,,,0,6,6
Album,Ink and Intention,,1990,Darkwave,True,12058,1990,,,1990.0,1,4,5
Person,Juliusz Kominiak,,,,,12059,,,,,2,0,2
Album,Invisible Threads,,2004,Indie Rock,True,12060,,,,2004.0,1,5,6
Song,Echoes of Loyalty,True,2029,Dream Pop,True,12061,,,,2029.0,3,5,8
Person,Ming Yao,,,,,12062,,,,,2,0,2
Person,Ping Lu,,,,,12063,,,,,1,0,1
Person,Gang He,,,,,12064,,,,,1,0,1
Person,Lei Liu,,,,,12065,,,,,1,0,1
Song,"Borrowed Time, Shared Heart",True,1997,Synthpop,True,12066,,,,1997.0,2,4,6
Song,Fragments of Friendship,True,2024,Oceanus Folk,True,12067,,,,2024.0,4,8,12
Person,Xia Liu,,,,,12068,,,,,1,0,1
Person,Jessica Beck,,,,,12069,,,,,1,0,1
Person,Gang Yang,,,,,12070,,,,,2,0,2
Person,David Nash,,,,,12071,,,,,1,0,1
Song,Božské Tajemství v Rukou Času,True,2017,Psychedelic Rock,True,12072,2017,,,2017.0,2,7,9
Album,Nekonečná Moudrost Stvořitelova,,2020,Doom Metal,True,12073,2020,,,2020.0,3,8,11
Person,Tracy Jones,,,,,12074,,,,,1,0,1
Person,Michele Johnson,,,,,12075,,,,,1,0,1
Person,Tina Cook,,,,,12076,,,,,1,0,1
Person,Elizabeth Chase,,,,,12077,,,,,1,0,1
Person,Matthew Mclean,,,,,12078,,,,,1,0,1
Song,Zázraky Skryté za Obzorem Víry,True,2021,Synthwave,True,12079,,,,2021.0,1,10,11
Person,Guiying Shao,,,,,12080,,,,,1,0,1
Song,Boží Stopy v Pramenech Existence,True,2017,Doom Metal,False,12081,2017,,,2017.0,2,11,13
Person,Rolando Gagliardi,,,,,12082,,,,,6,0,6
Person,Vanessa Leon,,,,,12083,,,,,2,0,2
Person,Annalisa Saragat-Pininfarina,,,,,12084,,,,,2,0,2
Person,Lolita Speri,,,,,12085,,,,,1,0,1
Person,Christian Scott,,,,,12086,,,,,1,0,1
Person,Adrian Bridges,,,,,12087,,,,,1,0,1
RecordLabel,Rivière Sonore,,,,,12088,,,,,0,1,1
Album,Whispers of Eternal Promise,,1987,Jazz Surf Rock,True,12089,,,,1987.0,2,16,18
Person,Min Tao,,,,,12090,,,,,1,0,1
Song,Hearts Bound by Ancient Vows,True,1997,Southern Gothic Rock,True,12091,,,,1997.0,2,19,21
Person,Katherine Sullivan,,,,,12092,,,,,1,0,1
Person,Rachel Jones,,,,,12093,,,,,1,0,1
Person,Nicole Flynn,,,,,12094,,,,,2,0,2
Person,Danny Williams,,,,,12095,,,,,1,0,1
Person,Jennifer Hunt,,,,,12096,,,,,2,0,2
Person,Laura Braun,,,,,12097,,,,,2,0,2
RecordLabel,Black Ledger Records,,,,,12098,,,,,0,1,1
Album,Destiny's Tender Embrace,,2022,Lo-Fi Electronica,True,12099,,,,2022.0,6,4,10
Song,Soulmates Across the Winds,True,2013,Indie Pop,False,12100,2007,,,2013.0,4,5,9
Person,Phillip Barnes,,,,,12101,,Radiant,,,1,0,1
Song,Threads of Desire,True,2020,Synthwave,True,12102,,,,2020.0,1,4,5
Person,Juan Yao,,,,,12103,,,,,1,0,1
Album,The Silk Road Serenade,,2013,Doom Metal,True,12104,,,,2013.0,1,8,9
Song,Mannequin's Whisper,True,2017,Southern Gothic Rock,True,12105,,,2017,2017.0,10,4,14
Song,Couture and Consequence,True,2025,Dream Pop,True,12106,2025,,,2025.0,1,6,7
Person,Ming He,,,,,12107,,Solstice Monologue,,,1,0,1
Person,Chao Dong,,,,,12108,,,,,2,0,2
Song,Whispers of Fury,True,2013,Doom Metal,True,12109,,,,2013.0,2,12,14
Person,Mayte Salvà Durán,,,,,12110,,,,,2,0,2
Person,Fabiana Narváez Vazquez,,,,,12111,,,,,1,0,1
Person,Silvio Frías Castejón,,,,,12112,,,,,1,0,1
Person,Ariel Falcó Narváez,,,,,12113,,,,,1,0,1
Person,Borja Santamaria-Adán,,,,,12114,,,,,1,0,1
Person,Nico Castellanos García,,,,,12115,,,,,1,0,1
Person,Mohamed Cazorla,,,,,12116,,,,,1,0,1
Person,Amancio Delgado Morata,,,,,12117,,,,,1,0,1
Person,Alfredo del Pujol,,,,,12118,,,,,1,0,1
Person,Paula Mendizábal Alegria,,,,,12119,,,,,1,0,1
Album,Calm in the Storm's Embrace,,2024,Dream Pop,True,12120,2024,,2024,2024.0,3,14,17
Person,Anna Glass,,,,,12121,,,,,1,0,1
Person,Rebecca Robinson,,,,,12122,,,,,1,0,1
Person,Jamie Terry,,,,,12123,,,,,1,0,1
Person,Samuel Thompson,,,,,12124,,,,,1,0,1
Person,Nancy Macias,,,,,12125,,,,,1,0,1
Song,Taming the Tempest Within,False,2004,Indie Folk,True,12126,2004,,,2004.0,3,9,12
Person,Michael Frank,,,,,12127,,,,,2,0,2
Person,Xia Kang,,,,,12128,,,,,4,0,4
Person,Na Liao,,,,,12129,,,,,1,0,1
Album,Rage Like a Gentle Flame,,2007,Dream Pop,True,12130,,,,2007.0,6,3,9
Song,Walls of Infinite Grace,True,2023,Psychedelic Rock,True,12131,,,2023,2023.0,7,7,14
Person,Ashley Hernandez,,,,,12132,,,,,1,0,1
Person,Taylor Perry,,,,,12133,,,,,1,0,1
Person,Joseph Walton,,,,,12134,,,,,2,0,2
Person,Cory Carr,,,,,12135,,,,,1,0,1
Person,Christine Anderson,,,,,12136,,,,,1,0,1
Person,Peter Arnold,,,,,12137,,,,,1,0,1
Song,Unbreakable Divine Shelter,True,2030,Oceanus Folk,True,12138,2030,,,2030.0,6,10,16
Person,Amber Smith,,,,,12139,,,,,1,0,1
Person,Gang Zhu,,,,,12140,,,,,1,0,1
Person,Min Tian,,,,,12141,,,,,2,0,2
Song,Refuge Beyond Horizons,True,2028,Jazz Surf Rock,True,12142,2028,,,2028.0,2,4,6
Person,Robert Nunez,,,,,12143,,LO KEYZ,,,3,0,3
Person,Ming Duan,,,,,12144,,,,,2,0,2
Person,Guiying Xiang,,,,,12145,,,,,3,0,3
Song,Stronghold of Eternal Promise,False,2013,Indie Rock,True,12146,,,,2013.0,2,6,8
RecordLabel,Lilybaeum Records,,,,,12147,,,,,0,1,1
Song,Wah Wah Way,False,2022,Dream Pop,True,12148,,,,2022.0,1,3,4
Person,Yan Hou,,,,,12149,,,,,2,0,2
Song,Sing Song Swing,False,2007,Indie Folk,True,12150,,,2007,2007.0,3,15,18
Person,Chao Zeng,,,,,12151,,,,,1,0,1
Person,Tao Xu,,,,,12152,,,,,2,0,2
Person,Xiulan Liu,,,,,12153,,,,,1,0,1
Person,Yan Zou,,,,,12154,,,,,2,0,2
Person,Yang Pan,,,,,12155,,,,,3,0,3
Album,Rhythm Riddle,,2013,Indie Folk,True,12156,2013,,,2013.0,3,5,8
Person,Ping Qiao,,,,,12157,,,,,1,0,1
Person,Jie Meng,,,,,12158,,,,,1,0,1
Person,Ping Su,,,,,12159,,,,,2,0,2
Person,Guiying Tian,,,,,12160,,,,,1,0,1
Song,Vocal Vibe,True,2021,Indie Pop,True,12161,,,,2021.0,7,3,10
Song,Whispers from the Highlands,True,2018,Alternative Rock,True,12162,,,,2018.0,2,6,8
Song,Annie's Unbroken Vow,True,1997,Indie Pop,True,12163,,,,1997.0,1,3,4
Song,Echoes of a Maiden's Heart,True,2030,Dream Pop,True,12164,,,,2030.0,5,6,11
Person,Jie Cheng,,,,,12165,,,,,1,0,1
Person,Li Pan,,,,,12166,,,,,2,0,2
Person,Yan Li,,,,,12167,,,,,1,0,1
Person,Yang Song,,,,,12168,,,,,2,0,2
Song,The Ballad of Forgotten Grace,True,2020,Indie Folk,True,12169,,,,2020.0,1,7,8
Person,Gregory Huffman,,,,,12170,,,,,1,0,1
Person,Terry Clark,,,,,12171,,,,,2,0,2
Person,Timothy Lopez,,,,,12172,,,,,1,0,1
Song,Echoes Resonate,True,2023,Darkwave,True,12173,,,,2023.0,3,8,11
Person,Betty Faulkner,,,,,12174,,,,,1,0,1
Person,James Cruz,,,,,12175,,,,,1,0,1
Person,Daniel Cross,,,,,12176,,,,,1,0,1
Person,Sarah Benson,,,,,12177,,,,,1,0,1
Person,Aniela Chojna,,,,,12178,,,,,1,0,1
Song,Vibrations Unheard,True,2029,Post-Apocalyptic Folk,False,12179,,,,2029.0,3,11,14
Person,Tabitha Jones,,,,,12180,,,,,2,0,2
Person,Tyler Austin,,,,,12181,,,,,2,0,2
Person,Nina Anders,,,,,12182,,,,,1,0,1
Person,Jennifer Ruiz,,,,,12183,,,,,1,0,1
Person,Beth Walters,,,,,12184,,,,,1,0,1
Person,Rachel Luna,,,,,12185,,,,,1,0,1
Person,Jacob Wiek,,,,,12186,,,,,1,0,1
Person,Sharon Sanchez,,,,,12187,,,,,1,0,1
Person,Andrew Oneill,,,,,12188,,,,,1,0,1
RecordLabel,Sixth Street Studios,,,,,12189,,,,,0,1,1
Song,Sonic Whispers,False,2023,Indie Folk,True,12190,2023,,2023,2023.0,5,7,12
Person,Michael Baker,,,,,12191,,,,,1,0,1
Person,Fang Ma,,,,,12192,,,,,2,0,2
Person,Yang Cheng,,,,,12193,,,,,2,0,2
Person,Xiulan Mao,,,,,12194,,,,,1,0,1
Person,Ping Xia,,,,,12195,,,,,1,0,1
Song,Ringing Through Silence,True,2024,Dream Pop,True,12196,2024,,,2024.0,4,3,7
Person,Michelle Davis,,,,,12197,,,,,1,0,1
Person,Ryan Howard,,,,,12198,,,,,2,0,2
Song,Distant Heartstrings,True,2007,Doom Metal,True,12199,,,,2007.0,4,6,10
Song,Whispers of Unspoken Longing,False,2023,Alternative Rock,True,12200,,,,2023.0,2,3,5
Person,Piya Ravel,,,,,12201,,,,,2,0,2
Song,The Invisible Thread,True,2018,Jazz Surf Rock,True,12202,2018,,,2018.0,4,3,7
Person,Joe Mccarthy,,,,,12203,,,,,2,0,2
Song,Shadows Between Us,True,2024,Symphonic Metal,True,12204,2024,,,2024.0,6,11,17
Song,Riverside Freedom,True,2015,Dream Pop,True,12205,,,,2015.0,2,7,9
Person,Xiulan He,,,,,12206,,,,,1,0,1
Person,Jing Mao,,,,,12207,,,,,1,0,1
Person,Jing Long,,,,,12208,,,,,2,0,2
Song,Whispers of the Dnieper,True,2000,Blues Rock,True,12209,,,,2000.0,2,5,7
Person,Rémy-Richard Devaux,,,,,12210,,,,,1,0,1
Person,Patrick Leleu,,,,,12211,,,,,1,0,1
Person,Rosita Vollbrecht,,,,,12212,,,,,1,0,1
Song,Unbound Waters,True,2023,Synthwave,True,12213,,,,2023.0,4,6,10
Person,Heather Kennedy,,,,,12214,,,,,2,0,2
Person,Eric Armstrong,,,,,12215,,,,,1,0,1
Person,Tina Spencer,,,,,12216,,,,,2,0,2
Person,Jeff Farmer,,,,,12217,,,,,1,0,1
Album,Crimean Horizon,,2028,Synthwave,True,12218,2028,,,2028.0,2,4,6
Person,Matthew Phillips,,,,,12219,, Max Power,,,2,0,2
Song,No Compromise,True,2030,Dream Pop,True,12220,2030,,,2030.0,3,11,14
Person,Deanna Green,,,,,12221,,Orpheon Drive,,,1,0,1
Person,Tracy Camacho,,,,,12222,,,,,2,0,2
Person,Jennifer Acosta,,,,,12223,,,,,1,0,1
Person,Robert Stephens,,,,,12224,,,,,2,0,2
Person,Kristin Thomas,,,,,12225,,,,,1,0,1
Person,Miguel Shelton,,,,,12226,,,,,1,0,1
Person,Rebecca Ramirez,,,,,12227,,,,,1,0,1
Person,Mary Turner,,,,,12228,,,,,1,0,1
Person,Henry Ortega,,,,,12229,,,,,1,0,1
Song,Drawing the Line,True,2017,Doom Metal,True,12230,,,,2017.0,2,3,5
Person,Li Ma,,,,,12231,,,,,1,0,1
Person,Yan Lei,,,,,12232,,,,,2,0,2
Song,Breaking Point,True,2012,Indie Pop,True,12233,,,,2012.0,1,5,6
Album,Pushing Back,,2004,Indie Rock,True,12234,,,,2004.0,2,4,6
Person,Guiying Yin,,,,,12235,,,,,1,0,1
Person,Qiang Gao,,,,,12236,,,,,2,0,2
Song,Provence Aria,True,2023,Indie Rock,True,12237,,,,2023.0,1,12,13
Person,Lei Fu,,,,,12238,,,,,2,0,2
Person,Yan Dai,,,,,12239,,,,,2,0,2
Person,Daniel Mccormick,,,,,12240,,,,,1,0,1
Person,Lei Jin,,,,,12241,,,,,1,0,1
Album,Coastal Cantata,,2000,Indie Pop,True,12242,2000,,,2000.0,2,6,8
Person,Beverly Powell,,,,,12243,,,,,2,0,2
Person,James Mcmahon,,,,,12244,,,,,1,0,1
Song,Harbor Harmony,True,2017,Indie Folk,True,12245,,,,2017.0,3,15,18
Person,Juan Yang,,,,,12246,,,,,4,0,4
Person,Min Lei,,,,,12247,,,,,4,0,4
Person,Thomas Walsh,,,,,12248,,,,,2,0,2
RecordLabel,Nový Horizon,,,,,12249,,,,,0,4,4
Song,Mediterranean Melody,True,2025,Americana,True,12250,,,,2025.0,9,9,18
Person,Min Xu,,,,,12251,,,,,1,0,1
Person,Juan Song,,,,,12252,,,,,1,0,1
Person,Chao Ren,,,,,12253,,,,,1,0,1
Person,Qiang Yu,,,,,12254,,,,,1,0,1
Person,Fang Yi,,,,,12255,,,,,2,0,2
Person,Xia Chang,,,,,12256,,,,,1,0,1
Person,Xiuying Ye,,,,,12257,,,,,1,0,1
Person,Lei Qiu,,,,,12258,,,,,1,0,1
Song,Whispers of Manuela's Horizon,True,2026,Oceanus Folk,True,12259,,,2026,2026.0,2,2,4
Person,Ishaan Bal,,,,,12260,,,,,1,0,1
Person,Shlok Cherian,,,,,12261,,,,,1,0,1
RecordLabel,Volcanic Echo Records,,,,,12262,,,,,0,1,1
Song,Echoes from the Mountain's Heart,True,2025,Speed Metal,True,12263,,,,2025.0,3,3,6
Person,Rüdiger Schinke,,,,,12264,,,,,1,0,1
Person,Matthew Davidson,,,,,12265,,,,,1,0,1
Song,Manuela's Silent Passage,True,2017,Synthwave,True,12266,,,,2017.0,3,5,8
Person,Kimberly Moore,,,,,12267,,,,,2,0,2
Person,Kristy Miller,,,,,12268,,,,,1,0,1
Person,Min Cai,,,,,12269,,,,,1,0,1
Song,Shadows of a Forgotten Name,True,2013,Oceanus Folk,True,12270,2013,,,2013.0,2,8,10
Person,Jun Yi,,,,,12271,,,,,2,0,2
Person,Xia Yu,,,,,12272,,,,,1,0,1
Album,Whispers of the Les,,2000,Blues Rock,True,12273,,,,2000.0,1,7,8
Person,Gina Cox,,,,,12274,, Kenna,,,1,0,1
Person,Bryan Davis,,,,,12275,,,,,1,0,1
Song,Midnight in Les Halles,True,2027,Post-Apocalyptic Folk,True,12276,,,,2027.0,4,7,11
Person,Lei Shao,,,,,12277,, Beck,,,2,0,2
Person,Qiang Wang,,,,,12278,,,,,1,0,1
Person,Na Yu,,,,,12279,,,,,1,0,1
Person,Jing Ding,,,,,12280,,,,,1,0,1
Person,Todd Molina,,,,,12281,,,,,2,0,2
Album,Les: A Forgotten Memoir,,2027,Americana,True,12282,,,2027,2027.0,7,6,13
Person,Yong Tan,,,,,12283,,,,,1,0,1
Person,Li Jin,,,,,12284,,,,,1,0,1
Person,Li Li,,,,,12285,,,,,3,0,3
Person,Ping Meng,,,,,12286,,,,,2,0,2
Person,Ryan Adams,,,,,12287,,,,,3,0,3
Person,Min Huang,,,,,12288,,,,,3,0,3
Song,Shadows of Les Invalides,True,2029,Symphonic Metal,True,12289,,,,2029.0,2,2,4
Person,Andrea Green,,,,,12290,,,,,2,0,2
Song,Dust and Memories,True,2025,Synthwave,True,12291,,,,2025.0,1,6,7
Song,Trapped in My Own Skin,True,2023,Doom Metal,True,12292,,,,2023.0,3,5,8
Person,Dana Green,,,,,12293,,,,,1,0,1
Song,The Last Exit,True,2019,Alternative Rock,True,12294,2019,,,2019.0,3,9,12
Person,Li Ma,,,,,12295,,Myriad,,,1,0,1
Person,Gang Fu,,,,,12296,,,,,2,0,2
Person,Jie Ding,,,,,12297,,,,,1,0,1
Person,Xia Duan,,,,,12298,,,,,1,0,1
Person,Gang Fu,,,,,12299,,,,,2,0,2
Song,Permanent Passenger,True,2018,Lo-Fi Electronica,True,12300,2018,,,2018.0,1,4,5
Album,Heartbeat Horizon,,2026,Synthwave,True,12301,2026,,,2026.0,4,8,12
Person,Ming Yao,,,,,12302,, Indigo Storm,,,1,0,1
Person,Fang Xiao,,,,,12303,,,,,2,0,2
Person,Chao Xiong,,,,,12304,,,,,1,0,1
Person,Yang He,,,,,12305,,,,,2,0,2
Person,Yan Cheng,,,,,12306,,,,,1,0,1
Person,Yan Long,,,,,12307,,,,,1,0,1
RecordLabel,Roet's Passage,,,,,12308,,,,,0,2,2
Song,Whispers of Passion,True,2020,Darkwave,True,12309,2020,,,2020.0,1,6,7
Person,Tao Shen,,,,,12310,,,,,1,0,1
Person,Richard Gonzales,,,,,12311,,,,,2,0,2
Person,Wei Hu,,,,,12312,,,,,4,0,4
Album,Falling Into Forever,,2025,Dream Pop,True,12313,2025,,,2025.0,5,7,12
Person,Xia Han,,,,,12314,,,,,1,0,1
Person,Yan Ren,,,,,12315,,,,,1,0,1
Song,Rhythm of Us,True,2021,Dream Pop,True,12316,2021,,,2021.0,3,6,9
Person,Riaan Balan,,,,,12317,, Ben Echo,,,1,0,1
Person,Alicia Smith,,,,,12318,,,,,2,0,2
Person,Mary Freeman,,,,,12319,,,,,1,0,1
Person,Prisha Varkey,,,,,12320,,,,,1,0,1
RecordLabel,Midnight Zebra Records,,,,,12321,,,,,0,2,2
Song,The Vision of Maria,True,2029,Dream Pop,True,12322,,,,2029.0,3,8,11
Person,Matthew Lopez,,,,,12323,,,,,1,0,1
Person,Linda Garza,,,,,12324,,,,,1,0,1
Person,Jie Du,,,,,12325,,,,,1,0,1
Person,Ming Ma,,,,,12326,,,,,1,0,1
Person,Fang Feng,,,,,12327,,,,,1,0,1
Album,Maria's Celestial Reverie,,2026,Space Rock,True,12328,2026,,2036,2026.0,2,7,9
Person,Min Jiang,,,,,12329,,,,,1,0,1
Person,Yong Hu,,,,,12330,,,,,2,0,2
Person,Lei Qiao,,,,,12331,,,,,1,0,1
Song,Whispers in Maria's Slumber,True,2010,Oceanus Folk,True,12332,2010,,,2010.0,1,11,12
Song,Dreams Beyond the Veil,True,2013,Doom Metal,True,12333,,,,2013.0,2,5,7
Person,Xiulan Jiang,,,,,12334,,,,,2,0,2
Person,Fang Shen,,,,,12335,,,,,1,0,1
Person,Yang Ma,,,,,12336,,,,,1,0,1
Person,Li Lin,,,,,12337,,,,,7,0,7
Song,Lanterns of the Ancient Capital,True,2020,Doom Metal,True,12338,,,,2020.0,2,11,13
Person,Juan Yin,,,,,12339,,,,,1,0,1
Person,Jose White,,,,,12340,,,,,1,0,1
Person,Xiuying Lei,,,,,12341,,,,,2,0,2
Person,Erin Moses,,,,,12342,,,,,2,0,2
Person,Jing Cao,,,,,12343,,,,,1,0,1
Song,Whispers from the Bamboo Grove,True,2021,Alternative Rock,True,12344,2014,,2021,2021.0,9,6,15
Song,Geisha's Midnight Melody,True,1993,Blues Rock,True,12345,,,,1993.0,2,4,6
Song,Temples and Shadows,True,2009,Speed Metal,True,12346,,,,2009.0,7,7,14
Song,Broken Generation,True,2026,Darkwave,True,12347,,,2026,2026.0,7,5,12
Person,Ming Lu,,,,,12348,,,,,1,0,1
Person,Jing Duan,,,,,12349,,,,,1,0,1
Song,Playground Panic,True,2023,Southern Gothic Rock,True,12350,2023,,,2023.0,3,3,6
Person,Yang Xiao,,,,,12351,,,,,2,0,2
Song,Silenced Screams,False,2026,Dream Pop,True,12352,,,,2026.0,3,6,9
Person,Sherry Bell,,,,,12353,,Echo Epoch,,,1,0,1
Person,James Middleton,,,,,12354,,,,,2,0,2
Person,Jacob Gomez,,,,,12355,,,,,1,0,1
RecordLabel,Great Jewel Sound,,,,,12356,,,,,0,1,1
RecordLabel,Novela Sound,,,,,12357,,,,,0,1,1
Song,Fractured Futures,True,2029,Symphonic Metal,True,12358,,,2029,2029.0,5,4,9
Person,Samiha Hayre,,,,,12359,,,,,2,0,2
Person,Anahi Buch,,,,,12360,,,,,1,0,1
Person,Jhanvi Krishnamurthy,,,,,12361,,,,,1,0,1
Album,Dust and Spurs,,2024,Oceanus Folk,True,12362,,,2040,2024.0,4,9,13
Person,Xiulan Xu,,,,,12363,,,,,1,0,1
Person,Xiulan Gu,,,,,12364,,,,,1,0,1
Song,Lonesome Trail Ballad,True,2013,Americana,True,12365,2010,,,2013.0,4,5,9
Album,Bronco's Last Breath,,2023,Synthwave,True,12366,,,2023,2023.0,1,9,10
Song,Sunset in the Saddle,True,2007,Indie Folk,True,12367,2007,,,2007.0,3,7,10
Person,Jolanda Salz,,,,,12368,,,,,3,0,3
Song,Fallout Shelter Lullaby,True,2025,Dream Pop,True,12369,,,,2025.0,4,7,11
Person,Guiying Chang,,,,,12370,,,,,1,0,1
Person,Yang Zheng,,,,,12371,,,,,2,0,2
Person,Jing Wu,,,,,12372,,,,,1,0,1
Song,Proxy Battlefield,True,2005,Lo-Fi Electronica,True,12373,,,,2005.0,3,13,16
Person,Li Long,,,,,12374,,,,,2,0,2
Song,The Iron Curtain's Shadow,True,2007,Southern Gothic Rock,True,12375,2007,,,2007.0,6,5,11
Song,Mutually Assured Silence,True,2019,Synthwave,True,12376,,,,2019.0,3,8,11
Person,Fang Lu,,,,,12377,,,,,1,0,1
Person,Yong Jia,,,,,12378,,,,,1,0,1
Person,Jessica Fry,,,,,12379,,,,,2,0,2
Person,Pamela Reynolds,,,,,12380,,,,,1,0,1
Person,Yang Song,,,,,12381,,,,,2,0,2
Song,21 [Tjugoett] Mountain Path Polskas,False,2011,Alternative Rock,True,12382,2011,,,2011.0,2,12,14
Person,Mark Crawford,,,,,12383,,,,,1,0,1
Song,Northern Fiddle Whispers: 19 Twilight Melodies,True,2017,Indie Folk,True,12384,,,,2017.0,3,3,6
Person,Elladio Badoer-Beccaria,,,,,12385,,,,,1,0,1
Song,Wilderness Echoes: Sámi Violin Chronicles,True,2029,Indie Folk,True,12386,,,,2029.0,7,12,19
Person,Fang He,,,,,12387,,Requiem,,,1,0,1
Person,Chao Song,,,,,12388,,,,,1,0,1
Song,Midnight Reindeer Dance: Nordic Folk Harmonies,True,2017,Space Rock,True,12389,,,,2017.0,2,11,13
Person,Xiuying Song,,,,,12390,,Vinny Carter,,,2,0,2
Person,Justin Kirk,,,,,12391,,,,,1,0,1
Person,Dennis Wood,,,,,12392,,,,,2,0,2
Song,Everywhere But Home,True,2026,Dream Pop,True,12393,,,,2026.0,4,6,10
Person,Ming Yang,,,,,12394,,,,,1,0,1
Song,Wandering Horizons,True,2020,Indie Folk,True,12395,,,2020,2020.0,3,9,12
Song,Across All Distances,True,2007,Lo-Fi Electronica,True,12396,2007,,,2007.0,4,4,8
Song,Roaming Without Roots,True,2007,Dream Pop,True,12397,2007,,,2007.0,1,25,26
Person,Ming Lei,,,,,12398,,,,,1,0,1
Person,Li Xie,,,,,12399,,,,,1,0,1
Person,Wei Liao,,,,,12400,,,,,2,0,2
Album,Hidden Reflections,,2027,Americana,True,12401,,,,2027.0,7,9,16
Person,Li Fan,,,,,12402,,,,,2,0,2
Person,Kathryn Garcia,,,,,12403,,,,,2,0,2
Person,Yong Wei,,,,,12404,,,,,1,0,1
Person,Susan Holmes,,,,,12405,,,,,1,0,1
Person,Xiulan Meng,,,,,12406,,,,,1,0,1
RecordLabel,Hafling Harmony,,,,,12407,,,,,0,1,1
Song,Fragments of Self,True,2010,Doom Metal,True,12408,,,,2010.0,1,3,4
Person,Angela Wolfe,,,,,12409,,,,,1,0,1
Song,The Unfolding Identity,True,2029,Doom Metal,True,12410,,,,2029.0,5,15,20
Person,Loïs Knoers,,,,,12411,,,,,1,0,1
Person,Brian Brewer,,,,,12412,,,,,1,0,1
Person,Randall Johnson,,,,,12413,,,,,2,0,2
Person,Justin Campbell,,,,,12414,,,,,2,0,2
Person,Michael Bradford,,,,,12415,,,,,1,0,1
Person,Crystal Norman,,,,,12416,,,,,2,0,2
Person,Isabell Wulff,,,,,12417,,,,,2,0,2
Song,Echoes of My Inner Voice,True,2028,Post-Apocalyptic Folk,True,12418,,,,2028.0,6,4,10
Person,Li Fan,,,,,12419,, Pearl,,,1,0,1
Person,Martha Patrick,,,,,12420,,,,,2,0,2
Person,Wei Liu,,,,,12421,,,,,1,0,1
Song,Emerald Eyes of Possession,True,2014,Synthwave,True,12422,2011,,,2014.0,3,5,8
Person,Qiang Qian,,,,,12423,,,,,2,0,2
Person,Qiang Liang,,,,,12424,,,,,3,0,3
Song,Burning Chains of Desire,True,2012,Synthwave,True,12425,2009,,,2012.0,3,8,11
Person,Heinz-Günter Kallert,,,,,12426,,,,,1,0,1
Person,Fredy Lange,,,,,12427,,,,,2,0,2
Song,Whispers of the Restless Heart,True,1987,Speed Metal,True,12428,1987,,,1987.0,2,4,6
Song,Sonic Magnitude,False,2028,Jazz Surf Rock,True,12429,,,,2028.0,5,8,13
Person,Xia Mao,,,,,12430,,,,,1,0,1
Person,Juan Zhong,,,,,12431,,,,,1,0,1
Person,Guiying Qian,,,,,12432,,,,,1,0,1
Person,Jun Qin,,,,,12433,,,,,1,0,1
Song,Harmony's Horizon,False,2023,Psychedelic Rock,True,12434,,,,2023.0,4,7,11
Person,Mathias Tröst,,,,,12435,,,,,1,0,1
Person,Bekir Ladeck,,,,,12436,,,,,1,0,1
Person,Liesbeth Köhler,,,,,12437,,,,,1,0,1
Person,Gerold Boucsein-Oestrovsky,,,,,12438,,,,,1,0,1
Person,Heinz-Dieter Pruschke,,,,,12439,,,,,2,0,2
Person,Jasmin Rogner,,,,,12440,,,,,1,0,1
Song,Crescendo Cosmos,True,2028,Desert Rock,True,12441,2028,,,2028.0,4,5,9
Person,Ping Yu,,,,,12442,,,,,1,0,1
RecordLabel,Plenary Session Archives,,,,,12443,,,,,0,1,1
RecordLabel,Sonic Soul Studios,,,,,12444,,,,,0,1,1
Song,The Infinite Melody,False,2020,Synthpop,True,12445,,,,2020.0,1,9,10
Person,Nicholas Harris,,,,,12446,,,,,2,0,2
Person,Adam Christian,,,,,12447,,,,,1,0,1
Person,Matthew Lara,,,,,12448,,,,,1,0,1
Person,Yan Feng,,,,,12449,,,,,1,0,1
Person,Laura Mejia,,,,,12450,,,,,1,0,1
Song,Silence After the Last Dance,True,2024,Dream Pop,True,12451,,,2024,2024.0,4,22,26
Person,Anthony Davis,,,,,12452,,Astral Concord,,,1,0,1
Person,Robert Holland,,,,,12453,,,,,1,0,1
Person,Julie Graves,,,,,12454,,,,,1,0,1
Person,Erik Alvarez,,,,,12455,,,,,1,0,1
Person,Xavier Kane,,,,,12456,,,,,1,0,1
Person,Carl Osborne,,,,,12457,,,,,2,0,2
Person,Patrick Thompson,,,,,12458,,,,,1,0,1
Person,Michael Moore,,,,,12459,,,,,1,0,1
Person,Karen Smith,,,,,12460,,,,,1,0,1
Person,Nicole Williams,,,,,12461,,,,,1,0,1
Person,Joseph Buchanan,,,,,12462,,,,,1,0,1
Person,Nicholas Ortiz,,,,,12463,,,,,2,0,2
Person,Gary White,,,,,12464,,,,,1,0,1
Person,Joel Valentine,,,,,12465,,,,,1,0,1
Person,Shawn Soto,,,,,12466,,,,,1,0,1
Person,Mary Ross,,,,,12467,,,,,1,0,1
Person,Mario Weeks,,,,,12468,,,,,1,0,1
Song,Confetti and Goodbyes,True,2023,Indie Folk,True,12469,,,,2023.0,3,7,10
Person,Tao Zhu,,,,,12470,,,,,4,0,4
Person,Xiulan Sun,,,,,12471,,,,,2,0,2
Person,Jie Kang,,,,,12472,,,,,2,0,2
Person,Wei Yuan,,,,,12473,,,,,1,0,1
Person,Chao Wei,,,,,12474,,,,,2,0,2
Song,When the Music Fades,False,1997,Southern Gothic Rock,True,12475,,,,1997.0,3,12,15
Person,Tadeusz Majorek,,,,,12476,,,,,1,0,1
Person,Jacek Gorol,,,,,12477,,,,,1,0,1
Song,"Empty Ballrooms, Weary Hearts",True,2028,Dream Pop,True,12478,,,,2028.0,5,12,17
Person,Xiulan Song,,,,,12479,,,,,1,0,1
Person,Fang Xiao,,,,,12480,,,,,3,0,3
Person,Steven Smith,,,,,12481,,,,,1,0,1
Person,Wei Luo,,,,,12482,,,,,1,0,1
Person,Yan Yang,,,,,12483,,,,,4,0,4
Person,Jie Xie,,,,,12484,,,,,2,0,2
Person,Lei Bai,,,,,12485,,,,,1,0,1
Person,Brittany Holmes,,,,,12486,,,,,1,0,1
Person,Yan Fu,,,,,12487,,,,,1,0,1
Person,Xia Liang,,,,,12488,,,,,2,0,2
Album,Whispers of Gratitude,,2023,Lo-Fi Electronica,True,12489,,,,2023.0,7,8,15
Song,Celestial Praise,True,2029,Oceanus Folk,True,12490,2029,,,2029.0,6,9,15
Person,Guiying Zhong,,,,,12491,,,,,2,0,2
Person,Qiang Yang,,,,,12492,,,,,2,0,2
Person,Lei Liao,,,,,12493,,,,,1,0,1
Song,Echoes from the Sacred,False,2022,Indie Pop,True,12494,,,,2022.0,3,5,8
Person,Marguerite Faure,,,,,12495,,,,,1,0,1
RecordLabel,Lumina Soundworks,,,,,12496,,,,,0,1,1
Album,Reverent Breath,,2004,Dream Pop,True,12497,2004,,,2004.0,3,3,6
Album,Launch Protocol,,2004,Southern Gothic Rock,True,12498,,,,2004.0,1,5,6
Person,Steven Schultz,,,,,12499,,,,,2,0,2
Person,Steven Smith,,,,,12500,,,,,1,0,1
Song,Full Throttle,True,2029,Doom Metal,True,12501,,,,2029.0,3,4,7
Person,Alisha Fernandez,,,,,12502,,,,,2,0,2
Person,Betty Vega,,,,,12503,,,,,1,0,1
Person,Tyler Smith,,,,,12504,,,,,1,0,1
Song,Zero Hesitation,True,2010,Dream Pop,True,12505,,,,2010.0,5,8,13
Person,Xiuying Tang,,,,,12506,,,,,1,0,1
Person,Jennifer Olson,,,,,12507,,,,,1,0,1
Album,Silent Exclamation,,2025,Dream Pop,True,12508,,,,2025.0,2,8,10
Person,Yang Li,,,,,12509,,,,,2,0,2
Person,Min Yin,,,,,12510,,,,,3,0,3
Person,Juan Bai,,,,,12511,,,,,2,0,2
Song,Unspoken Rhythm,False,2029,Indie Rock,True,12512,,,,2029.0,4,3,7
Person,Indrajit Chana,,,,,12513,,,,,2,0,2
Person,Fateh Bhatt,,,,,12514,,,,,1,0,1
Album,Melodic Gasp,,2017,Psychedelic Rock,True,12515,,,,2017.0,4,13,17
Person,Ashley Hanson,,,,,12516,,,,,1,0,1
Song,Tidal Whispers,True,2007,Lo-Fi Electronica,True,12517,,,,2007.0,2,17,19
Album,Scales and Streetlights,,2000,Synthwave,True,12518,2000,,,2000.0,2,9,11
Person,Trevor Weiss,,,,,12519,, Quest,,,1,0,1
Person,Jing Gu,,,,,12520,,,,,1,0,1
Song,Siren's Crosswalk,True,2010,Indie Folk,True,12521,,,,2010.0,2,3,5
Person,Jing Wan,,,,,12522,,,,,2,0,2
Person,Jun Long,,,,,12523,,,,,3,0,3
Song,Reef Road Reverie,False,2030,Oceanus Folk,True,12524,,,,2030.0,3,7,10
Person,Jie Li,,,,,12525,,Harmonic Paradox,,,1,0,1
Person,Na Dai,,,,,12526,,,,,5,0,5
Person,Xia Wu,,,,,12527,,,,,4,0,4
Person,Mary King,,,,,12528,,,,,1,0,1
Person,Xia Zhao,,,,,12529,,,,,2,0,2
RecordLabel,Sovereign Sound,,,,,12530,,,,,0,1,1
Song,Midnight Heartland,True,2000,Dream Pop,True,12531,2000,,2000,2000.0,3,7,10
Person,Xavier Gaillard,,,,,12532,,,,,4,0,4
Person,Tyler Martinez,,,,,12533,,,,,1,0,1
Song,Cradle of Echoes,True,2025,Alternative Rock,True,12534,,,,2025.0,4,2,6
Song,Whispers from the Fifty States,True,2027,Darkwave,True,12535,,,,2027.0,9,4,13
Person,Monica Coleman,,,,,12536,,,,,2,0,2
Person,Guiying Yao,,,,,12537,,,,,2,0,2
Album,"Dreaming in Red, White, and Blue",,2014,Symphonic Metal,True,12538,2014,,,2014.0,3,15,18
Person,Gang Cheng,,,,,12539,,,,,1,0,1
Song,Klíče od cizího života (Keys to a Stranger's Life),True,2026,Indie Folk,True,12540,,,,2026.0,2,5,7
Person,Wei Qiu,,,,,12541,,,,,1,0,1
Person,Jie Fang,,,,,12542,,,,,1,0,1
Song,"Prázdný pokoj, plné vzpomínky (Empty Room, Full Memories)",False,2017,Indie Folk,True,12543,,,,2017.0,2,5,7
Person,Yang Jin,,,,,12544,,,,,2,0,2
Person,Yan Lu,,,,,12545,,,,,1,0,1
Song,Stěny mluví tiše (Walls Speak Softly),True,2010,Alternative Rock,True,12546,,,,2010.0,5,6,11
Song,Dočasný domov (Temporary Home),True,2023,Indie Folk,True,12547,,,,2023.0,3,10,13
Person,Gang Lei,,,,,12548,,,,,1,0,1
Person,Maria-Luise Klemm,,,,,12549,,,,,1,0,1
Song,Shake What You've Got,True,2029,Dream Pop,True,12550,,,,2029.0,1,4,5
Person,Lei Su,,,,,12551,,,,,1,0,1
Person,Jie Tao,,,,,12552,,,,,1,0,1
Person,Yan Cui,,,,,12553,,,,,1,0,1
Song,Rhythm in Motion,False,2027,Desert Rock,True,12554,,,2027,2027.0,3,5,8
Person,Wei Ye,,,,,12555,,,,,1,0,1
Person,Lei Lai,,,,,12556,,,,,1,0,1
Person,Jing Zhang,,,,,12557,,,,,4,0,4
Album,Dancing Through Life,,2026,Dream Pop,True,12558,2026,,,2026.0,3,6,9
Person,Xiuying Zhong,,,,,12559,,,,,1,0,1
Person,Juan Chen,,,,,12560,,,,,1,0,1
Person,Tao Lai,,,,,12561,,,,,1,0,1
Person,Yang Cui,,,,,12562,,,,,1,0,1
Person,Qiang Li,,,,,12563,,,,,1,0,1
Song,Body Electric,True,2029,Indie Rock,True,12564,,,,2029.0,5,7,12
Person,Brianna Williams,,,,,12565,,,,,1,0,1
Person,Whitney Williams,,,,,12566,,,,,1,0,1
Person,Krystyna Szklarek,,,,,12567,,,,,2,0,2
Person,Trevor Freeman,,,,,12568,,,,,1,0,1
Person,Fryderyk Deptuch,,,,,12569,,,,,1,0,1
Person,Tiffany Kelly,,,,,12570,,,,,1,0,1
Song,Vintage Romance Rebel,True,2022,Psychedelic Rock,True,12571,2015,,,2022.0,1,4,5
Person,Summer Friedman,,,,,12572,,,,,2,0,2
Person,Susan Stewart,,,,,12573,,,,,1,0,1
Song,Analog Affection Anthem,True,2023,Doom Metal,True,12574,,,,2023.0,3,6,9
Person,Jun Jin,,,,,12575,,,,,1,0,1
Person,Jun Wang,,,,,12576,,,,,2,0,2
Song,Classic Courtship Crusader,True,2020,Lo-Fi Electronica,True,12577,2014,,2020,2020.0,7,3,10
Album,Timeless Heart's Serenade,,2029,Symphonic Metal,True,12578,,,,2029.0,3,7,10
Person,Tao Yan,,,,,12579,,,,,2,0,2
Person,Jing Kong,,,,,12580,,,,,1,0,1
Person,Yong Dai,,,,,12581,,,,,1,0,1
Song,Foundation of Shadows,True,2020,Synthwave,True,12582,,,,2020.0,8,20,28
Person,Kristopher Roberts,,,,,12583,,,,,1,0,1
Person,Jamie Garcia,,,,,12584,,,,,1,0,1
Person,Denise Barthelemy de Brunet,,,,,12585,,,,,1,0,1
Person,Stephanie Murray,,,,,12586,,,,,1,0,1
Person,Dina Scholten,,,,,12587,,,,,1,0,1
Person,Sherry Salinas,,,,,12588,,,,,1,0,1
Person,Kornelia Michnik,,,,,12589,,,,,1,0,1
Person,Nicole Murphy,,,,,12590,,,,,1,0,1
Person,Roberto Govoni,,,,,12591,,,,,1,0,1
Person,Clémence Vincent,,,,,12592,,,,,3,0,3
Song,Brick by Broken Dream,True,2000,Americana,False,12593,,,,2000.0,3,5,8
Song,Scaffolding of Silence,True,2003,Dream Pop,True,12594,,,,2003.0,5,5,10
Person,Lenn Blaak,,,,,12595,, Phoenix,,,2,0,2
Song,Concrete and Consequence,True,1989,Psychedelic Rock,True,12596,,,,1989.0,1,8,9
Person,Jeremy Little,,,,,12597,,Vortex & The Sages,,,1,0,1
Person,James Stevens,,,,,12598,,,,,2,0,2
Song,Whispers of the Siberian Pines,True,2011,Alternative Rock,True,12599,,,,2011.0,3,7,10
Person,Tao Kong,,,,,12600,,,,,1,0,1
Person,Andrew Barnes,,,,,12601,,,,,1,0,1
Song,Moonlight on Mishka's Tears,True,2021,Dream Pop,True,12602,,,,2021.0,3,8,11
Person,Li Lei,,,,,12603,,,,,2,0,2
Person,Yan Tian,,,,,12604,,,,,2,0,2
Person,Yan Qiu,,,,,12605,,,,,1,0,1
Person,John Kemp,,,,,12606,,,,,1,0,1
Person,Jun Cao,,,,,12607,,,,,1,0,1
Song,"Wandering Bear, Gentle Soul",True,2020,Synthwave,True,12608,,,2020,2020.0,3,4,7
Person,Li Xu,,,,,12609,,,,,1,0,1
Person,Shota Mori,,,,,12610,,,,,2,0,2
Song,Forgotten Lullaby of the North,True,2021,Indie Rock,True,12611,,,,2021.0,1,7,8
Person,Chao Xie,,,,,12612,,,,,1,0,1
Song,Hovering Above the Ground,True,2020,Desert Rock,True,12613,,,,2020.0,3,11,14
Person,Jun Liu,,,,,12614,,,,,2,0,2
Person,Joseph Trujillo,,,,,12615,,,,,3,0,3
Album,Weightless Consequence,,2007,Blues Rock,True,12616,2004,,,2007.0,3,5,8
Song,Forbidden Terrain,False,2020,Americana,True,12617,,,,2020.0,2,11,13
Person,Min Zou,,,,,12618,,,,,1,0,1
Person,Yong Cao,,,,,12619,,,,,1,0,1
Person,Christina Garrett,,,,,12620,,,,,1,0,1
Person,Wei Cai,,,,,12621,,,,,2,0,2
Song,Levitating Beyond Contact,True,2027,Darkwave,True,12622,,,,2027.0,7,8,15
Album,Echoes of Consciousness,,2028,Dream Pop,True,12623,2028,,,2028.0,4,6,10
Person,Jacob Harris,,,,,12624,,,,,4,0,4
Song,Whispers Between Dimensions,True,2027,Oceanus Folk,True,12625,,,,2027.0,3,8,11
Person,Qiang Jiang,,,,,12626,,,,,2,0,2
Person,Jie Xu,,,,,12627,,,,,1,0,1
Person,Yan Chang,,,,,12628,,,,,1,0,1
Song,The Infinite Breath,True,2026,Dream Pop,True,12629,,,,2026.0,4,8,12
Person,Debra Lam,,,,,12630,,,,,1,0,1
Song,Fragments of Being,True,2022,Doom Metal,True,12631,2022,,,2022.0,3,8,11
Person,Zaira Verga-Cannizzaro,,,,,12632,,,,,2,0,2
Song,Tectonic Lullaby,True,2027,Indie Folk,True,12633,,,,2027.0,7,7,14
Album,Fragments of a Forgotten Continent,,2017,Oceanus Folk,True,12634,,,,2017.0,1,3,4
Song,Pangean Whispers,True,2024,Doom Metal,True,12635,,,,2024.0,2,11,13
Person,Kimberly Miles,,,,,12636,,,,,1,0,1
Person,Virginia Ford,,,,,12637,,,,,1,0,1
Person,Christopher Aguilar,,,,,12638,,,,,1,0,1
Person,Karen Williams,,,,,12639,,,,,1,0,1
Person,Susan Young,,,,,12640,,,,,1,0,1
Person,Mary Anthony,,,,,12641,,,,,2,0,2
Person,Shannon Davis,,,,,12642,,,,,2,0,2
Person,Christopher Hill,,,,,12643,,,,,1,0,1
Person,Joe Perry,,,,,12644,,,,,2,0,2
Song,Roots of the Ancient Landmass,True,2010,Indie Folk,True,12645,,,,2010.0,3,5,8
Person,Fang Jiang,,,,,12646,,Fang,,,2,0,2
Person,Sarah Riley,,,,,12647,,,,,1,0,1
Person,Xia Qin,,,,,12648,,,,,1,0,1
Person,Fang Tan,,,,,12649,,,,,1,0,1
Song,Untamed Verdict,True,2017,Synthwave,True,12650,,,,2017.0,1,8,9
Person,Melissa Rush,,,,,12651,,,,,1,0,1
Album,Primal Court of Reckoning,,2019,Indie Folk,True,12652,,,2019,2019.0,2,5,7
Person,Lei Li,,,,,12653,,,,,1,0,1
Person,Xiulan Deng,,,,,12654,,,,,1,0,1
Person,Xia Meng,,,,,12655,,,,,1,0,1
Album,Savage Law's Embrace,,2016,Doom Metal,True,12656,,,,2016.0,1,8,9
Person,Fang Fan,,,,,12657,,,,,2,0,2
Person,Lei Zhao,,,,,12658,,,,,2,0,2
Person,Qiang Hao,,,,,12659,,,,,1,0,1
Person,Min Sun,,,,,12660,,,,,1,0,1
Song,Wilderness of Judgment,False,2014,Dream Pop,True,12661,2014,,,2014.0,3,8,11
Person,Noah Braun,,,,,12662,,,,,1,0,1
Person,Wei Wan,,,,,12663,,,,,2,0,2
Person,Min Wang,,,,,12664,,,,,1,0,1
Song,Celestial Dust and Earthly Echoes,True,2012,Southern Gothic Rock,True,12665,2012,,,2012.0,2,6,8
Person,Christine Hauffer,,,,,12666,,,,,2,0,2
Person,Carsten Fritsch,,,,,12667,,,,,3,0,3
Song,When Cosmos Collapses,True,2020,Indie Folk,True,12668,2020,,,2020.0,2,8,10
Person,Jing Tian,,,,,12669,,,,,2,0,2
Person,Jing Fang,,,,,12670,,,,,2,0,2
Person,Jing Tian,,,,,12671,,,,,1,0,1
Person,Jun Deng,,,,,12672,,,,,1,0,1
Song,Whispers of Impermanence,True,2013,Americana,True,12673,,,,2013.0,2,20,22
Person,Meredith Walker,,,,,12674,,,,,1,0,1
Person,James Rubio,,,,,12675,,,,,2,0,2
Person,Christopher Murray,,,,,12676,,,,,1,0,1
Person,Rebecca Gonzales,,,,,12677,,,,,2,0,2
Song,The Last Horizon,True,2013,Synthwave,True,12678,,,,2013.0,6,21,27
Person,Qiang Tan,,,,,12679,,,,,2,0,2
Person,Yang Xu,,,,,12680,,,,,1,0,1
Person,Denise Johnson,,,,,12681,,,,,1,0,1
Person,Yan Liu,,,,,12682,,,,,2,0,2
Person,Min Yu,,,,,12683,,,,,1,0,1
Person,Donna Malone,,,,,12684,,,,,1,0,1
Song,Coastal Whispers of Biscay,True,2031,Alternative Rock,True,12685,,,,2031.0,2,5,7
Person,James Medina,,,,,12686,,,,,1,0,1
Person,Matthew Best,,,,,12687,,,,,2,0,2
Person,Linda Burns,,,,,12688,,,,,1,0,1
Song,Bilbao's Heartbeat,False,2024,Lo-Fi Electronica,True,12689,,,,2024.0,2,6,8
Person,Yan Lin,,,,,12690,,,,,2,0,2
Album,Winds of the Basque Shore,,2017,Oceanus Folk,True,12691,,,,2017.0,3,7,10
Song,Steel and Green: A Biscayan Tale,True,2016,Speed Metal,False,12692,2016,,,2016.0,3,4,7
Person,Jennifer Moore,,,,,12693,,,,,3,0,3
Song,Whispers of Karelian Forests,True,2029,Dream Pop,True,12694,,,,2029.0,5,8,13
Person,Xiulan Du,,,,,12695,,,,,2,0,2
Person,Tao Hou,,,,,12696,,,,,1,0,1
Person,Chao Luo,,,,,12697,,,,,1,0,1
Person,Xiuying Bai,,,,,12698,,,,,1,0,1
Person,Gang Cai,,,,,12699,,,,,1,0,1
Person,Fang Tao,,,,,12700,,,,,1,0,1
Person,Xia Kang,,,,,12701,,,,,1,0,1
RecordLabel,Nashville Harmony,,,,,12702,,,,,0,1,1
Song,Borderlands: A Karelian Saga,False,2020,Psychedelic Rock,True,12703,,,,2020.0,3,3,6
Person,Audrey Huff,,,,,12704,,,,,5,0,5
Song,Winds of the Northern Shores,True,2017,Indie Folk,True,12705,,,2017,2017.0,2,8,10
Person,Brooke Ortiz,,,,,12706,,,,,1,0,1
Person,Yang Lai,,,,,12707,,,,,1,0,1
Person,Joshua Shelton,,,,,12708,,,,,2,0,2
Person,Thomas Lopez,,,,,12709,,,,,1,0,1
Album,Karelia's Forgotten Echo,,2009,Dream Pop,True,12710,,,,2009.0,3,11,14
Person,Wei Du,,,,,12711,,,,,1,0,1
Person,Jun Yi,,,,,12712,,,,,1,0,1
Person,Jing Tang,,,,,12713,,,,,2,0,2
Person,Yang Lin,,,,,12714,,,,,1,0,1
Person,Lei Zhang,,,,,12715,,,,,2,0,2
Person,Li Liao,,,,,12716,,,,,1,0,1
Person,Jing Song,,,,,12717,,,,,1,0,1
Song,Grease Lightning,True,2027,Space Rock,False,12718,,,,2027.0,5,5,10
Song,Rendered Memories,True,1990,Dream Pop,True,12719,1990,,,1990.0,1,5,6
Person,Yoko Murakami,,,,,12720,,,,,1,0,1
Song,Sizzling Secrets,True,2007,Dream Pop,True,12721,,,,2007.0,2,5,7
Person,Robert Velasquez,,,,,12722,,,,,1,0,1
Album,Liquid Gold Lament,,2020,Dream Pop,True,12723,2020,,,2020.0,2,4,6
Person,Gang Sun,,,,,12724,, Ivory Hawk,,,1,0,1
Person,Chao Ren,,,,,12725,,,,,1,0,1
Person,Xia Qiao,,,,,12726,,,,,1,0,1
Song,Lumières Naissantes,True,2013,Synthwave,True,12727,,,2017,2013.0,2,7,9
Person,Lara Wohlgemut,,,,,12728,,,,,2,0,2
Album,Aux Confins du Crépuscule,,2026,Doom Metal,True,12729,,,,2026.0,5,8,13
Person,Chao Zhong,,,,,12730,,,,,1,0,1
Person,Guiying Jia,,,,,12731,,,,,1,0,1
Song,Premier Souffle du Matin,True,2023,Synthwave,True,12732,2023,,,2023.0,2,8,10
Person,Ping Yao,,,,,12733,,,,,1,0,1
Person,Juan Su,,,,,12734,,,,,1,0,1
Person,Gang Xie,,,,,12735,,,,,1,0,1
Person,Min Yao,,,,,12736,,,,,1,0,1
Person,Chao Xiang,,,,,12737,,,,,2,0,2
Person,Wei Wan,,,,,12738,,,,,1,0,1
Song,Entre Ombre et Clarté,True,2020,Jazz Surf Rock,True,12739,,,,2020.0,3,5,8
Person,Xiuying Deng,,,,,12740,,,,,2,0,2
Person,Wei Ding,,,,,12741,,,,,1,0,1
Song,Whispers of Sorrow in Diminished Chords,True,1997,Darkwave,True,12742,1997,,,1997.0,4,5,9
Person,Karol Jereczek,,,,,12743,,,,,6,0,6
Song,The Crucible of Strings,True,2030,Synthwave,True,12744,2027,,,2030.0,4,9,13
Person,Juan Lu,,,,,12745,, DA STORM,,,2,0,2
Person,Ming Shi,,,,,12746,,,,,2,0,2
Person,Gang Chen,,,,,12747,,,,,1,0,1
Person,Na Han,,,,,12748,,,,,1,0,1
Person,Yan Luo,,,,,12749,,,,,4,0,4
Song,Lamentation in Minor Key,False,2019,Lo-Fi Electronica,True,12750,,,,2019.0,9,7,16
Song,Echoes of Suffering's Symphony,True,2027,Dream Pop,True,12751,,,2027,2027.0,5,4,9
Person,Nancy Franklin,,,,,12752,,Prysm,,,1,0,1
Person,Jason Robles,,,,,12753,,,,,1,0,1
Person,Sharon Roberts,,,,,12754,,,,,2,0,2
RecordLabel,Pulse Horizon Records,,,,,12755,,,,,0,1,1
Song,Wings Over the Aegean,False,2010,Indie Folk,True,12756,,,2017,2010.0,2,3,5
Person,Pari Chand,,,,,12757,,,,,1,0,1
Person,Damini Datta,,,,,12758,,,,,1,0,1
Song,Feathered Journeys to Izmir,True,2013,Dream Pop,True,12759,,,2013,2013.0,3,10,13
Person,Guiying Han,,,,,12760,,,,,1,0,1
Song,Winds of Anatolia,False,2020,Symphonic Metal,True,12761,2020,,,2020.0,1,8,9
Person,Yan Fu,,,,,12762,,,,,1,0,1
Person,Fang Lei,,,,,12763,,,,,1,0,1
Person,Jing Cheng,,,,,12764,,,,,1,0,1
Person,Xia Guo,,,,,12765,,,,,1,0,1
Person,Jie Lin,,,,,12766,,,,,1,0,1
Person,Xiuying Qin,,,,,12767,,,,,1,0,1
Album,Skyward Passage to the Pearl of the Aegean,,2015,Doom Metal,True,12768,,,,2015.0,3,13,16
Person,Jessica Lindsey,,,,,12769,,,,,1,0,1
Person,Daniel Lee,,,,,12770,,,,,2,0,2
Person,Christopher Reese,,,,,12771,,,,,3,0,3
Person,Leon Hutchinson,,,,,12772,,,,,2,0,2
Person,Bobby Tucker,,,,,12773,,,,,3,0,3
Person,Melanie Bautista,,,,,12774,,,,,2,0,2
Person,Rémy-Bertrand Bailly,,,,,12775,,,,,2,0,2
Song,Neon Glow,False,2020,Desert Rock,True,12776,2020,,,2020.0,3,9,12
Person,Ashley Larson,,,,,12777,,,,,2,0,2
Person,Tao Xiong,,,,,12778,,,,,1,0,1
RecordLabel,Goodwill Sound,,,,,12779,,,,,0,1,1
RecordLabel,Crossroads Sound Studios,,,,,12780,,,,,0,1,1
Album,Spotlight Surrender,,2000,Indie Folk,True,12781,,,,2000.0,2,3,5
Person,Ivana Dhillon,,,,,12782,,,,,1,0,1
Person,Darshit Ratta,,,,,12783,,,,,2,0,2
Song,Illuminated Heart,True,2020,Indie Folk,True,12784,,,,2020.0,2,6,8
Person,Chao Wei,,,,,12785,,,,,3,0,3
Person,Xiuying Shen,,,,,12786,,,,,1,0,1
Person,Jun Wei,,,,,12787,,,,,1,0,1
Album,Bright Awakening,,2020,Dream Pop,True,12788,,,,2020.0,2,4,6
Person,Terry Baker,,,,,12789,,,,,1,0,1
Person,Jamie Roberts,,,,,12790,,,,,2,0,2
Person,Madeline Gentry,,,,,12791,,,,,1,0,1
Song,Silence Between the Staves,True,2005,Dream Pop,True,12792,2005,,,2005.0,1,7,8
Song,Abandoned Melodies,False,2004,Avant-Garde Folk,True,12793,,,,2004.0,2,13,15
Song,Ink-Stained Memories,True,2021,Dream Pop,True,12794,,,,2021.0,3,22,25
Person,Melissa Brown,,,,,12795,,,,,2,0,2
Person,Amber Murray,,,,,12796,,,,,1,0,1
Person,Kimberly Zimmerman,,,,,12797,,,,,1,0,1
Person,Lisa Martin,,,,,12798,,,,,1,0,1
Person,Stacy Kennedy,,,,,12799,,,,,1,0,1
Person,Michelle Williams,,,,,12800,,,,,1,0,1
Person,Gabrielle Wright,,,,,12801,,,,,1,0,1
Person,Autumn Moore,,,,,12802,,,,,1,0,1
Person,Tina Jackson,,,,,12803,,,,,1,0,1
Song,Dissonant Echoes,True,2020,Oceanus Folk,True,12804,2020,,,2020.0,2,3,5
Person,Dustin Maxwell,,,,,12805,,,,,1,0,1
Person,Tanya Garrett,,,,,12806,,,,,2,0,2
Song,Midnight's Lament in E-flat Major,True,2000,Blues Rock,True,12807,,,,2000.0,1,5,6
Person,Pihu Ahuja,,,,,12808,,,,,2,0,2
Person,Kashvi Dutt,,,,,12809,,,,,1,0,1
Person,Shalv Dass,,,,,12810,,,,,1,0,1
RecordLabel,Vertex,,,,,12811,,,,,0,1,1
Song,Shadows of an Unfinished Melody,True,2015,Indie Folk,True,12812,,,,2015.0,4,7,11
Person,Tao Song,,,,,12813,,,,,1,0,1
Person,Jun Yi,,,,,12814,,,,,5,0,5
Person,Qiang Zhao,,,,,12815,,,,,7,0,7
Song,Whispers from the Unwritten Score,False,2029,Synthwave,True,12816,,,,2029.0,4,8,12
Song,Twilight's Forgotten Composition,True,2000,Synthwave,True,12817,,,,2000.0,1,13,14
Person,Adam Wallace,,,,,12818,,,,,2,0,2
Person,Jennifer Stephens,,,,,12819,,,,,1,0,1
RecordLabel,Carthage Sound,,,,,12820,,,,,0,1,1
Song,Droplets of Memory,True,1991,Blues Rock,True,12821,,,,1991.0,2,11,13
Song,Wet Shadows,True,1999,Southern Gothic Rock,True,12822,,,,1999.0,3,5,8
Song,Rainfall's Whisper,True,2027,Doom Metal,True,12823,,,,2027.0,5,17,22
Person,Christopher Fischer,,,,,12824,,,,,1,0,1
Person,Bartek Heleniak,,,,,12825,,,,,1,0,1
Person,Sara Chung,,,,,12826,,,,,1,0,1
Person,Jerzy Majczyna,,,,,12827,,,,,2,0,2
Person,Denny Scholl-Vogt,,,,,12828,,,,,1,0,1
Person,Sonia Trochimiuk,,,,,12829,,,,,1,0,1
Person,Adrian Ross,,,,,12830,,,,,1,0,1
Person,Magret Staude,,,,,12831,,,,,1,0,1
Person,Felizitas Hermann,,,,,12832,,,,,2,0,2
Song,When Skies Wept,False,2020,Doom Metal,True,12833,,,,2020.0,3,7,10
Person,Mitchell Larson,,,,,12834,,,,,1,0,1
Person,Lauretta Pasolini,,,,,12835,,,,,3,0,3
Person,Maurice Nguyen,,,,,12836,,,,,1,0,1
Album,Anchored Dreams,,2027,Indie Folk,False,12837,2024,,,2027.0,5,10,15
Person,Kristina Jones,,,,,12838,, Star XV,,,1,0,1
Person,Xiulan Hao,,,,,12839,,,,,1,0,1
Person,Xia Jiang,,,,,12840,,,,,3,0,3
Person,Yan Qiu,,,,,12841,,,,,2,0,2
Album,Miles from My Horizon,,2025,Indie Folk,False,12842,2025,,,2025.0,3,8,11
Person,Yan Gao,,,,,12843,, HE∆VEN,,,2,0,2
Person,Xiulan Jin,,,,,12844,,,,,2,0,2
Person,Gang Dong,,,,,12845,,,,,1,0,1
Person,Patricia Humphrey,,,,,12846,,,,,3,0,3
Song,The Traveler Who Never Left,False,2026,Indie Folk,True,12847,2026,,,2026.0,2,6,8
Person,Madison Lopez,,,,,12848,, M.C. Frost,,,1,0,1
Person,Ming Xia,,,,,12849,,,,,1,0,1
Person,Na Chen,,,,,12850,,,,,1,0,1
Person,Chao Zhang,,,,,12851,,,,,2,0,2
Song,Postcards from Nowhere,True,2023,Indie Folk,True,12852,2023,,,2023.0,1,7,8
Person,Jun Mao,,,,,12853,,,,,1,0,1
Person,Tao Peng,,,,,12854,,,,,2,0,2
Person,Gang Song,,,,,12855,,,,,1,0,1
Person,Ping Deng,,,,,12856,,,,,1,0,1
Person,Xia Zheng,,,,,12857,,,,,1,0,1
Song,Parade of Painted Spirits,True,2023,Doom Metal,True,12858,,,,2023.0,7,7,14
Person,Min Qin,,,,,12859,,,,,3,0,3
Person,Vincent Seifert,,,,,12860,,,,,2,0,2
Song,Rhythmic Revelry,True,2017,Indie Folk,True,12861,,,,2017.0,2,8,10
Person,Qiang Zhong,,,,,12862,,,,,1,0,1
Person,Guiying Hao,,,,,12863,,,,,2,0,2
Person,Min Cui,,,,,12864,,,,,1,0,1
Song,Festive Footsteps,True,2004,Psychedelic Rock,True,12865,2004,,,2004.0,1,8,9
Song,Jubilee Boulevard,True,2007,Indie Pop,True,12866,,,,2007.0,4,3,7
Song,Pulse of Desire,True,2017,Indie Rock,True,12867,,,,2017.0,4,13,17
Person,Ninetta Spinelli,,,,,12868,,,,,2,0,2
Person,Gerhild Patberg,,,,,12869,,,,,1,0,1
Person,Cosima Mülichen,,,,,12870,,,,,1,0,1
Person,Valentine Peukert,,,,,12871,,,,,1,0,1
Person,Hilda Plath,,,,,12872,,,,,1,0,1
Person,Ludger Ladeck,,,,,12873,,,,,1,0,1
Person,Anneliese Döhn,,,,,12874,,,,,1,0,1
Person,Paloma Tomaselli,,,,,12875,,,,,2,0,2
Person,Eva Seidel,,,,,12876,,,,,1,0,1
Song,Fragmented Chambers,True,2025,Space Rock,True,12877,,,,2025.0,5,6,11
Person,Juan He,,,,,12878,,,,,2,0,2
Person,Tao Yu,,,,,12879,,,,,2,0,2
Person,Wei Luo,,,,,12880,,,,,3,0,3
Person,Frieda Mitschke,,,,,12881,,,,,1,0,1
Song,Cardiac Whispers,False,2026,Oceanus Folk,True,12882,,,,2026.0,4,4,8
Person,John Maldonado,,,,,12883,,,,,2,0,2
Person,Andrew Carrillo,,,,,12884,,,,,1,0,1
Person,Nancy Arnold,,,,,12885,,,,,1,0,1
Song,Rhythm of Breaking,False,2028,Dream Pop,True,12886,,,,2028.0,2,4,6
Person,Li Xiang,,,,,12887,,,,,1,0,1
Person,Ping Liao,,,,,12888,,,,,1,0,1
Person,Jing Tan,,,,,12889,,,,,1,0,1
RecordLabel,Chester Harmony,,,,,12890,,,,,0,1,1
Song,Etched in My Soul,True,2027,Southern Gothic Rock,False,12891,,,,2027.0,2,3,5
Song,Memories Never Fade,True,2020,Indie Folk,True,12892,,,,2020.0,7,7,14
Song,Keeper of My Heart,True,2013,Indie Folk,True,12893,,,,2013.0,3,4,7
Person,Elizabeth Mccann,,,,,12894,,,,,2,0,2
Person,Roger Simmons,,,,,12895,,,,,2,0,2
Song,Unbreakable Connection,True,2011,Southern Gothic Rock,True,12896,,,,2011.0,4,3,7
Person,Vlastimil Bílek,,,,,12897,,,,,1,0,1
Person,Miluše Malá,,,,,12898,,,,,2,0,2
Song,Broken Wishing Well,True,2025,Darkwave,True,12899,,,,2025.0,1,5,6
Person,Na Qiu,,,,,12900,,,,,1,0,1
Person,Xia Dai,,,,,12901,,,,,2,0,2
Person,Bianca Mentzel,,,,,12902,,,,,1,0,1
Song,Dreams Beyond Reach,True,2029,Jazz Surf Rock,True,12903,,,,2029.0,3,7,10
Person,Chao Cheng,,,,,12904,,XPLICIT KAI,,,1,0,1
Person,Dawn Allen,,,,,12905,,,,,1,0,1
Person,Nathan Carrillo,,,,,12906,,,,,1,0,1
Person,Tammy Williams,,,,,12907,,,,,1,0,1
Person,Jennifer Parker,,,,,12908,,,,,1,0,1
Person,Shannon Allen,,,,,12909,,,,,1,0,1
Album,If Only For A Moment,,2010,Synthwave,True,12910,,,,2010.0,1,8,9
Person,Min Zhou,,,,,12911,,,,,1,0,1
Person,Wei Wen,,,,,12912,,,,,1,0,1
Person,Jun Jin,,,,,12913,,,,,1,0,1
Song,Whispers of What Could Be,False,2017,Doom Metal,True,12914,,,,2017.0,2,3,5
Person,Francisco Säuberlich,,,,,12915,,,,,2,0,2
Song,Highland Outlaw's Lament,True,2013,Psychedelic Rock,True,12916,,,,2013.0,1,5,6
Person,Christopher Rosales,,,,,12917,,Chris Rosales,,,3,0,3
Person,Tara Jennings,,,,,12918,,,,,2,0,2
RecordLabel,United Scribes Sound,,,,,12919,,,,,0,2,2
Song,The MacGregor's Whisper,False,2025,Avant-Garde Folk,True,12920,2025,,,2025.0,6,4,10
Person,Adam Kroker,,,,,12921,,,,,1,0,1
Person,Frank Green,,,,,12922,,,,,1,0,1
Song,Clan of Shadows,True,2002,Southern Gothic Rock,False,12923,,,,2002.0,2,4,6
Person,Sydney Mack,,,,,12924,,,,,1,0,1
Person,Alex Hernandez,,,,,12925,,,,,2,0,2
Song,Tartan and Revenge,True,2023,Oceanus Folk,True,12926,,,,2023.0,3,5,8
Person,Chao Cheng,,,,,12927,,,,,1,0,1
Person,Juan Han,,,,,12928,,,,,1,0,1
Person,Na Ren,,,,,12929,,,,,1,0,1
Person,Qiang Xie,,,,,12930,,,,,1,0,1
Person,Mitchell Bryan,,,,,12931,,,,,1,0,1
RecordLabel,Jimmy Horizon,,,,,12932,,,,,0,1,1
Song,Wherever Your Path Leads,False,2013,Southern Gothic Rock,True,12933,,,,2013.0,6,2,8
Album,Hand in Hand Through Unknown,,2020,Indie Folk,True,12934,,,,2020.0,2,8,10
Person,Li Zhou,,,,,12935,,Aiden Cole,,,1,0,1
Song,"Stay Close, Follow Me",True,2020,Synthwave,False,12936,,,,2020.0,2,5,7
Person,Michele Orozco,,,,,12937,,Solar Elegy,,,1,0,1
Person,William Ashley,,,,,12938,,,,,1,0,1
Person,Ping Meng,,,,,12939,,,,,1,0,1
Person,Jie Yao,,,,,12940,,,,,2,0,2
Song,"Our Journey, One Direction",True,2026,Synthwave,True,12941,2026,,,2026.0,3,5,8
Person,Taylor Martin,,,,,12942,,,,,2,0,2
Person,Bradley Anderson,,,,,12943,,,,,1,0,1
Person,Audrey Frye,,,,,12944,,,,,1,0,1
Person,Jesus Hatfield,,,,,12945,,,,,1,0,1
RecordLabel,Ardent Horizon,,,,,12946,,,,,0,2,2
Song,"Gather, Believers!",True,2010,Blues Rock,True,12947,,,,2010.0,5,5,10
Person,Brooke Olson,,,,,12948,,,,,3,0,3
Song,Loyal Hearts Rejoice,True,2013,Synthwave,True,12949,,,2013,2013.0,2,8,10
Person,Na Qin,,,,,12950,,,,,2,0,2
Person,Jamie Roberts,,,,,12951,,,,,1,0,1
RecordLabel,Phantom Vinyl Studios,,,,,12952,,,,,0,1,1
Song,The Faithful's Call,False,1993,Alternative Rock,True,12953,,,,1993.0,2,3,5
Person,Rachel Lewis,,,,,12954,,,,,2,0,2
Song,Pilgrims of Devotion,True,2020,Indie Pop,True,12955,2013,,,2020.0,4,4,8
Song,Echoes of a Singular String,True,2015,Synthpop,True,12956,,,,2015.0,2,4,6
Person,Guiying Zhao,,,,,12957,,,,,1,0,1
Person,Tao Zhong,,,,,12958,,,,,1,0,1
Person,Guiying Song,,,,,12959,,,,,1,0,1
Person,Li Long,,,,,12960,,,,,1,0,1
Album,Monologue in Minor,,1994,Dream Pop,True,12961,,,,1994.0,2,7,9
Person,Chao Xiang,,,,,12962,,,,,1,0,1
Song,Resonance of Solitude,True,2028,Post-Apocalyptic Folk,True,12963,2028,,,2028.0,7,3,10
Person,Li Xie,,,,,12964,,,,,1,0,1
Person,Lei Xu,,,,,12965,,,,,1,0,1
Person,Tao Luo,,,,,12966,,,,,1,0,1
Song,Echoes of Your Silence,True,2010,Dream Pop,False,12967,,,,2010.0,1,5,6
Person,Qiang Xiao,,,,,12968,,,,,2,0,2
Person,Guiying Fu,,,,,12969,,,,,4,0,4
Person,Jun Fang,,,,,12970,,,,,2,0,2
Song,Midnight's Empty Telephone,True,2016,Dream Pop,False,12971,,,,2016.0,5,10,15
Person,Pihu Chowdhury,,,,,12972,,,,,1,0,1
Song,Shadows Where You Used to Be,True,2023,Lo-Fi Electronica,True,12973,2023,,,2023.0,7,3,10
Person,Jonathan Thompson,,,,,12974,,,,,2,0,2
Person,Giovanna Bongiorno,,,,,12975,,,,,1,0,1
Album,Longing Between the Streetlights,,2015,Doom Metal,True,12976,,,,2015.0,4,2,6
Person,Sara Levy,,,,,12977,,,,,1,0,1
Person,Gregory Evans,,,,,12978,,,,,1,0,1
Album,Forgiveness Falls,,1996,Southern Gothic Rock,True,12979,1996,,,1996.0,3,10,13
Person,Justin Doyle,,,,,12980,,,,,2,0,2
Person,Eva Sani,,,,,12981,,,,,1,0,1
RecordLabel,Auditory Observer,,,,,12982,,,,,0,1,1
Song,Knees to the Ground,True,2023,Lo-Fi Electronica,True,12983,2023,,,2023.0,4,4,8
Person,Juan Ye,,,,,12984,,,,,2,0,2
Person,Megan Humphrey,,,,,12985,,,,,1,0,1
Song,Broken Plea,True,2023,Post-Apocalyptic Folk,True,12986,,,,2023.0,4,6,10
Person,Bianca Rice,,,,,12987,,,,,1,0,1
Person,Robert Roberts,,,,,12988,,,,,1,0,1
Person,Sarah Galloway,,,,,12989,,,,,2,0,2
Person,Ian Dorsey,,,,,12990,,,,,1,0,1
Song,Mercy's Last Breath,True,2026,Doom Metal,True,12991,,,,2026.0,6,7,13
Person,Antonius Faust,,,,,12992,,,,,4,0,4
Album,Washed in Grace's Healing Stream,,2022,Blues Rock,True,12993,,,2035,2022.0,2,2,4
Song,The Crimson Tide of Redemption,False,2013,Dream Pop,True,12994,,,,2013.0,2,3,5
Person,Yong Yang,,,,,12995,,,,,2,0,2
Person,Lei Zheng,,,,,12996,,,,,1,0,1
Song,Soul's Deep Cleansing Altar,True,1987,Alternative Rock,True,12997,,,,1987.0,1,4,5
Song,Purified by Divine Light,True,1994,Dream Pop,True,12998,,,,1994.0,5,10,15
Person,Leah Anderson,,,,,12999,,,,,2,0,2
Person,Steven Ray,,,,,13000,,,,,2,0,2
Album,Wooden Heart's Whisper,,2009,Southern Gothic Rock,True,13001,2009,,2009,2009.0,7,6,13
Album,Strings of Truth,,2023,Synthwave,True,13002,,,2023,2023.0,3,5,8
Person,Chao Dong,,,,,13003,,,,,1,0,1
Person,Ise Scardino,,,,,13004,,,,,2,0,2
Person,Anne Verwoert-Slagmolen,,,,,13005,,,,,1,0,1
Person,Isabelle Godfrey van Alemannië,,,,,13006,,,,,1,0,1
RecordLabel,Verve Echo,,,,,13007,,,,,0,1,1
Album,The Puppet's Promise,,2022,Indie Folk,True,13008,,,2022,2022.0,7,4,11
Person,Charles Spears,,,,,13009,,,,,1,0,1
Song,Lies That Grow,True,2009,Southern Gothic Rock,True,13010,2009,,,2009.0,3,4,7
Person,Andrew Juarez,,,,,13011,,,,,1,0,1
Person,Mary Smith,,,,,13012,,,,,3,0,3
RecordLabel,Talaiga Records,,,,,13013,,,,,0,1,1
Song,Exoskeleton Dissolve,True,2020,Indie Rock,True,13014,,,2020,2020.0,2,7,9
Person,David Reese,,,,,13015,,,,,1,0,1
Person,Ryan Dunlap,,,,,13016,,,,,1,0,1
Person,Elmo Calbo,,,,,13017,,,,,1,0,1
Person,Amico Luciani,,,,,13018,,,,,1,0,1
Album,Chitinous Melt,,2027,Synthwave,True,13019,,,,2027.0,2,5,7
Person,Xia Tian,,,,,13020,,,,,1,0,1
Person,Ming Gong,,,,,13021,,,,,1,0,1
Person,Fang Dai,,,,,13022,,,,,1,0,1
Song,Mandible Fluidity,True,2003,Indie Pop,True,13023,,,,2003.0,2,7,9
Person,Kristen Edwards,,,,,13024,,,,,1,0,1
RecordLabel,Resonanz Medien Verlag,,,,,13025,,,,,0,1,1
Song,Arthropod Cascade,True,2022,Desert Rock,True,13026,,,,2022.0,2,5,7
Song,Shadows Beneath the Palm,True,2026,Oceanus Folk,True,13027,,,,2026.0,4,5,9
Person,Michael Rivera,,,,,13028,,,,,4,0,4
Person,Michael Reyes,,,,,13029,,,,,2,0,2
RecordLabel,Piauí Sounds,,,,,13030,,,,,0,1,1
Album,Desert Moon's Whisper,,2028,Darkwave,True,13031,,,,2028.0,6,3,9
Person,Christopher Brown,,,,,13032,,,,,2,0,2
Album,Caravans and Starlight,,2027,Indie Folk,True,13033,2027,,2027,2027.0,4,4,8
Person,Lei Liao,,,,,13034,,,,,2,0,2
Song,Mirage of Midnight Sands,True,2010,Indie Rock,True,13035,2010,,,2010.0,4,6,10
Person,Julia Smith,,,,,13036,,,,,1,0,1
Person,Janet Lewis,,,,,13037,,,,,2,0,2
Person,Lisa Wolfe,,,,,13038,,,,,4,0,4
RecordLabel,Promontory Sound,,,,,13039,,,,,0,1,1
Song,Blessed Beneath the Surface,True,2017,Dream Pop,True,13040,2017,,,2017.0,3,5,8
Person,Xiulan Chen,,,,,13041,,,,,2,0,2
Song,Meek Inheritance,True,2027,Psychedelic Rock,True,13042,2027,,,2027.0,3,4,7
Person,Rafał Helak,,,,,13043,,,,,1,0,1
Person,Maurycy Seidel,,,,,13044,,,,,2,0,2
Person,Liwia Mitera,,,,,13045,,,,,1,0,1
Song,Mercy's Melody,True,1999,Southern Gothic Rock,True,13046,1999,,1999,1999.0,3,6,9
Song,Kingdom Within,True,2029,Desert Rock,True,13047,2029,,,2029.0,6,8,14
Person,Gang Tan,,,,,13048,,,,,2,0,2
Song,Waves of Desire,True,2025,Psychedelic Rock,True,13049,,,,2025.0,2,11,13
Person,Yang Gao,,,,,13050,,ZENO THA PROPHET,,,1,0,1
Person,Li Tan,,,,,13051,,,,,2,0,2
Person,Chao Cheng,,,,,13052,,,,,1,0,1
Song,Shoreline Surrender,False,2011,Indie Pop,False,13053,,,,2011.0,3,3,6
Person,Karina Gunpf,,,,,13054,,,,,2,0,2
Album,Oceanic Pulse,,2027,Jazz Surf Rock,False,13055,2027,,,2027.0,1,11,12
Person,Yong Su,,,,,13056,,,,,2,0,2
Person,Jie Tan,,,,,13057,,,,,1,0,1
Person,Jing Pan,,,,,13058,,,,,1,0,1
Person,Juan Xiang,,,,,13059,,,,,1,0,1
Person,Qiang Long,,,,,13060,,,,,2,0,2
Person,Xia Jin,,,,,13061,,,,,1,0,1
Song,Rhythmic Undertow,False,1994,Doom Metal,True,13062,,,1994,1994.0,2,12,14
Person,Yan Qin,,,,,13063,,,,,1,0,1
Song,"Friend Today, Stranger Tomorrow",True,2023,Indie Folk,True,13064,,,2023,2023.0,3,4,7
Person,Candace Anderson,,,,,13065,,,,,1,0,1
Person,Shane Clark,,,,,13066,,,,,2,0,2
Person,Qiang Kang,,,,,13067,,,,,3,0,3
Song,Partner or Pretender,False,2023,Synthwave,True,13068,2023,,,2023.0,10,8,18
Song,Companionship's Blurry Lines,True,2023,Synthwave,True,13069,,,,2023.0,6,3,9
Person,Mehul Varty,,,,,13070,,,,,1,0,1
Person,Devansh De,,,,,13071,,,,,2,0,2
RecordLabel,Pulse Paradigm,,,,,13072,,,,,0,1,1
Song,Trust in Fragments,False,2025,Space Rock,True,13073,2022,,,2025.0,2,3,5
Person,Jennifer Coleman,,,,,13074,,,,,2,0,2
Person,Richard Johnson,,,,,13075,,,,,1,0,1
Album,Shadows in the Forest,,2026,Indie Folk,True,13076,,,,2026.0,4,5,9
Person,Annetta Molesini,,,,,13077,,,,,1,0,1
Person,Aurora Vendetti,,,,,13078,,,,,1,0,1
Person,Augusto Franzese,,,,,13079,,,,,1,0,1
Song,Wolf's Lament,False,2028,Dream Pop,True,13080,,,2028,2028.0,2,8,10
Person,Guiying Cheng,,,,,13081,,Omen,,,1,0,1
Person,Yan Cao,,,,,13082,,,,,1,0,1
Person,Lei Jia,,,,,13083,,,,,1,0,1
Person,Fang Pan,,,,,13084,,,,,1,0,1
Song,Courage of a Small Boy,True,2015,Dream Pop,True,13085,,,,2015.0,2,5,7
Person,Lauren Brown,,,,,13086,,,,,1,0,1
Person,Stephanie Allen,,,,,13087,,,,,2,0,2
Song,Grandfather's Warning,True,2026,Symphonic Metal,True,13088,,,,2026.0,7,7,14
Person,Matthew Roberson,,,,,13089,,,,,1,0,1
Person,Fang Wu,,,,,13090,,,,,4,0,4
Person,Sherry Powell,,,,,13091,,,,,4,0,4
Person,Joseph Brooks,,,,,13092,,,,,1,0,1
Person,Elizabeth Martin,,,,,13093,,,,,1,0,1
Song,Descent into Darkness,True,2008,Dream Pop,True,13094,,,,2008.0,2,10,12
Person,John Price,,,,,13095,,,,,2,0,2
Person,Qiang Ma,,,,,13096,,,,,1,0,1
Person,Jeffrey Tate,,,,,13097,,,,,1,0,1
Person,Wayne Perkins,,,,,13098,,,,,2,0,2
Person,Tao Mao,,,,,13099,,,,,1,0,1
Person,Larry Thomas,,,,,13100,,,,,1,0,1
Song,Toppled from Grace,True,2003,Indie Pop,True,13101,,,2013,2003.0,2,3,5
Person,Jie Zou,,,,,13102,,,,,1,0,1
Person,Qiang Long,,,,,13103,,,,,2,0,2
Song,The Vertical Fall,True,1997,Synthwave,False,13104,,,,1997.0,3,6,9
Person,Brigitte Gotthard,,,,,13105,,,,,3,0,3
Person,Herr Heinfried Kraushaar,,,,,13106,,,,,1,0,1
Song,Zenith to Zero,True,2020,Americana,True,13107,2020,,,2020.0,3,12,15
Person,Andre Scott,,,,,13108,, THA CROWN,,,1,0,1
Person,Juan Wei,,,,,13109,,,,,2,0,2
Person,Lei Yao,,,,,13110,,,,,2,0,2
Person,Gang Zhou,,,,,13111,,,,,1,0,1
Song,Paris Nights and Banana Skirts,False,2027,Synthwave,True,13112,,,2027,2027.0,3,5,8
Person,Clara Weitzel,,,,,13113,,,,,1,0,1
Person,Gianfrancesco Merisi,,,,,13114,,,,,1,0,1
Person,Mercedes Salata,,,,,13115,,,,,1,0,1
Person,Bryan Laffray-Recers,,,,,13116,,,,,1,0,1
Song,Midnight at the FoliesBergère,True,2027,Space Rock,True,13117,2027,,,2027.0,1,8,9
Person,Li Yan,,,,,13118,, Vince Shadow,,,1,0,1
Person,Wei Qiao,,,,,13119,,,,,1,0,1
Person,Na Gong,,,,,13120,,,,,1,0,1
Person,Gang Tian,,,,,13121,,,,,1,0,1
Person,Yang Meng,,,,,13122,,,,,1,0,1
Song,The Resistance's Brightest Star,True,2015,Americana,True,13123,2015,,2015,2015.0,2,5,7
Person,Nicholas Gonzalez,,,,,13124,,,,,1,0,1
Person,John Mcdonald,,,,,13125,,,,,1,0,1
Person,Antonio Schroeder,,,,,13126,,,,,2,0,2
Person,Erica Herrera,,,,,13127,,,,,1,0,1
RecordLabel,Echoes & Groves,,,,,13128,,,,,0,3,3
Song,"Creole Goddess, Global Icon",True,2013,Indie Folk,True,13129,2013,,,2013.0,2,3,5
Person,Qiang Shi,,,,,13130,,,,,1,0,1
Song,Midnight's Ritual,True,2023,Alternative Rock,True,13131,,,,2023.0,2,4,6
Song,Coven's Whisper,True,2007,Indie Folk,True,13132,,,,2007.0,2,3,5
Person,Elizabeth Cochran PhD,,,,,13133,,,,,3,0,3
Person,Susan Willis,,,,,13134,,,,,3,0,3
Song,Spellbound Shadows,True,2029,Dream Pop,True,13135,2029,,,2029.0,3,4,7
Person,Ming Zheng,,,,,13136,,,,,1,0,1
Person,Jun Yu,,,,,13137,,,,,2,0,2
Person,Yang Kong,,,,,13138,,,,,1,0,1
RecordLabel,Westbury Wax,,,,,13139,,,,,0,1,1
Song,Lunar Sabbat,False,2021,Dream Pop,True,13140,,,,2021.0,2,4,6
Person,Wei Luo,,,,,13141,,,,,3,0,3
Album,The Ballad of Johnny's Journey,,2029,Americana,True,13142,,,,2029.0,3,10,13
Song,Hometown Hero (Johnny's Tale),True,2004,Indie Folk,True,13143,,,,2004.0,1,4,5
Song,Whispers from Jones Street,True,2029,Indie Folk,True,13144,,,,2029.0,3,3,6
Person,Lei Zhao,,,,,13145,,,,,1,0,1
Person,Yang Fu,,,,,13146,,,,,1,0,1
Song,"Small Town, Big Dreams: The Johnny Chronicles",True,2017,Synthpop,True,13147,,,,2017.0,1,2,3
Person,Kalina Fidor,,,,,13148,,,,,1,0,1
Album,Whispers of Marjolijn,,2007,Synthwave,True,13149,,,,2007.0,1,2,3
Album,Echoes from a Dutch Horizon,,2027,Space Rock,True,13150,,,2027,2027.0,5,4,9
Person,Ping Fang,,,,,13151,,,,,2,0,2
Person,Qiang Lu,,,,,13152,,,,,1,0,1
Person,Min Qin,,,,,13153,,,,,3,0,3
Song,Letters Unwritten (A Marjolijn Story),True,1994,Synthwave,True,13154,,,,1994.0,2,7,9
Song,Windmill Memories,False,2025,Alternative Rock,True,13155,2025,,,2025.0,5,2,7
Person,Divyansh Sehgal,,,,,13156,,,,,1,0,1
RecordLabel,DFBR Records,,,,,13157,,,,,0,1,1
Song,Whispers of the Parish Boundary,True,2028,Dream Pop,True,13158,,,,2028.0,4,11,15
Person,Ming Pan,,,,,13159,,,,,1,0,1
Person,Fang Wan,,,,,13160,,,,,1,0,1
Song,Forgotten Lands of Sidböle,True,2024,Desert Rock,True,13161,2024,,,2024.0,3,9,12
Person,Xiuying Yin,,,,,13162,,Ivory Skyline,,,1,0,1
Person,Xia Wen,,,,,13163,,,,,2,0,2
Person,Xiuying Qian,,,,,13164,,,,,1,0,1
Person,Gang Peng,,,,,13165,,,,,2,0,2
Person,Gang Tian,,,,,13166,,,,,1,0,1
Person,Wei Song,,,,,13167,,,,,1,0,1
Song,Echoes from the Rural Registry,True,2023,Lo-Fi Electronica,True,13168,,,,2023.0,3,4,7
Person,Xiulan Sun,,,,,13169,,,,,3,0,3
Person,Gang He,,,,,13170,,,,,2,0,2
Song,Maplines and Memories,True,2026,Synthwave,True,13171,,,,2026.0,3,3,6
Person,Wei Jia,,,,,13172,,,,,1,0,1
Song,Liturgical Whispers,True,2023,Oceanus Folk,True,13173,,,,2023.0,3,6,9
Person,Ming Qiu,,,,,13174,,,,,1,0,1
Person,Yang Lei,,,,,13175,,,,,1,0,1
Person,Fang Qiao,,,,,13176,,,,,1,0,1
Person,Ming Yu,,,,,13177,,,,,1,0,1
Person,Guiying Qiu,,,,,13178,,,,,1,0,1
Song,Ecclesiastical Echoes,True,2016,Dream Pop,True,13179,2016,,,2016.0,1,14,15
Person,Victoria Butler,,,,,13180,,,,,1,0,1
Person,Derek Cook,,,,,13181,,,,,2,0,2
Person,Jared Arnold,,,,,13182,,,,,1,0,1
Person,Todd Jones,,,,,13183,,,,,1,0,1
Person,Elizabeth West,,,,,13184,,,,,2,0,2
Person,April Anderson,,,,,13185,,,,,1,0,1
Person,Jonathan Garcia,,,,,13186,,,,,1,0,1
Person,Jun Fu,,,,,13187,,,,,1,0,1
Song,Hymnal Resonance,True,2007,Indie Rock,True,13188,,,,2007.0,1,7,8
Person,Qiang Pan,,,,,13189,,,,,1,0,1
Song,Canonical Refrain,True,2015,Space Rock,True,13190,2015,,,2015.0,4,7,11
Person,Guiying He,,,,,13191,,,,,1,0,1
Person,Fang Hu,,,,,13192,,,,,1,0,1
Person,Wei Ye,,,,,13193,,,,,1,0,1
Person,Min Ren,,,,,13194,,,,,1,0,1
Person,Juan Dong,,,,,13195,,,,,1,0,1
Album,Frostbound Choreography,,2024,Southern Gothic Rock,True,13196,,,,2024.0,3,6,9
Song,Crystalline Pirouette,False,1997,Blues Rock,True,13197,,,,1997.0,2,6,8
Person,Kumiko Fujita,,,,,13198,,,,,1,0,1
Person,Yuta Sato,,,,,13199,,,,,1,0,1
Person,Maaya Tanaka,,,,,13200,,,,,1,0,1
RecordLabel,RNR | Resonant Noise Recordings | R.N.R. | LC 12389,,,,,13201,,,,,0,2,2
Song,Blizzard's Ballroom,True,2029,Synthwave,True,13202,,,,2029.0,6,13,19
Person,Gang Wu,,,,,13203,,,,,1,0,1
Person,Qiang Cao,,,,,13204,,,,,1,0,1
Person,Xiulan Xia,,,,,13205,,,,,1,0,1
Song,Winter's Whirling Embrace,False,2028,Lo-Fi Electronica,True,13206,,,,2028.0,3,3,6
Person,Xia Huang,,,,,13207,,,,,2,0,2
Song,Checkmarks and Crossouts,True,2007,Dream Pop,True,13208,,,,2007.0,3,7,10
Song,Inventory of Intentions,True,2025,Post-Apocalyptic Folk,True,13209,,,,2025.0,1,7,8
Person,Chao Zhong,,,,,13210,,,,,2,0,2
Person,Li Lin,,,,,13211,,,,,2,0,2
Person,Xiuying Hou,,,,,13212,,,,,1,0,1
Song,Lines Between the Lines,True,2013,Desert Rock,True,13213,2013,,,2013.0,3,7,10
Song,Catalog of My Existence,True,2026,Darkwave,True,13214,,,,2026.0,3,8,11
Person,Kai-Uwe Döring,,,,,13215,,,,,1,0,1
Song,Luminous Passion,False,2025,Desert Rock,True,13216,2025,,,2025.0,4,12,16
Person,Guiying Gu,,,,,13217,,,,,1,0,1
Person,Steven Smith,,,,,13218,,,,,1,0,1
RecordLabel,Feline Frequency,,,,,13219,,,,,0,1,1
Song,Glowing Embrace,True,2013,Doom Metal,True,13220,2013,,2013,2013.0,3,6,9
Person,Elizabeth Dobes,,,,,13221,,,,,1,0,1
Album,Beacon of Love,,2020,Indie Folk,True,13222,,,,2020.0,4,4,8
Song,Cradle of Betrayal,True,2017,Alternative Rock,True,13223,2017,,,2017.0,3,6,9
Song,Lullaby of Elsinore,False,2024,Dream Pop,True,13224,,,,2024.0,3,4,7
Person,Ryan Smith,,,,,13225,,,,,2,0,2
Person,Michael Cole,,,,,13226,,,,,1,0,1
Person,Lei Tao,,,,,13227,,,,,1,0,1
Song,Whispers in the Royal Nursery,True,2013,Speed Metal,True,13228,,,,2013.0,4,2,6
Song,Throne and Tears,True,2013,Doom Metal,True,13229,,,,2013.0,3,8,11
Person,Dagmara Pasztaleniec,,,,,13230,,Troy Maxwell,,,1,0,1
Person,Melissa Soto,,,,,13231,,,,,1,0,1
Song,The Wisdom of Not Knowing,False,2027,Oceanus Folk,True,13232,,,,2027.0,7,4,11
Person,Jason Vaughn,,,,,13233,,,,,1,0,1
Person,Gang Lin,,,,,13234,,,,,3,0,3
Person,Summer Bender,,,,,13235,,,,,2,0,2
Song,Curiosity's Blind Spot,True,1987,Blues Rock,True,13236,,,1987,1987.0,2,5,7
Album,Secrets Beyond Comprehension,,2006,Southern Gothic Rock,True,13237,,,,2006.0,2,4,6
Person,Elisabet Manola Aguirre Solís,,,,,13238,,,,,3,0,3
Person,Rosario Alsina Saez,,,,,13239,,,,,2,0,2
Song,Ignorance Is an Open Door,True,2024,Dream Pop,False,13240,,,,2024.0,3,5,8
Person,Ming Zhao,,,,,13241,,,,,1,0,1
Person,Min Xia,,,,,13242,,,,,1,0,1
Song,Fragile Glass Heart,True,2025,Psychedelic Rock,True,13243,,,,2025.0,3,4,7
Person,Christopher Martin,,,,,13244,,,,,1,0,1
Person,Na Zhong,,,,,13245,,,,,1,0,1
Album,Petals Under My Heel,,2022,Space Rock,True,13246,,,,2022.0,1,6,7
Person,Jie Duan,,,,,13247,,,,,2,0,2
Person,Ping Shi,,,,,13248,,,,,1,0,1
Album,The Art of Demolition,,2023,Indie Folk,True,13249,,,,2023.0,3,11,14
Person,Beth Thompson,,,,,13250,,,,,1,0,1
Person,Li Lai,,,,,13251,,,,,1,0,1
Person,Ming Feng,,,,,13252,,,,,2,0,2
Person,Na Song,,,,,13253,,,,,2,0,2
Album,Pristine Falling Apart,,2025,Indie Rock,True,13254,,,,2025.0,2,3,5
Song,Whimsical Fragments,False,2017,Indie Folk,True,13255,,,2017,2017.0,4,5,9
Song,Capricious Melody,True,2018,Psychedelic Rock,True,13256,,,,2018.0,1,5,6
Song,Playful Improvisation,True,2029,Post-Apocalyptic Folk,False,13257,,,,2029.0,3,8,11
Song,Spontaneous Sonata,True,2023,Americana,True,13258,2023,,,2023.0,2,4,6
Person,Martin Jones PhD,,,,,13259,,,,,1,0,1
Song,Whispers of Harvest Stillness,True,2027,Indie Folk,True,13260,2027,,,2027.0,4,7,11
Person,Chao Shao,,,,,13261,,,,,1,0,1
Song,Twilight in Quiet Pastures,False,2026,Jazz Surf Rock,True,13262,2026,,,2026.0,2,4,6
Person,Lei Lin,,,,,13263,,,,,1,0,1
Person,Tao Fan,,,,,13264,,,,,2,0,2
Person,Yong Zhao,,,,,13265,,,,,1,0,1
Album,Earthen Lullaby,,2027,Dream Pop,True,13266,,,,2027.0,3,8,11
Person,Carol Wallace,,,,,13267,,,,,1,0,1
Person,Haley Adams,,,,,13268,,,,,2,0,2
Person,Julia Allen,,,,,13269,,,,,1,0,1
Person,David Castaneda,,,,,13270,,,,,2,0,2
Person,Eric Boyd,,,,,13271,,,,,2,0,2
Song,Verdant Silence Descends,True,2026,Dream Pop,True,13272,,,,2026.0,3,4,7
Person,Tracy Combs,,,,,13273,,,,,1,0,1
Person,Nicole Valenzuela,,,,,13274,,,,,2,0,2
Person,Tom Kade,,,,,13275,,,,,1,0,1
Song,Paper Crown,True,2023,Synthwave,True,13276,,,2023,2023.0,3,5,8
Person,Min Chang,,,,,13277,,,,,1,0,1
Person,Jing Su,,,,,13278,,,,,2,0,2
Album,Stacks and Status,,2023,Indie Folk,True,13279,,,,2023.0,4,5,9
Song,Cash Charisma,True,2030,Indie Folk,True,13280,,,,2030.0,6,8,14
Person,Lei Zeng,,,,,13281,,,,,1,0,1
Song,Greenback Swagger,True,2027,Jazz Surf Rock,True,13282,,,,2027.0,3,10,13
Person,Yang Xue,,,,,13283,,,,,1,0,1
Person,Juan Jin,,,,,13284,,,,,3,0,3
Person,Tao Fang,,,,,13285,,,,,6,0,6
RecordLabel,Marsala Music,,,,,13286,,,,,0,3,3
Song,The Worthy Price,False,2024,Synthwave,True,13287,2020,,2024,2024.0,3,14,17
Person,Tao Cai,,,,,13288,, Rain Bishop,,,1,0,1
Person,Wei Wan,,,,,13289,,,,,2,0,2
Person,Min Gao,,,,,13290,,,,,1,0,1
Person,Richard Sweeney,,,,,13291,,,,,1,0,1
Person,Fang Chen,,,,,13292,,,,,1,0,1
Person,Chao Yu,,,,,13293,,,,,1,0,1
Person,Juan Zhang,,,,,13294,,,,,1,0,1
Person,Brandi Noble,,,,,13295,,,,,2,0,2
RecordLabel,Pewterer Productions,,,,,13296,,,,,0,1,1
Song,Debt of Honor,False,2017,Lo-Fi Electronica,True,13297,,,,2017.0,4,10,14
Album,Balanced Ledger,,2024,Alternative Rock,True,13298,,,,2024.0,3,6,9
Person,Shohei Ito,,,,,13299,,,,,3,0,3
Person,Rika Tanaka,,,,,13300,,,,,1,0,1
Person,Haruka Nishimura,,,,,13301,,,,,2,0,2
Song,Fair Exchange,True,2020,Indie Rock,True,13302,,,,2020.0,7,18,25
Album,Oxygen Rush,,1997,Dream Pop,True,13303,1997,,,1997.0,3,5,8
Song,Endorphin Sunrise,True,2021,Doom Metal,True,13304,,,,2021.0,4,8,12
Person,Ming Chen,,,,,13305,,,,,1,0,1
Person,Jie Duan,,,,,13306,,,,,2,0,2
Person,Yong Ren,,,,,13307,,,,,2,0,2
Person,Xia Hu,,,,,13308,,,,,1,0,1
RecordLabel,Arno's Whisper,,,,,13309,,,,,0,1,1
Song,Wildfire Euphoria,True,2017,Lo-Fi Electronica,True,13310,,,,2017.0,6,3,9
Person,Na Shao,,,,,13311,,,,,1,0,1
Song,Mountain Breeze Bliss,False,2026,Indie Folk,True,13312,,,2026,2026.0,2,6,8
Person,Rika Maeda,,,,,13313,,,,,2,0,2
Person,Hanako Yamaguchi,,,,,13314,,,,,1,0,1
Song,Wanderer's Lament,True,2028,Space Rock,True,13315,2025,,,2028.0,4,9,13
Person,Xiuying Ding,,,,,13316,,,,,1,0,1
Person,Xia Zhou,,,,,13317,,,,,1,0,1
Person,Sarah Wilson,,,,,13318,,,,,2,0,2
Person,Yan Yuan,,,,,13319,,,,,1,0,1
Person,Li Lu,,,,,13320,,,,,1,0,1
Song,Rootless Heart,True,2025,Psychedelic Rock,True,13321,2025,,2025,2025.0,6,4,10
Person,Danielle Martin,,,,,13322,,,,,1,0,1
Person,Jonathan Vasquez,,,,,13323,,,,,2,0,2
Song,Exile's Whisper,True,2004,Oceanus Folk,True,13324,,,,2004.0,1,26,27
Person,Eric Beasley,,,,,13325,,,,,1,0,1
Person,Ann Holland,,,,,13326,,,,,2,0,2
Album,Harmonic Latitude 458,,2017,Oceanus Folk,True,13327,,,,2017.0,2,6,8
Person,Guiying Qin,,,,,13328,,,,,2,0,2
Person,Na Jin,,,,,13329,,,,,1,0,1
Person,Li He,,,,,13330,,,,,3,0,3
Song,Echoes of the Keyboard Meridian,True,1997,Emo/Pop Punk,True,13331,1997,,,1997.0,5,4,9
Song,Mozart's Numerical Ghost,False,2022,Darkwave,True,13332,,,,2022.0,6,20,26
Person,Rita Morrison,,,,,13333,, Sage,,,1,0,1
Person,David Rodriguez,,,,,13334,,,,,1,0,1
Song,Intervals Between Silence,True,2002,Lo-Fi Electronica,True,13335,,,2002,2002.0,2,13,15
Song,Whispers of a Solitary Reed,True,2026,Dream Pop,False,13336,2026,,,2026.0,4,4,8
Person,Elizabeth Leon,,,,,13337,,,,,1,0,1
Person,Peter Byrd,,,,,13338,,,,,1,0,1
Person,Kenneth Jones,,,,,13339,,,,,1,0,1
Person,Megan Stephenson,,,,,13340,,,,,1,0,1
Song,Monologue in Woodwind Minor,True,2013,Doom Metal,True,13341,2013,,,2013.0,2,11,13
Album,Unaccompanied Breath,,2021,Oceanus Folk,True,13342,,,,2021.0,4,7,11
Person,Michelle Weiss,,,,,13343,,,,,1,0,1
Person,Paul-Louis Benard,,,,,13344,,,,,1,0,1
Person,Éric Lamy,,,,,13345,,,,,1,0,1
Song,The Singular Clarinet's Lament,True,2023,Psychedelic Rock,True,13346,,,,2023.0,3,12,15
Person,Matthew Hill,,,,,13347,, T.R. Black,,,1,0,1
Person,Alicia Kelly,,,,,13348,,,,,1,0,1
Person,Brian Palmer,,,,,13349,,,,,2,0,2
Person,Jacob Martin,,,,,13350,,,,,1,0,1
Person,Connie Estrada,,,,,13351,,,,,1,0,1
Person,Ryan Rodriguez,,,,,13352,,,,,3,0,3
Person,Brittany Bush,,,,,13353,,,,,2,0,2
Person,Sarah Wheeler,,,,,13354,,,,,3,0,3
Person,Katelyn Johnson,,,,,13355,,,,,2,0,2
Person,William Fuentes,,,,,13356,,,,,2,0,2
Album,Harvest Moon's Embrace,,1995,Southern Gothic Rock,True,13357,,,,1995.0,1,20,21
Song,Tractor Tales and Cornrow Trails,False,2001,Jazz Surf Rock,True,13358,,,2001,2001.0,2,3,5
Person,Karol Szczechowicz,,,,,13359,,,,,1,0,1
Person,Sylwia Hołota,,,,,13360,,,,,2,0,2
Song,"Soil, Sweat, and Solitude",True,2011,Blues Rock,True,13361,,,,2011.0,4,12,16
Person,Crystal Morse,,,,,13362,,,,,1,0,1
Person,Erik Tucker,,,,,13363,,,,,1,0,1
Album,The Farmer's Lament,,2012,Indie Rock,True,13364,,,,2012.0,3,12,15
Person,Lia Wähner-Weimer,,,,,13365,,,,,1,0,1
Song,Throne Beyond Time,True,2029,Dream Pop,True,13366,,,,2029.0,2,6,8
Person,Wei Yan,,,,,13367,,,,,2,0,2
Person,Taro Mori,,,,,13368,,,,,1,0,1
Song,Sovereign of Endless Realms,True,2025,Space Rock,True,13369,,,2025,2025.0,3,4,7
Person,Li Yuan,,,,,13370,,,,,1,0,1
Person,Tao Jia,,,,,13371,,,,,1,0,1
Person,Yang Zeng,,,,,13372,,,,,3,0,3
RecordLabel,Diplomatic Frequencies,,,,,13373,,,,,0,2,2
Song,Crown of Eternity,False,2013,Doom Metal,True,13374,,,,2013.0,4,12,16
Person,Xiuying Cui,,,,,13375,,,,,3,0,3
Album,Reign Without Ending,,2030,Desert Rock,True,13376,,,,2030.0,3,3,6
Person,Gang Dong,,,,,13377,,,,,1,0,1
Person,Yan Zhang,,,,,13378,,,,,2,0,2
Song,Rebel's Crown,True,1992,Alternative Rock,True,13379,1992,,1992,1992.0,1,8,9
Person,Jo Baker,,,,,13380,,,,,1,0,1
Song,Stage King's Anthem,True,2017,Doom Metal,True,13381,2017,,,2017.0,2,12,14
Person,Peggy West,,,,,13382,,,,,1,0,1
Person,Sydney Gonzalez,,,,,13383,,,,,1,0,1
Person,Arthur Miller,,,,,13384,,,,,2,0,2
Person,Luis King,,,,,13385,,,,,2,0,2
Person,Joshua Thomas,,,,,13386,,,,,1,0,1
Person,Kathleen Bean,,,,,13387,,,,,1,0,1
Person,Wei Tan,,,,,13388,,,,,1,0,1
Album,Amplified Throne,,2028,Synthwave,True,13389,2028,,,2028.0,7,9,16
Person,Yan Fang,,,,,13390,,,,,1,0,1
Person,Anita Szałata,,,,,13391,,,,,2,0,2
Song,Riff Commander,False,2014,Post-Apocalyptic Folk,True,13392,,,,2014.0,2,8,10
Person,Lei Cao,,,,,13393,,,,,1,0,1
Person,Lei Ding,,,,,13394,,,,,2,0,2
Person,Xiulan Xue,,,,,13395,,,,,1,0,1
Song,Waiting by the Phone,True,2029,Oceanus Folk,True,13396,2029,,,2029.0,4,5,9
Person,Yan Zhu,,,,,13397,,,,,1,0,1
Person,Yong Feng,,,,,13398,,,,,1,0,1
Song,Ringtone Requiem,True,2013,Indie Folk,True,13399,2013,,,2013.0,1,10,11
Person,Tao Liao,,,,,13400,,,,,1,0,1
Person,Na Dong,,,,,13401,,,,,1,0,1
Song,Missed Connection,False,2013,Alternative Rock,True,13402,,,,2013.0,2,4,6
Person,Charles Wallace,,,,,13403,,,,,2,0,2
Song,Voice Beyond the Line,True,2028,Dream Pop,True,13404,,,,2028.0,8,9,17
Person,Li Mo,,,,,13405,, $PECTRUM,,,1,0,1
Person,Jing Han,,,,,13406,,,,,1,0,1
Person,Wei Xiong,,,,,13407,,,,,1,0,1
Person,Yang Sun,,,,,13408,,,,,1,0,1
Person,Xia Fang,,,,,13409,,,,,1,0,1
Person,Jun Meng,,,,,13410,,,,,2,0,2
Person,Yong Liang,,,,,13411,,,,,1,0,1
RecordLabel,Lumina Nova,,,,,13412,,,,,0,1,1
Song,Snowbound Hearts,True,2022,Indie Folk,True,13413,,,2022,2022.0,9,13,22
Person,Dhruv Mall,,,,,13414,,,,,1,0,1
Person,Audrey Johnson,,,,,13415,,,,,2,0,2
Person,Áurea Escobar-Jara,,,,,13416,,,,,1,0,1
Album,Whispers of the Steppes,,2026,Avant-Garde Folk,True,13417,,,,2026.0,2,3,5
Album,Lara's Lament,,2026,Dream Pop,True,13418,,,,2026.0,3,6,9
Song,Revolution's Embrace,True,2030,Dream Pop,True,13419,,,2030,2030.0,3,2,5
Person,Fang Feng,,,,,13420,,,,,2,0,2
Song,"Misunderstood, Not Misguided",True,1994,Dream Pop,True,13421,1994,,,1994.0,3,26,29
Person,Rozalia Ciepluch,,,,,13422,,,,,2,0,2
Song,Stereotype Rebel,True,2010,Indie Folk,True,13423,,,2010,2010.0,2,7,9
Song,Labels Don't Define Me,False,2007,Alternative Rock,True,13424,,,,2007.0,3,5,8
Person,Lei Zhao,,,,,13425,,,,,1,0,1
Person,Tatjana Gieß,,,,,13426,,,,,1,0,1
Person,Guiying Zeng,,,,,13427,,,,,2,0,2
Person,Fang Wei,,,,,13428,,,,,1,0,1
Song,Beyond the Rap Sheet,True,2018,Indie Folk,True,13429,,,,2018.0,2,6,8
Song,Heartbeat Symphony,True,1991,Speed Metal,True,13430,,,,1991.0,2,15,17
Song,Constellation of Us,True,2013,Oceanus Folk,True,13431,2013,,,2013.0,2,5,7
Person,Chao Xiao,,,,,13432,,FLEX ALPHA,,,1,0,1
Person,Ping Song,,,,,13433,,,,,1,0,1
Person,Lei Zheng,,,,,13434,,,,,2,0,2
Person,Xiulan Mo,,,,,13435,,,,,1,0,1
Song,Infinite Horizon,False,2017,Doom Metal,True,13436,2017,,,2017.0,6,7,13
Person,Joann Smith,,,,,13437,,,,,1,0,1
Song,Whispers of Forever,False,2019,Oceanus Folk,True,13438,,,,2019.0,6,12,18
Person,Min Liang,,,,,13439,,,,,1,0,1
Person,Na Li,,,,,13440,,,,,1,0,1
Person,Yang Wu,,,,,13441,,,,,1,0,1
Person,Jun Pan,,,,,13442,,,,,3,0,3
Person,Xia Wang,,,,,13443,,,,,2,0,2
Person,Na Yi,,,,,13444,,,,,2,0,2
Person,Xia Shao,,,,,13445,,,,,1,0,1
Album,Whispers of Earthly Delight,,2023,Dream Pop,True,13446,2023,,,2023.0,4,11,15
Person,Phillip Stone,,,,,13447,,,,,1,0,1
Person,Angela Thompson,,,,,13448,,,,,1,0,1
Person,Douglas Gray,,,,,13449,,,,,1,0,1
Person,Steven Harris,,,,,13450,,,,,2,0,2
Person,Charles Thomas,,,,,13451,,,,,1,0,1
Person,Michael Gibbs,,,,,13452,,,,,1,0,1
Person,Brian Mathis,,,,,13453,,,,,2,0,2
Person,Kimberly Brown,,,,,13454,,,,,1,0,1
Person,Brian Richard,,,,,13455,,,,,1,0,1
RecordLabel,Coastal Drift Records,,,,,13456,,,,,0,1,1
Song,Nature's Tender Embrace,False,2025,Dream Pop,True,13457,,,,2025.0,4,3,7
Person,Xiuying Wang,,,,,13458,,,,,1,0,1
Song,Eternal Bloom,True,2028,Avant-Garde Folk,True,13459,,,,2028.0,6,9,15
Person,Richard Kovář,,,,,13460,,,,,1,0,1
Person,Anna Vávrová,,,,,13461,,,,,1,0,1
Person,Karsten Löwer,,,,,13462,,,,,2,0,2
Person,Henri Drubin,,,,,13463,,,,,2,0,2
RecordLabel,Valle Vinyl,,,,,13464,,,,,0,1,1
Song,Harmony of the Living World,True,2000,Speed Metal,True,13465,,,,2000.0,3,6,9
Person,Na Xu,,,,,13466,,,,,1,0,1
Person,Wei Kong,,,,,13467,,,,,1,0,1
Album,Broken Blueprints,,2000,Doom Metal,True,13468,2000,,,2000.0,2,4,6
Person,Helene van der Dussen,,,,,13469,,,,,1,0,1
Song,Reconstructing Me,True,2024,Doom Metal,True,13470,,,,2024.0,3,5,8
Person,Guiying Shi,,,,,13471,,,,,2,0,2
Person,Kathryn Spencer,,,,,13472,,,,,1,0,1
Person,Qiang Song,,,,,13473,,,,,1,0,1
Person,Jun Gao,,,,,13474,,,,,1,0,1
Person,Xiuying Su,,,,,13475,,,,,1,0,1
Album,Scattered Pieces Mending,,2013,Doom Metal,True,13476,,,,2013.0,3,5,8
Person,Rebecca Austin,,,,,13477,,,,,1,0,1
Person,Martin Frederick,,,,,13478,,,,,2,0,2
Person,Laura Clark,,,,,13479,,,,,1,0,1
Song,Fault Lines of the Heart,True,2009,Synthwave,True,13480,2006,,,2009.0,4,9,13
Song,Chipmunk Campaign Trail,True,2004,Lo-Fi Electronica,False,13481,,,,2004.0,2,7,9
Person,Chao Kong,,,,,13482,,,,,1,0,1
Person,Guiying Yin,,,,,13483,,,,,2,0,2
Album,Ballot Box Rodent,,2010,Indie Rock,True,13484,,,,2010.0,2,10,12
Person,Qiang Yuan,,,,,13485,,,,,1,0,1
Song,Make America Squeaky Again,True,2028,Psychedelic Rock,True,13486,,,,2028.0,3,5,8
Song,Oval Office Acorn,True,2019,Southern Gothic Rock,True,13487,,,,2019.0,2,4,6
Person,Donna Anderson,,,,,13488,,,,,2,0,2
Song,Mirror Echoes,False,2026,Post-Apocalyptic Folk,True,13489,,,,2026.0,4,11,15
Person,Theresa Lopez,,,,,13490,,,,,2,0,2
Person,Curtis Doyle,,,,,13491,,,,,3,0,3
Person,Daniel Miller,,,,,13492,,,,,1,0,1
Person,Jeffrey Medina,,,,,13493,,,,,2,0,2
Person,Joy Blanchard,,,,,13494,,,,,2,0,2
Person,Melissa Williams,,,,,13495,,,,,2,0,2
Person,Gail Nguyen,,,,,13496,,,,,3,0,3
Person,James Vaughn,,,,,13497,,,,,2,0,2
RecordLabel,Shrine Music,,,,,13498,,,,,0,2,2
Album,Synchronized Shadows,,2030,Alternative Rock,True,13499,,,,2030.0,3,2,5
Person,Na Hou,,,,,13500,,,,,1,0,1
Person,Juan Yi,,,,,13501,,,,,1,0,1
RecordLabel,Eco Sonora Records,,,,,13502,,,,,0,1,1
Song,Fractured Reflections,True,1994,Lo-Fi Electronica,True,13503,1994,,,1994.0,3,3,6
Album,Twinned Whispers,,2024,Dream Pop,True,13504,,,,2024.0,3,5,8
Person,Yong Gao,,,,,13505,,,,,1,0,1
Person,Juan Dai,,,,,13506,,,,,1,0,1
Person,Jing Duan,,,,,13507,,,,,1,0,1
Person,Jun Tian,,,,,13508,,,,,1,0,1
Song,Altar of Promises,True,2023,Americana,True,13509,,,,2023.0,2,5,7
Person,Chao Liu,,,,,13510,,,,,1,0,1
Song,Vows in Whispers,True,2007,Doom Metal,True,13511,2007,,,2007.0,1,4,5
Person,Xiulan Jia,,,,,13512,,,,,1,0,1
Person,Fang Du,,,,,13513,,,,,1,0,1
Person,Jun Hu,,,,,13514,,,,,1,0,1
RecordLabel,Harvest Horizon,,,,,13515,,,,,0,1,1
Song,Rings and Revelations,False,2024,Oceanus Folk,True,13516,,,,2024.0,4,7,11
Person,Qiang Zhu,,,,,13517,,,,,2,0,2
Person,Paulo Oestrovsky,,,,,13518,,,,,2,0,2
Song,Commitment's Embrace,True,1987,Blues Rock,True,13519,,,1987,1987.0,1,4,5
Person,Kimaya Aggarwal,,,,,13520,,,,,1,0,1
Song,Sacred Echoes,True,2017,Oceanus Folk,True,13521,,,2017,2017.0,3,3,6
Person,Kyle Lawrence,,,,,13522,,,,,1,0,1
Song,Praise in the Silence,False,2000,Alternative Rock,True,13523,,,,2000.0,2,7,9
Person,Lorenz Förster-Barth,,,,,13524,,,,,1,0,1
Song,Jubilee Rising,True,1987,Alternative Rock,True,13525,,,1987,1987.0,2,4,6
Person,Daniel Smith,,,,,13526,,,,,3,0,3
Person,Ludovico Sgarbi-Interminei,,,,,13527,,,,,1,0,1
Song,Sparks of Liberty,True,2010,Synthwave,True,13528,2010,,,2010.0,2,6,8
Person,Yong Xiao,,,,,13529,,,,,1,0,1
Song,Fireworks and Freedom,True,2017,Oceanus Folk,True,13530,,,,2017.0,4,6,10
Person,Amber Ramsey,,,,,13531,,,,,2,0,2
Person,Edward Little,,,,,13532,,,,,1,0,1
Person,Angela Perez,,,,,13533,,,,,1,0,1
Person,Chad Marks,,,,,13534,,,,,4,0,4
Song,Thirteen Stars Rising,False,2023,Indie Folk,True,13535,,,,2023.0,4,8,12
Person,Xiulan Shen,,,,,13536,,,,,1,0,1
Person,Lisa Payne,,,,,13537,,,,,1,0,1
Song,Summer of '76,False,2024,Oceanus Folk,True,13538,,,,2024.0,3,6,9
Song,Rays Through the Clouds,True,2020,Doom Metal,True,13539,,,2020,2020.0,3,4,7
Person,Martin Guilbert,,,,,13540,,,,,1,0,1
Person,Benjamin Dupuis-Lévy,,,,,13541,,,,,1,0,1
Person,Alain Delannoy,,,,,13542,,,,,1,0,1
Album,Brightness Beyond the Shadows,,1991,Speed Metal,True,13543,,,,1991.0,1,5,6
Person,Jun Xie,,,,,13544,,,,,1,0,1
Song,Gleaming Hope's Horizon,True,1997,Speed Metal,True,13545,,,,1997.0,2,5,7
Song,When Darkness Breaks,True,2019,Doom Metal,True,13546,2019,,,2019.0,3,7,10
Person,Jun Shi,,,,,13547,, Mars,,,1,0,1
Person,Nicole Bass,,,,,13548,,,,,2,0,2
Person,Michael Jones,,,,,13549,,,,,1,0,1
Person,Li Wan,,,,,13550,,,,,2,0,2
RecordLabel,Parazinho Sound,,,,,13551,,,,,0,1,1
Album,"Different Paths, Same Destination",,2021,Psychedelic Rock,True,13552,2021,,,2021.0,2,11,13
Person,Aylin Sire,,,,,13553,,,,,1,0,1
Person,Calogero Mezzetta,,,,,13554,,,,,2,0,2
Person,Luca Hazenveld,,,,,13555,,,,,1,0,1
Person,Adam de Vries,,,,,13556,,,,,1,0,1
Song,"Your Truth, My Reality",True,2009,Emo/Pop Punk,True,13557,2009,,,2009.0,9,6,15
Song,Personal Compass,True,2020,Doom Metal,True,13558,,,,2020.0,1,8,9
Person,Maria-Luise Flantz,,,,,13559,,,,,1,0,1
Person,Vitus Heinz,,,,,13560,,,,,1,0,1
Person,Pedro Scholtz,,,,,13561,,,,,1,0,1
Person,Johanne Salz,,,,,13562,,,,,1,0,1
Album,Unique Frequencies,,2017,Synthpop,True,13563,,,,2017.0,5,23,28
Song,Genuflection of Love,True,2015,Psychedelic Rock,True,13564,,,,2015.0,1,5,6
Person,Kelly Carpenter,,,,,13565,, Vesper,,,1,0,1
Person,Fang Deng,,,,,13566,,,,,2,0,2
Album,Lowered Expectations,,2025,Lo-Fi Electronica,True,13567,,,,2025.0,12,5,17
Album,Prostrate Passion,,2024,Indie Rock,True,13568,2024,,,2024.0,5,5,10
Person,Amanda Frazier,,,,,13569,,,,,1,0,1
Song,Who Holds Your Heart Tonight?,True,2029,Darkwave,False,13570,,,,2029.0,2,5,7
Person,Chao Tao,,,,,13571,,,,,1,0,1
Person,Jun Gong,,,,,13572,,,,,1,0,1
Person,Yang Zheng,,,,,13573,,,,,2,0,2
Song,Can You Spell Out Your Desire?,True,2008,Synthwave,True,13574,2008,,,2008.0,2,20,22
Person,Li Song,,,,,13575,,,,,1,0,1
Album,Whisper Me Your Lover's Name,,2004,Doom Metal,True,13576,,,,2004.0,1,5,6
Person,Fiamma Baracca,,,,,13577,,,,,2,0,2
Person,Lodovico Interminei,,,,,13578,,,,,3,0,3
Person,Adriano Tomei,,,,,13579,,,,,2,0,2
Song,Where Does Your Passion Hide?,True,2004,Blues Rock,True,13580,2004,,,2004.0,3,6,9
Person,Gerhart Wieloch,,,,,13581,,,,,2,0,2
Album,Whispers Through the Woodland Shadows,,2017,Blues Rock,True,13582,,,,2017.0,2,4,6
Person,Enzo Morlacchi-Grassi,,,,,13583,,,,,1,0,1
Song,Wandering Thoughts Among Green Sentinels,True,2007,Synthwave,True,13584,,,,2007.0,2,6,8
Person,Nanami Takahashi,,,,,13585,,,,,1,0,1
Person,Gang Wan,,,,,13586,,,,,2,0,2
Person,Yui Watanabe,,,,,13587,,,,,1,0,1
Person,Asuka Takahashi,,,,,13588,,,,,1,0,1
Song,Silent Steps in the Forest's Embrace,True,2023,Avant-Garde Folk,True,13589,2023,,2023,2023.0,3,4,7
Person,Wei Zhao,,,,,13590,,,,,1,0,1
Song,Echoes of a Sylvan Daydream,True,2010,Doom Metal,True,13591,,,2010,2010.0,2,5,7
Song,Healing in the Silence,True,2026,Synthwave,True,13592,2026,,,2026.0,2,10,12
Person,Gang Dai,,,,,13593,,,,,2,0,2
Person,Ming Song,,,,,13594,,,,,1,0,1
Person,Xiuying Du,,,,,13595,,,,,1,0,1
Person,Li Yuan,,,,,13596,,,,,1,0,1
Person,Xiulan Song,,,,,13597,,,,,1,0,1
Person,Jun Long,,,,,13598,,,,,1,0,1
Person,Chao Zhao,,,,,13599,,,,,1,0,1
Song,Scars and Surrenders,True,2025,Dream Pop,True,13600,,,,2025.0,4,4,8
Person,Brittany Horn,,,,,13601,,,,,1,0,1
RecordLabel,Maré Sonora,,,,,13602,,,,,0,2,2
Song,Beyond the Broken,True,2013,Psychedelic Rock,True,13603,2013,,,2013.0,2,11,13
Person,Ming Cheng,,,,,13604,,,,,2,0,2
Person,Michael Harris,,,,,13605,,,,,2,0,2
Person,James Moore,,,,,13606,,,,,2,0,2
Song,After the Last Tear Falls,True,2020,Indie Folk,True,13607,2013,,,2020.0,3,14,17
Person,Li Deng,,,,,13608,,,,,1,0,1
Person,Qiang Shi,,,,,13609,,,,,1,0,1
Song,Shadows of Doubt,False,2026,Avant-Garde Folk,True,13610,,,2026,2026.0,2,2,4
Song,Trust No One,True,2018,Doom Metal,True,13611,,,,2018.0,2,7,9
Person,Gang Zhou,,,,,13612,,,,,3,0,3
Person,Ping Yu,,,,,13613,,,,,1,0,1
Person,Yan He,,,,,13614,,,,,4,0,4
Song,Walls I've Built,True,2018,Post-Apocalyptic Folk,True,13615,2012,,,2018.0,2,6,8
Album,Whispers of Suspicion,,2013,Doom Metal,True,13616,,,,2013.0,3,5,8
Person,Jie Cao,,,,,13617,,,,,1,0,1
Person,Randy Vasquez,,,,,13618,,,,,1,0,1
Person,Fang Du,,,,,13619,,,,,1,0,1
Song,Sacred Soil of Home,True,2029,Space Rock,True,13620,2029,,,2029.0,2,4,6
Person,Stephanie Brown,,,,,13621,,,,,1,0,1
RecordLabel,Pageantry,,,,,13622,,,,,0,1,1
Song,Echoes of Ancestral Ground,False,2029,Dream Pop,True,13623,2029,,2029,2029.0,5,7,12
Person,Wei Gu,,,,,13624,,,,,1,0,1
Album,Heartbeat of the Homeland,,2028,Alternative Rock,True,13625,,,,2028.0,3,5,8
Person,Sara Laszuk,,,,,13626,,,,,1,0,1
Song,Roots and Resonance,True,2010,Indie Rock,True,13627,,,,2010.0,5,3,8
Song,"Hydraulic Heart, Gerd",True,2020,Speed Metal,True,13628,2020,,,2020.0,4,6,10
Person,Gertrude Dietz-Drub,,,,,13629,,,,,1,0,1
Person,Krista Fritsch,,,,,13630,,,,,1,0,1
Song,Pressure's Rising (A Pump's Lament),False,2007,Indie Folk,True,13631,,,,2007.0,1,4,5
Song,The Dripping Diaries of Gerd,False,2016,Darkwave,True,13632,,,2016,2016.0,3,14,17
Person,Erica Hernandez,,,,,13633,, Pete Castle,,,2,0,2
Person,Kathy Johnson,,,,,13634,,,,,1,0,1
Person,Lee Butler,,,,,13635,,,,,1,0,1
Person,Jules Paris,,,,,13636,,,,,1,0,1
Person,Livia Blewanus,,,,,13637,,,,,1,0,1
RecordLabel,Artists Ascent,,,,,13638,,,,,0,3,3
Song,Aqua Mechanica,True,2000,Southern Gothic Rock,True,13639,2000,,,2000.0,9,5,14
Song,Petals of Promise,True,2017,Dream Pop,True,13640,,,2017,2017.0,4,5,9
Person,Sibylla Beyer,,,,,13641,,,,,1,0,1
Song,Crimson Whispers,True,2020,Indie Rock,True,13642,,,,2020.0,2,5,7
Song,Thorns and Tender,False,2007,Blues Rock,True,13643,,,,2007.0,2,4,6
Song,Blooming Memories,True,2023,Indie Folk,True,13644,2023,,2023,2023.0,2,5,7
Person,Maria Matthews,,,,,13645,,,,,1,0,1
Person,Zachary Wells,,,,,13646,,,,,1,0,1
Person,Suzanne Martinez,,,,,13647,,,,,2,0,2
Song,Whispers in My Sleep,True,2027,Doom Metal,True,13648,2027,,,2027.0,4,7,11
Person,Guy Voisin,,,,,13649,,,,,1,0,1
Person,Alain du Vaillant,,,,,13650,,,,,1,0,1
Song,Just Beyond the Horizon,True,2010,Doom Metal,True,13651,2010,,,2010.0,2,5,7
Person,Margherita Montanari,,,,,13652,,,,,1,0,1
Person,Orlando Garzoni,,,,,13653,,,,,2,0,2
Song,Blueprints of Hope,True,2000,Southern Gothic Rock,True,13654,,,,2000.0,3,9,12
Person,Leon Misiurek,,,,,13655,, Stellar Crow,,,1,0,1
Person,Gustaw Reich,,,,,13656,,,,,1,0,1
Person,Jerzy Bochnak,,,,,13657,,,,,1,0,1
Song,Wishful Thinking,True,2023,Synthwave,True,13658,2023,,,2023.0,2,9,11
Song,Needles and Threads of Valor,True,2022,Psychedelic Rock,True,13659,,,,2022.0,2,22,24
Person,Juan Brown,,,,,13660,, Nova VI,,,1,0,1
Person,Thomas Brown,,,,,13661,, DA VINCI,,,1,0,1
Person,Ivonne Austermühle,,,,,13662,,,,,1,0,1
Person,Ernst-August Hamann-Junck,,,,,13663,,,,,1,0,1
Person,Eckehard Kabus-Barth,,,,,13664,,,,,1,0,1
Person,Irmtrud Jessel,,,,,13665,,,,,1,0,1
Person,Pawel Zirme,,,,,13666,,,,,1,0,1
Person,Isabelle Bloch,,,,,13667,,,,,1,0,1
Person,Denis Pechel,,,,,13668,,,,,1,0,1
Person,Franco Dietz,,,,,13669,,,,,1,0,1
Person,Astrid Jockel-Hecker,,,,,13670,,,,,1,0,1
Person,Sevim Holt,,,,,13671,,,,,1,0,1
Person,Gerfried Schaaf,,,,,13672,,,,,2,0,2
Person,Sieghard Jäntsch-Kensy,,,,,13673,,,,,1,0,1
Person,Inna Wagner,,,,,13674,,,,,1,0,1
Person,Margarete Löchel,,,,,13675,,,,,1,0,1
Person,Mirja Heintze,,,,,13676,,,,,1,0,1
Person,Erhard Blümel,,,,,13677,,,,,1,0,1
Person,Elias Beyer,,,,,13678,,,,,1,0,1
Person,Sarah Miles,,,,,13679,,,,,1,0,1
Song,Homefront Harmony,True,2016,Indie Pop,True,13680,,,,2016.0,7,6,13
Song,Stitching Sacrifice,True,2010,Indie Folk,True,13681,,,,2010.0,3,33,36
Person,Wei Feng,,,,,13682,,,,,2,0,2
Person,Yong Wei,,,,,13683,,,,,2,0,2
Person,Jun Mao,,,,,13684,,,,,1,0,1
Person,Ping Fu,,,,,13685,,,,,1,0,1
Person,Ming Xia,,,,,13686,,,,,2,0,2
Song,Seams of Service,True,2027,Dream Pop,True,13687,,,,2027.0,4,5,9
Person,Morgan Carlson,,,,,13688,,,,,1,0,1
Person,Lisa Hanna,,,,,13689,,,,,1,0,1
Person,Pamela Ayala,,,,,13690,,,,,2,0,2
Song,Silent Goodbye,True,2026,Indie Folk,True,13691,,,,2026.0,8,7,15
Person,Craig Lewis,,,,,13692,,,,,1,0,1
Person,Xiuying Huang,,,,,13693,,,,,1,0,1
Person,Ming Mao,,,,,13694,,,,,1,0,1
Person,Xia Mao,,,,,13695,,,,,1,0,1
Person,Jing Gao,,,,,13696,,,,,1,0,1
Song,Farewell Without Words,True,2015,Dream Pop,True,13697,2009,,,2015.0,2,5,7
Person,Mituru Matsumoto,,,,,13698,,,,,1,0,1
Person,Satomi Inoue,,,,,13699,,,,,2,0,2
Person,Tao Zheng,,,,,13700,,,,,1,0,1
Song,The Last Message,False,1995,Indie Pop,True,13701,1995,,1995,1995.0,1,4,5
Person,Sheri Hernandez,,,,,13702,,Lyric,,,2,0,2
Song,Unraveling Our Story,True,2027,Dream Pop,True,13703,2027,,,2027.0,3,3,6
Person,Ana Garrison,,,,,13704,,,,,1,0,1
Song,Sweet,True,2028,Jazz Surf Rock,True,13705,,,,2028.0,3,5,8
Person,Na Luo,,,,,13706,,,,,1,0,1
Album,Delightful,,2022,Emo/Pop Punk,True,13707,,,,2022.0,4,3,7
Song,Charming,True,2026,Dream Pop,True,13708,,,,2026.0,3,9,12
Song,Pleasant,True,2020,Doom Metal,True,13709,,,,2020.0,2,2,4
Person,Colin Wood,,,,,13710,,,,,4,0,4
Song,Puddle Waltz,True,2013,Dream Pop,True,13711,,,,2013.0,3,5,8
Person,Ferenc Mälzer,,,,,13712,,The Paper Empires,,,1,0,1
Song,Umbrella Shuffle,True,2028,Darkwave,True,13713,2025,,,2028.0,6,12,18
Person,Christopher Wilson,,,,,13714,,,,,1,0,1
Person,Nicholas Lawrence,,,,,13715,,,,,2,0,2
Person,Courtney Smith,,,,,13716,,,,,1,0,1
Album,Gray Day Tango,,2029,Indie Rock,True,13717,2029,,,2029.0,2,4,6
Person,Jeremy Jones,,,,,13718,,,,,1,0,1
Person,Yang Dai,,,,,13719,,,,,1,0,1
Album,Raindrops and Rhythms,,2023,Lo-Fi Electronica,True,13720,2017,,2023,2023.0,6,5,11
Album,River's Lament,,2018,Doom Metal,True,13721,,,,2018.0,7,16,23
Person,Chao Xie,,,,,13722,,,,,1,0,1
Person,Guiying Song,,,,,13723,,,,,1,0,1
Song,Muddy Waters Midnight,True,2013,Synthwave,True,13724,,,2013,2013.0,3,11,14
Person,Li Yao,,,,,13725,,,,,1,0,1
Person,Juan Hao,,,,,13726,,,,,1,0,1
Song,Indiana Heartache,True,2021,Indie Pop,True,13727,2021,,,2021.0,3,3,6
Person,Ian Santos,,,,,13728,,,,,1,0,1
Song,Forgotten Valley Blues,True,2028,Dream Pop,False,13729,,,,2028.0,3,2,5
Person,Xiuying Tan,,,,,13730,,,,,1,0,1
Person,Juan Fan,,,,,13731,,,,,1,0,1
Song,Whispers of Frost,True,2012,Doom Metal,True,13732,,,,2012.0,1,5,6
Person,Garrett Montoya,,,,,13733,,,,,1,0,1
Album,Snowbound Heartbeat,,2026,Psychedelic Rock,True,13734,2026,,,2026.0,6,6,12
Song,Echoes in the Silent North,True,2024,Darkwave,True,13735,,,,2024.0,8,5,13
Song,Crystalline Horizons,True,2028,Psychedelic Rock,True,13736,2028,,2028,2028.0,2,5,7
Person,Guiying He,,,,,13737,,,,,1,0,1
Person,Lei Cao,,,,,13738,,,,,1,0,1
Person,Fang Gao,,,,,13739,,,,,2,0,2
Person,Xiulan Hu,,,,,13740,,,,,1,0,1
Song,"Stay, My Fading Friend",True,2019,Space Rock,True,13741,2019,,2019,2019.0,2,6,8
Person,Yan Ma,,,,,13742,,,,,2,0,2
Person,Xia Jin,,,,,13743,,,,,1,0,1
Person,Fang Yu,,,,,13744,,,,,1,0,1
Person,Jing Gong,,,,,13745,,,,,1,0,1
Person,Lei Cai,,,,,13746,,,,,1,0,1
Song,Echoes of a Departure,True,2010,Doom Metal,True,13747,2010,,,2010.0,2,7,9
Person,Kerry Henry,,,,,13748,,,,,2,0,2
Person,Michele Sharp,,,,,13749,,,,,1,0,1
RecordLabel,Riviera Sonora,,,,,13750,,,,,0,1,1
Song,Holding Onto Shadows,True,2020,Indie Folk,True,13751,2020,,,2020.0,1,5,6
Person,Jun Meng,,,,,13752,,,,,1,0,1
Person,Yang Xie,,,,,13753,,,,,1,0,1
Person,Yan Guo,,,,,13754,,,,,1,0,1
Song,Before You Walk Away,True,2026,Synthwave,True,13755,,,,2026.0,2,4,6
Person,Li He,,,,,13756,,,,,1,0,1
Person,Yang Liu,,,,,13757,,,,,2,0,2
Song,Whispers of the Shoreline,True,2013,Indie Folk,True,13758,,,,2013.0,2,16,18
Person,Shelby Fletcher,,,,,13759,,,,,3,0,3
Person,James Hall,,,,,13760,,,,,2,0,2
Person,Diana Mitchell,,,,,13761,,,,,1,0,1
Person,Kevin Lopez,,,,,13762,,,,,1,0,1
Song,Tidal Memoir,True,2020,Desert Rock,False,13763,,,,2020.0,5,7,12
Person,Konrad Szpyt,,,,,13764,, Luna Rey,,,1,0,1
Person,Jan Jaśko,,,,,13765,,,,,1,0,1
Person,Bobby Hester,,,,,13766,,,,,2,0,2
Person,Matthew Smith,,,,,13767,,,,,2,0,2
Song,Salt-Stained Serenade,False,2027,Dream Pop,True,13768,,,,2027.0,4,9,13
Person,Ming Hou,,,,,13769,,,,,2,0,2
Person,Chao Lin,,,,,13770,,,,,1,0,1
Person,Lei Yi,,,,,13771,,,,,1,0,1
Album,Maritime Echoes,,1996,Doom Metal,True,13772,1993,,,1996.0,1,6,7
Person,Xia Fang,,,,,13773,,,,,2,0,2
Person,Xiulan Xie,,,,,13774,,,,,1,0,1
Person,Yan Qiao,,,,,13775,,,,,1,0,1
Person,Li Lin,,,,,13776,,,,,1,0,1
Album,Gravity's Anchor,,2004,Oceanus Folk,True,13777,,,,2004.0,1,4,5
Person,Nakul Samra,,,,,13778,,,,,1,0,1
Person,Lagan Bhalla,,,,,13779,,,,,2,0,2
RecordLabel,Premier Pulse,,,,,13780,,,,,0,1,1
Song,Lead Weight Blues,True,2027,Synthwave,True,13781,,,,2027.0,1,9,10
Person,Yang Cai,,,,,13782,,,,,1,0,1
Person,Xiuying Cao,,,,,13783,,,,,1,0,1
Song,Sinking Certainty,True,2023,Americana,True,13784,,,,2023.0,2,4,6
Person,Chao Cui,,,,,13785,,,,,1,0,1
Song,Concrete Destiny,True,2024,Dream Pop,True,13786,2024,,,2024.0,3,9,12
Person,Rachel Hogan,,,,,13787,,,,,1,0,1
Person,Brandon Wilson,,,,,13788,,,,,1,0,1
Person,John Brooks,,,,,13789,,,,,1,0,1
Person,Kimberly Kim,,,,,13790,,,,,1,0,1
Person,Jason Lewis,,,,,13791,,,,,1,0,1
Person,Li Jin,,,,,13792,,,,,1,0,1
Person,Min Jia,,,,,13793,,,,,1,0,1
Song,Where Are My Bones?,True,2020,Indie Rock,True,13794,,,,2020.0,2,6,8
Person,Dean Mullins,,,,,13795,, Frankie Vale,,,1,0,1
Person,Valerie Stafford,,,,,13796,,,,,1,0,1
Person,Ruy Villa Coloma,,,,,13797,,,,,2,0,2
Person,Kristen Rice,,,,,13798,,,,,1,0,1
Song,Bread and Misery,True,2026,Blues Rock,True,13799,,,2026,2026.0,2,2,4
Song,The Artful Dodger's Lament,True,2019,Psychedelic Rock,True,13800,,,,2019.0,6,8,14
Person,Na Dong,,,,,13801,,,,,1,0,1
Person,Jim Miller,,,,,13802,,,,,2,0,2
Person,Yong Wei,,,,,13803,,,,,2,0,2
Album,Workhouse Whispers,,2006,Dream Pop,True,13804,,,2006,2006.0,1,5,6
Album,Chasing Her Smile,,2017,Americana,True,13805,,,,2017.0,2,5,7
Person,Tao Jiang,,,,,13806,,,,,2,0,2
Person,Tao Feng,,,,,13807,,,,,3,0,3
Song,Her Way or the Highway,True,2028,Dream Pop,True,13808,,,,2028.0,3,3,6
Person,Daniel Cooper,,,,,13809,,,,,2,0,2
Person,Eric Briggs,,,,,13810,,,,,4,0,4
Album,Dancing to Her Rhythm,,2002,Southern Gothic Rock,True,13811,2002,,,2002.0,3,4,7
Person,Bruno Majtczak,,,,,13812,,,,,1,0,1
Album,Wrapped Around Her Wishes,,2024,Dream Pop,True,13813,,,,2024.0,5,3,8
Person,Jing Cui,,,,,13814,,,,,1,0,1
Person,Jing Hu,,,,,13815,,,,,1,0,1
Person,Jie Fu,,,,,13816,,,,,1,0,1
Song,Warsaw Veins,False,2027,Space Rock,True,13817,2027,,,2027.0,11,7,18
Person,Dennis Mcdowell,,,,,13818,,,,,2,0,2
Song,Ancestral Crimson,True,1995,Indie Rock,True,13819,1995,,,1995.0,3,6,9
Song,Mazovia's Pulse,True,2025,Lo-Fi Electronica,True,13820,2025,,,2025.0,9,4,13
Song,Heritage in Red,True,2023,Doom Metal,True,13821,,,,2023.0,2,5,7
Person,Ignatz Thanel-Hornich,,,,,13822,,,,,1,0,1
Song,Verses Unfolding,True,1994,Blues Rock,True,13823,1991,,,1994.0,2,6,8
Album,Whispers Between Stanzas,,2020,Indie Folk,True,13824,,,,2020.0,4,8,12
Person,James Cooper,,,,,13825,,,,,1,0,1
Person,Xiuying He,,,,,13826,,,,,2,0,2
Person,Ming Xie,,,,,13827,,,,,1,0,1
Person,Jing Kang,,,,,13828,,,,,1,0,1
Person,Guiying Chang,,,,,13829,,,,,1,0,1
Person,Wei Mo,,,,,13830,,,,,1,0,1
Person,Michelle Blair,,,,,13831,,,,,1,0,1
Song,The Dialect of Dreams,True,2004,Blues Rock,True,13832,2004,,,2004.0,4,4,8
Person,Nathalie Striebitz,,,,,13833,,,,,1,0,1
Song,Ink's Intimate Tongue,False,2023,Synthwave,True,13834,,,,2023.0,4,5,9
Person,Dawn Hopkins,,,,,13835,,,,,1,0,1
Person,Casey Perez,,,,,13836,,,,,1,0,1
Person,Sara Berger,,,,,13837,,,,,1,0,1
Person,Kenneth Douglas,,,,,13838,,,,,1,0,1
Person,Brandon Dillon,,,,,13839,,,,,1,0,1
RecordLabel,Formia Groove,,,,,13840,,,,,0,2,2
Song,Whispers of Signe,True,2018,Dream Pop,True,13841,2018,,,2018.0,2,5,7
Album,Echoes from Her Horizon,,2030,Dream Pop,True,13842,,,,2030.0,7,7,14
Person,Theresa Jones,,,,,13843,,,,,2,0,2
Person,Sean Phillips,,,,,13844,,,,,1,0,1
Person,Ping Gu,,,,,13845,,,,,1,0,1
Person,Li Ren,,,,,13846,,,,,2,0,2
Person,Jun Jia,,,,,13847,,,,,1,0,1
Song,Silent Letters of Signe,True,2012,Jazz Surf Rock,True,13848,,,,2012.0,3,5,8
Person,Lei Song,,,,,13849,,,,,1,0,1
Song,Traced by Her Name,True,2024,Doom Metal,True,13850,,,,2024.0,4,5,9
Person,Rómulo Huertas,,,,,13851,,,,,7,0,7
Song,She Ignites,True,2029,Dream Pop,True,13852,,,,2029.0,2,10,12
Person,Annunziata Disdero,,,,,13853,,Annunziata,,,1,0,1
Person,Mattia Pepe,,,,,13854,,,,,1,0,1
Person,Jacopo Vianello,,,,,13855,,,,,1,0,1
Person,Giustino Carocci,,,,,13856,,,,,1,0,1
Person,Lara Scaramucci-Santi,,,,,13857,,,,,1,0,1
Person,Camilla Zaccagnini-Bertoni,,,,,13858,,,,,2,0,2
Person,Fortunata Zeffirelli,,,,,13859,,,,,2,0,2
Person,Emilio Farnese,,,,,13860,,,,,1,0,1
Song,Wildfire Woman,False,2023,Doom Metal,True,13861,,,,2023.0,3,4,7
Person,Jessica Ward,,,,,13862,,,,,1,0,1
Person,Meike Döhn,,,,,13863,,,,,1,0,1
Person,Aysel Scheibe,,,,,13864,,,,,1,0,1
Person,Peter Knapp,,,,,13865,,,,,1,0,1
Album,Dynamite Dancing,,2023,Indie Folk,True,13866,2017,,2023,2023.0,2,6,8
Person,Jo Stewart,,,,,13867,, $PARK,,,1,0,1
Person,Jake Bailey,,,,,13868,,,,,1,0,1
Person,Marie Munoz,,,,,13869,,,,,1,0,1
Person,Alicia Jordan,,,,,13870,,,,,1,0,1
Person,Ronald Yates,,,,,13871,,,,,2,0,2
RecordLabel,Coolt Groove,,,,,13872,,,,,0,1,1
Song,Iron Tracks,True,2016,Synthwave,False,13873,2016,,,2016.0,3,6,9
Album,Whistle and Steel,,2006,Southern Gothic Rock,False,13874,2006,,,2006.0,4,4,8
Song,Runaway Rails,True,2023,Desert Rock,True,13875,,,,2023.0,4,10,14
Person,Li Hu,,,,,13876,,,,,1,0,1
Person,Jun Wan,,,,,13877,,,,,2,0,2
Person,Jing Duan,,,,,13878,,,,,1,0,1
Person,Na Kong,,,,,13879,,,,,1,0,1
Person,Tao Dai,,,,,13880,,,,,1,0,1
Person,Xiuying Ma,,,,,13881,,,,,1,0,1
Person,Chao Lai,,,,,13882,,,,,2,0,2
Album,Conductor's Heartbeat,,2007,Indie Folk,True,13883,2007,,,2007.0,1,8,9
Person,Viktor Kreusel,,,,,13884,,,,,2,0,2
Person,Clemens Henck,,,,,13885,,,,,1,0,1
Person,Diether Lachmann,,,,,13886,,,,,1,0,1
Person,Marlene Juncken,,,,,13887,,,,,2,0,2
Song,Citrus Speedway,True,2020,Doom Metal,True,13888,2017,,,2020.0,4,4,8
Person,Li Tao,,,,,13889,,,,,1,0,1
Person,Yong Lin,,,,,13890,,,,,1,0,1
Song,Chrome and Tangerine,False,1998,Lo-Fi Electronica,True,13891,1998,,,1998.0,3,13,16
Person,Na Qin,,,,,13892,,,,,1,0,1
Song,Roadside Mandarin,True,2024,Dream Pop,True,13893,,,,2024.0,3,7,10
Person,Jun Luo,,,,,13894,,,,,2,0,2
Person,Guiying Qiu,,,,,13895,,,,,1,0,1
Person,Wei Kong,,,,,13896,,,,,1,0,1
Person,Fang Han,,,,,13897,,,,,1,0,1
Person,Katie Bryant,,,,,13898,,,,,1,0,1
Person,Chao Yi,,,,,13899,,,,,1,0,1
Song,Peels and Wheels,True,2017,Dream Pop,True,13900,,,,2017.0,2,3,5
Person,Ryan Richards,,,,,13901,,,,,1,0,1
Person,Tracy Vazquez,,,,,13902,,,,,1,0,1
Album,Nasal Meatball Misadventures,,2012,Alternative Rock,True,13903,,,,2012.0,2,6,8
Song,Forbidden Fleshy Appendage Insertion,True,2020,Indie Folk,True,13904,,,,2020.0,2,11,13
Person,Diana Trujillo,,,,,13905,,,,,1,0,1
Person,Christina Robinson,,,,,13906,,,,,2,0,2
Person,Sharon Parrish,,,,,13907,,,,,2,0,2
Person,Brian Nguyen,,,,,13908,,,,,1,0,1
Person,Robert Anderson,,,,,13909,,,,,2,0,2
Person,Ryan Blevins,,,,,13910,,,,,1,0,1
Person,Samantha Snow,,,,,13911,,,,,1,0,1
Person,Morgan Brown,,,,,13912,,,,,1,0,1
Album,Marcus and the Meaty Nostril Dilemma,,2017,Indie Folk,True,13913,,,,2017.0,2,3,5
Person,Heinz-Georg Bolzmann,,,,,13914,,,,,2,0,2
Person,Imke Hartmann,,,,,13915,,,,,1,0,1
Song,Culinary Cranial Complications,True,2029,Dream Pop,True,13916,,,,2029.0,4,8,12
Person,Jie Feng,,,,,13917,,,,,1,0,1
Person,Yang Su,,,,,13918,,,,,2,0,2
Person,Xiulan Liang,,,,,13919,,,,,2,0,2
Person,Li Lei,,,,,13920,,,,,1,0,1
Person,Alexander Ramirez,,,,,13921,,,,,1,0,1
Album,Hooves and Hopes,,2022,Lo-Fi Electronica,True,13922,,,,2022.0,5,4,9
Album,Mint Julep Memories,,2017,Doom Metal,True,13923,,,2017,2017.0,3,4,7
Person,Ryohei Ito,,,,,13924,,,,,1,0,1
Person,Maaya Hayashi,,,,,13925,,,,,1,0,1
Album,The Last Furlong,,2020,Synthwave,True,13926,2020,,,2020.0,2,8,10
Person,Nataniel Nazarewicz,,,,,13927,,,,,2,0,2
Person,Róża Bełz,,,,,13928,,,,,2,0,2
Person,Jeremi Pronobis,,,,,13929,,,,,1,0,1
Song,Silk and Stirrups,False,2009,Southern Gothic Rock,True,13930,2009,,,2009.0,5,3,8
Song,Swift Paths of Linguistic Harmony,False,2016,Southern Gothic Rock,True,13931,2016,,,2016.0,4,3,7
Person,Mary Williams,,,,,13932,,,,,2,0,2
Album,Echoes of a Universal Tongue,,2011,Southern Gothic Rock,True,13933,,,,2011.0,9,5,14
Song,Bridges Between Words and Worlds,False,2026,Indie Folk,True,13934,2026,,,2026.0,4,7,11
Person,Jun Chen,,,,,13935,,,,,1,0,1
Person,Qiang Yan,,,,,13936,,,,,1,0,1
Person,Juan Zou,,,,,13937,,,,,2,0,2
Person,Yang Xie,,,,,13938,,,,,1,0,1
Person,Hüseyin Paffrath,,,,,13939,,,,,2,0,2
RecordLabel,Riveted Sonata Studios,,,,,13940,,,,,0,1,1
Song,Melody of Shared Understanding,True,2010,Synthwave,True,13941,,,,2010.0,2,10,12
Person,Juan Zhao,,,,,13942,,,,,2,0,2
Person,Ping Jiang,,,,,13943,,,,,1,0,1
Person,Gang Fan,,,,,13944,,,,,1,0,1
Song,Dust and Mirages,False,2029,Dream Pop,True,13945,,,,2029.0,4,14,18
Person,Xia Fan,,,,,13946,,,,,1,0,1
Person,Brenda Day,,,,,13947,,,,,1,0,1
Person,Kelly Kim,,,,,13948,,,,,1,0,1
Person,Yong Fang,,,,,13949,,,,,2,0,2
Person,Ming Zhong,,,,,13950,,,,,1,0,1
Person,Juan Liu,,,,,13951,,,,,1,0,1
Person,Ping Wen,,,,,13952,,,,,2,0,2
Person,Willie Johnson,,,,,13953,,,,,1,0,1
Person,Luis Green,,,,,13954,,,,,1,0,1
Album,Saguaro Shadows,,2019,Emo/Pop Punk,True,13955,2019,,,2019.0,3,8,11
Album,Sunbleached Memory,,1997,Dream Pop,True,13956,,,,1997.0,3,7,10
Song,Echoes of the Final Horizon,True,2026,Indie Rock,True,13957,,,,2026.0,4,6,10
Person,Mees Oude Heer,,,,,13958,,Midnight Herald,,,1,0,1
Person,Jennifer Vang,,,,,13959,,,,,1,0,1
Album,Whispers Beyond the Apocalypse,,1984,Alternative Rock,True,13960,,,,1984.0,2,9,11
Album,Twilight of Infinite Endings,,2020,Indie Folk,True,13961,,,,2020.0,2,8,10
Person,Na Ren,,,,,13962,,,,,2,0,2
Person,Yan Ye,,,,,13963,,,,,1,0,1
RecordLabel,Soundstage,,,,,13964,,,,,0,2,2
Song,The Last Goodbye's Farewell,True,2007,Oceanus Folk,False,13965,,,,2007.0,2,13,15
Person,Lalo Salgado Cazorla,,,,,13966,, $OUL,,,1,0,1
Person,Georgina Piñol-Guerra,,,,,13967,,,,,2,0,2
Person,Luigina Stoppani-Sandi,,,,,13968,,,,,1,0,1
Song,Copper and Silver Whispers,True,2022,Jazz Surf Rock,True,13969,,,,2022.0,3,6,9
Person,Jerzy Ksel,,,,,13970,,,,,2,0,2
Person,Lilla Giammusso,,,,,13971,,,,,1,0,1
Person,Salvi Giorgetti,,,,,13972,,,,,1,0,1
Song,Loose Change Lullaby,True,2023,Doom Metal,True,13973,2023,,,2023.0,3,4,7
Person,Agata Bähr-Metz,,,,,13974,,,,,1,0,1
Person,Gudrun Atzler,,,,,13975,,,,,2,0,2
Song,Coins of Forgotten Dreams,True,2026,Indie Rock,True,13976,,,,2026.0,3,10,13
Person,Agnolo Zaccardo-Leonetti,,,,,13977,,Midnight Apparatus,,,1,0,1
Song,Pocket Change Ballad,False,2017,Space Rock,True,13978,,,,2017.0,2,7,9
Person,Yan Hu,,,,,13979,,,,,1,0,1
Person,Wei Xu,,,,,13980,,,,,1,0,1
Person,Guiying Deng,,,,,13981,,,,,1,0,1
Person,Thomas Leon,,,,,13982,,,,,2,0,2
Person,Chao Yuan,,,,,13983,,,,,1,0,1
Song,Whispers of a Poet's Ink,True,2026,Indie Pop,True,13984,,,,2026.0,9,6,15
Song,Seven Verses Before Dawn,True,2013,Lo-Fi Electronica,True,13985,,,2013,2013.0,7,14,21
Song,Silhouettes of Unwritten Lines,False,2010,Dream Pop,True,13986,,,,2010.0,1,5,6
Person,Xiuying Cai,,,,,13987,, PRVYER,,,2,0,2
Person,Tao Yuan,,,,,13988,,,,,1,0,1
Person,Guiying Wen,,,,,13989,,,,,1,0,1
Song,The Feminine Manuscript,False,2012,Post-Apocalyptic Folk,True,13990,,,,2012.0,3,16,19
Song,Hold On Tight,True,2013,Doom Metal,True,13991,,,,2013.0,1,4,5
Person,Šimon Urban,,,,,13992,,,,,1,0,1
Person,Jeffery Williams,,,,,13993,,,,,2,0,2
Song,After the Storm,True,2020,Dream Pop,True,13994,,,2020,2020.0,3,4,7
Person,Martin Anderson,,,,,13995,,,,,1,0,1
RecordLabel,Ieuan Rhythms,,,,,13996,,,,,0,1,1
Album,Healing Together,,2010,Doom Metal,True,13997,,,,2010.0,2,7,9
Person,Claudius Geißler,,,,,13998,,,,,2,0,2
Person,Gerard Hornig,,,,,13999,,,,,3,0,3
Person,Ildiko Carsten-Thies,,,,,14000,,,,,2,0,2
Person,Antonia Mülichen,,,,,14001,,,,,1,0,1
Person,Krystyna Lübs,,,,,14002,,,,,2,0,2
Song,Breathe Through This,True,2028,Synthwave,True,14003,,,,2028.0,2,4,6
Person,Ping He,,,,,14004,,KING PROPH,,,1,0,1
Person,Ming Wan,,,,,14005,,,,,2,0,2
Person,Li Jia,,,,,14006,,,,,1,0,1
Song,"Tiny Seeds, Endless Horizons",True,2021,Southern Gothic Rock,True,14007,,,,2021.0,5,5,10
Person,Eckard Werner,,,,,14008,,,,,1,0,1
Person,Zbigniew Stey,,,,,14009,,,,,1,0,1
Person,Milo Hendriks,,,,,14010,,,,,1,0,1
Song,Whispers of Potential,False,2017,Southern Gothic Rock,True,14011,2017,,,2017.0,9,4,13
Person,James George,,,,,14012,,,,,2,0,2
RecordLabel,Sanctuary Shoes,,,,,14013,,,,,0,1,1
Song,Microscopic Beginnings,False,2024,Dream Pop,True,14014,2024,,,2024.0,4,11,15
Person,Ralph Johnston,,,,,14015,,,,,2,0,2
Person,Jeremy Macias,,,,,14016,,,,,1,0,1
Person,Daniel Edwards,,,,,14017,,,,,1,0,1
Person,Deborah Brown,,,,,14018,,,,,2,0,2
Person,Stacy Bryant,,,,,14019,,,,,1,0,1
Person,Tanya Evans,,,,,14020,,,,,1,0,1
Song,The Quiet Spark,True,2020,Dream Pop,True,14021,,,2020,2020.0,1,7,8
Person,Fang Yi,,,,,14022,,,,,2,0,2
Album,Whispers of Stone Peaks,,2020,Speed Metal,False,14023,,,,2020.0,3,6,9
Song,Currents of Forgotten Valleys,True,2013,Americana,True,14024,2013,,,2013.0,1,10,11
Album,Waterlines and Ridge Shadows,,2007,Dream Pop,True,14025,,,,2007.0,3,8,11
Person,Derek Baxter,,,,,14026,, DR3AM,,,1,0,1
Person,Renee Matthews,,,,,14027,,,,,1,0,1
Person,Qiang Yang,,,,,14028,,,,,1,0,1
Person,Tao Fang,,,,,14029,,,,,2,0,2
Song,Echoes Between Water and Height,True,2023,Indie Folk,True,14030,2023,,,2023.0,4,5,9
Person,Pieter van Dijk,,,,,14031,, Halston,,,1,0,1
Person,Lindsey Broeshart,,,,,14032,,,,,1,0,1
Person,Fernanda Carocci,,,,,14033,,,,,2,0,2
Song,Monotonía Infinita,True,2010,Indie Rock,True,14034,2010,,,2010.0,2,3,5
Song,Desgastado por la Rutina,True,2020,Doom Metal,True,14035,,,,2020.0,2,6,8
Person,Alexander Budig,,,,,14036,,,,,1,0,1
Song,Suspiros de Hastío,False,1986,Southern Gothic Rock,True,14037,1986,,,1986.0,2,7,9
Album,Gris y Sin Energía,,2009,Indie Pop,True,14038,2002,,,2009.0,2,9,11
Song,Cobblestone Whispers,True,2017,Americana,True,14039,,,,2017.0,2,5,7
Person,Laura Harrison,,,,,14040,,,,,1,0,1
Person,Yong Cheng,,,,,14041,,,,,1,0,1
Person,Jing Guo,,,,,14042,,,,,1,0,1
Person,Chao Yuan,,,,,14043,,,,,1,0,1
RecordLabel,Verdana,,,,,14044,,,,,0,1,1
Song,Seine's Midnight Bloom,True,2011,Lo-Fi Electronica,True,14045,,,2011,2011.0,5,11,16
Person,Yan Zhu,,,,,14046,,,,,3,0,3
Song,Montmartre Petals,True,2022,Space Rock,True,14047,,,,2022.0,4,6,10
Song,Lavender and Lace of the Left Bank,True,2017,Indie Folk,True,14048,2017,,,2017.0,3,6,9
Person,Raymond Robinson,,,,,14049,,,,,1,0,1
Person,David Flores,,,,,14050,,,,,1,0,1
Person,Lance Garcia,,,,,14051,,,,,2,0,2
Person,Valerie Pena,,,,,14052,,,,,2,0,2
Album,The Broken Halo of Sally S.,,2022,Psychedelic Rock,True,14053,,,,2022.0,3,6,9
Person,Jie Cao,,,,,14054,,,,,1,0,1
Person,Ming Lei,,,,,14055,,,,,1,0,1
Person,Miss Allison King,,,,,14056,,,,,3,0,3
Song,Fragments of a Simple Girl,True,2023,Synthwave,True,14057,,,2023,2023.0,5,12,17
Song,Saints and Sinners in Row G,True,2027,Space Rock,True,14058,,,,2027.0,3,8,11
Person,Richard Cook,,,,,14059,,,,,1,0,1
Person,Gary Edwards,,,,,14060,,,,,1,0,1
Person,James Perry,,,,,14061,,,,,2,0,2
Person,Connie Turner,,,,,14062,,,,,1,0,1
Person,Erica Poole,,,,,14063,,,,,2,0,2
Person,Cassandra Hernandez,,,,,14064,,,,,1,0,1
RecordLabel,Kiso Harmony Records,,,,,14065,,,,,0,1,1
Song,Sally's Unsung Rebellion,True,2029,Southern Gothic Rock,True,14066,,,,2029.0,3,8,11
Song,Echoes of Ararat's Peaks,True,2028,Indie Rock,True,14067,,,,2028.0,3,8,11
Person,Isis van Tours-Kathagen,,,,,14068,, Eden,,,1,0,1
Person,Yong Hou,,,,,14069,,,,,1,0,1
Person,Li Zhou,,,,,14070,,,,,1,0,1
Person,Chao Qiu,,,,,14071,,,,,1,0,1
Song,Rhythm of the Armenian Highlands,True,2026,Desert Rock,True,14072,,,,2026.0,1,6,7
Person,Li Kang,,,,,14073,,,,,1,0,1
Song,Ancestral Winds and Ancient Stones,True,2017,Dream Pop,True,14074,,,,2017.0,1,4,5
Song,Melodies of Golden Light,True,2010,Psychedelic Rock,True,14075,,,,2010.0,2,8,10
Person,Katrina Valentine,,,,,14076,, Vector Blue,,,1,0,1
Person,Laura Roberts,,,,,14077,,,,,1,0,1
Person,Matthew Li,,,,,14078,,,,,1,0,1
Person,Kyle Daniel,,,,,14079,,,,,2,0,2
Song,Harmonies Under Open Skies,True,2026,Dream Pop,True,14080,,,,2026.0,2,13,15
Person,Xia Xiong,,,,,14081,,,,,1,0,1
Album,Radiant Chorus at Dawn,,2013,Darkwave,True,14082,2013,,2013,2013.0,3,7,10
Person,Richard Kennedy,,,,,14083,,,,,1,0,1
Person,Lei Liu,,,,,14084,,,,,1,0,1
Person,Kathleen Sandoval,,,,,14085,,,,,1,0,1
Song,Sunbeam Serenade,False,2005,Doom Metal,True,14086,,,,2005.0,2,20,22
Person,Yong Shen,,,,,14087,,,,,1,0,1
Song,Sealskin Secrets,True,2029,Desert Rock,True,14088,,,2029,2029.0,3,4,7
Person,Ping Xiang,,,,,14089,,,,,1,0,1
Person,Na Zou,,,,,14090,,,,,1,0,1
Song,Tides of Transformation,True,2023,Synthwave,True,14091,,,,2023.0,3,4,7
Person,Wei Lu,,,,,14092,,,,,1,0,1
Person,Juan Yang,,,,,14093,,,,,1,0,1
Song,Moonlit Metamorphosis,False,1998,Speed Metal,True,14094,,,,1998.0,3,8,11
Song,Sule Skerry's Lament,False,2027,Synthwave,True,14095,,,,2027.0,5,2,7
Person,Hridaan Rout,,,,,14096,,,,,2,0,2
Song,Strings of the Homeland,True,2007,Psychedelic Rock,True,14097,,,,2007.0,2,5,7
Person,Rebecca Webb,,,,,14098,,,,,1,0,1
Song,Acoustic Roots Revival,True,2023,Indie Folk,True,14099,2023,,,2023.0,3,4,7
Person,Martino Federico,,,,,14100,,,,,2,0,2
Person,Kimberly Porter,,,,,14101,,,,,1,0,1
Song,Whispers from the Village Square,True,2028,Psychedelic Rock,True,14102,2028,,,2028.0,3,6,9
Person,Michael Benson,,,,,14103,,,,,1,0,1
Person,Christy Hodges,,,,,14104,,,,,1,0,1
Person,Wanda Ray,,,,,14105,,,,,2,0,2
Person,Amy Carroll,,,,,14106,,,,,1,0,1
Song,Folklore's Heartbeat,True,2020,Blues Rock,True,14107,,,2033,2020.0,3,4,7
Person,Tao Hu,,,,,14108,,,,,2,0,2
Song,Frozen Boulevards,True,1993,Indie Pop,True,14109,,,,1993.0,3,3,6
Person,Abraham Becker,,,,,14110,,,,,2,0,2
Person,Juliusz Hawrylak,,,,,14111,,,,,1,0,1
Album,Streetlights in Snow,,2021,Synthwave,True,14112,,,2021,2021.0,9,4,13
Person,Cheryl Delgado,,,,,14113,,,,,2,0,2
Person,Vittoria Mazzanti,,,,,14114,,,,,3,0,3
Person,Barbara Smith,,,,,14115,,,,,2,0,2
RecordLabel,Lakeside Lounge,,,,,14116,,,,,0,2,2
Song,Silent Concrete,True,2020,Symphonic Metal,True,14117,,,2020,2020.0,2,3,5
Song,Whispers Between Snowflakes,True,2017,Indie Folk,True,14118,,,,2017.0,2,30,32
Person,Jie Huang,,,,,14119,,,,,1,0,1
Song,Detroit Metal Rhythm,False,2028,Dream Pop,True,14120,2028,,,2028.0,3,8,11
Person,Chao Chen,,,,,14121,,,,,1,0,1
Person,Ming Xiang,,,,,14122,,,,,4,0,4
Person,Jing Zhu,,,,,14123,,,,,1,0,1
Song,Welded Dreams,True,1986,Indie Rock,True,14124,,,,1986.0,3,4,7
Song,Precision and Chrome,False,2017,Indie Folk,True,14125,,,2026,2017.0,3,7,10
Person,Cheryl Walker,,,,,14126,,,,,1,0,1
Person,Kelly Gilbert,,,,,14127,,,,,2,0,2
Song,Factory Floor Symphony,True,1994,Blues Rock,True,14128,,,,1994.0,3,11,14
Song,Quill and Ink,True,2025,Desert Rock,True,14129,,,,2025.0,4,8,12
Person,Jing Du,,,,,14130,,,,,1,0,1
Person,Dustin Newman,,,,,14131,,,,,3,0,3
Person,Qiang Lu,,,,,14132,,,,,1,0,1
Person,Jun Han,,,,,14133,,,,,2,0,2
Song,Stratford's Prodigy,False,2029,Lo-Fi Electronica,True,14134,,,,2029.0,5,6,11
Person,Gang Zou,,,,,14135,,Lunar Confetti,,,2,0,2
Song,Sonnets of the Heart,True,2013,Doom Metal,True,14136,2007,,,2013.0,2,18,20
Person,Ashley Andrade,,,,,14137,,,,,1,0,1
Person,Timothy Lin,,,,,14138,,,,,1,0,1
Person,Darrell Wilson,,,,,14139,,,,,2,0,2
Person,Laura Moore,,,,,14140,,,,,2,0,2
Song,Words Beyond Time,False,2023,Doom Metal,True,14141,,,,2023.0,3,9,12
Person,Mechthilde Kühnert,,,,,14142,,,,,2,0,2
Song,The Crusader's Lament,True,2017,Darkwave,True,14143,,,,2017.0,2,9,11
Person,Emmi Biggen,,,,,14144,,,,,1,0,1
Person,Maike Trubin,,,,,14145,,,,,2,0,2
Song,Armor of Passion,False,2028,Jazz Surf Rock,True,14146,2028,,,2028.0,5,10,15
Person,Yan Chen,,,,,14147,,,,,1,0,1
Person,Min Qiao,,,,,14148,,,,,1,0,1
Person,Guiying Su,,,,,14149,,,,,1,0,1
Person,Tao Huang,,,,,14150,,,,,1,0,1
Song,Kingdoms of Desire,False,2014,Southern Gothic Rock,True,14151,2014,,,2014.0,1,3,4
Person,James Copeland,,,,,14152,,,,,1,0,1
Song,Warrior's Serenade,True,2007,Indie Folk,True,14153,,,,2007.0,3,3,6
Song,Fragments of a Mirror,True,1998,Dream Pop,True,14154,,,,1998.0,3,3,6
Person,Gary Wilson,,,,,14155,,,,,1,0,1
Song,The Unnamed Reflection,True,2019,Indie Folk,True,14156,,,,2019.0,2,7,9
Song,Silhouettes of Uncertainty,True,1987,Blues Rock,True,14157,,,,1987.0,2,4,6
Person,Dusan Ullmann,,,,,14158,,,,,4,0,4
Song,Festive Thresholds and Candlelit Dreams,True,2018,Dream Pop,True,14159,2018,,2018,2018.0,2,5,7
Person,Paweł Gęca,,,,,14160,,,,,1,0,1
Person,Liwia Cygal,,,,,14161,,,,,1,0,1
Person,Adrian Jeszka,,,,,14162,,,,,2,0,2
Person,Aleksander Sypień,,,,,14163,,,,,1,0,1
RecordLabel,Schupfart Sound Studios,,,,,14164,,,,,0,1,1
Song,Whispers of Homecoming Celebrations,True,2026,Jazz Surf Rock,True,14165,,,,2026.0,6,5,11
Person,Jie Ding,,,,,14166,,,,,1,0,1
Song,Rhythms Between Our Doorsteps,True,2026,Indie Folk,True,14167,,,,2026.0,3,5,8
Person,Juan Tan,,,,,14168,,,,,1,0,1
Song,Echoes of Family's Sacred Moments,True,2022,Psychedelic Rock,True,14169,,,,2022.0,2,5,7
Person,Michael French,,,,,14170,,,,,3,0,3
Person,Matthew Robertson,,,,,14171,,,,,3,0,3
Person,Kathleen Harvey,,,,,14172,,,,,2,0,2
RecordLabel,Rhythm Horizon,,,,,14173,,,,,0,2,2
RecordLabel,L'Écrin Sonore,,,,,14174,,,,,0,2,2
Song,Our Unwritten Story,True,2031,Emo/Pop Punk,True,14175,,,,2031.0,9,3,12
Person,Fang Ren,,,,,14176,,,,,2,0,2
Album,Between the Lines of We,,2020,Americana,True,14177,2020,,,2020.0,3,7,10
Person,Wei Sun,,,,,14178,,,,,1,0,1
Person,Lei Ma,,,,,14179,,,,,1,0,1
Person,Jie Xu,,,,,14180,,,,,1,0,1
Person,Guiying Ye,,,,,14181,,,,,2,0,2
Song,The Spaces We Inhabit,False,2027,Dream Pop,False,14182,,,,2027.0,5,7,12
Person,Yong Zhong,,,,,14183,,,,,1,0,1
Person,Xia Ma,,,,,14184,,,,,1,0,1
Person,James Weber,,,,,14185,,,,,2,0,2
Person,Guiying Qian,,,,,14186,,,,,2,0,2
Song,Definitions of Together,False,2023,Synthwave,True,14187,,,2030,2023.0,4,5,9
Person,Yang Gu,,,,,14188,,,,,1,0,1
Person,Wei Shen,,,,,14189,,,,,2,0,2
Person,Yan Lin,,,,,14190,,,,,1,0,1
Song,Viento y Marea,True,2026,Dream Pop,True,14191,,,2026,2026.0,3,9,12
Person,Ping Pan,,,,,14192,,,,,1,0,1
Person,Guiying Gao,,,,,14193,,,,,2,0,2
Person,Ping Yao,,,,,14194,,,,,1,0,1
Person,Min Guo,,,,,14195,,,,,2,0,2
Person,Guiying Chen,,,,,14196,,,,,1,0,1
Song,Rumbo al Horizonte,False,2027,Indie Rock,True,14197,2027,,,2027.0,3,2,5
Song,Timón de Esperanza,True,2022,Oceanus Folk,True,14198,2022,,,2022.0,2,9,11
Person,Juan Dong,,,,,14199,,,,,2,0,2
Person,Guiying Ma,,,,,14200,,,,,1,0,1
Song,Navegando Contra la Corriente,True,2005,Alternative Rock,True,14201,2005,,,2005.0,1,5,6
Song,Whispers of the Wind,True,2017,Psychedelic Rock,True,14202,,,,2017.0,2,10,12
Song,Echoes Unbound,False,2013,Doom Metal,True,14203,,,,2013.0,2,6,8
Song,Rhythms of the Unseen,True,2013,Doom Metal,True,14204,,,,2013.0,5,4,9
Person,Rosalinde Kreusel-Mühle,,,,,14205,,,,,1,0,1
Song,Distant Melodies,True,2013,Synthpop,True,14206,,,,2013.0,1,7,8
Person,Melinda Austin,,,,,14207,,Marcus Lane,,,1,0,1
Person,Juan Li,,,,,14208,,,,,1,0,1
Person,Guiying Fu,,,,,14209,,,,,2,0,2
Song,Sacred Reverence,True,2000,Jazz Surf Rock,True,14210,1994,,,2000.0,4,6,10
Song,Eternal Worship,True,2021,Dream Pop,True,14211,,,,2021.0,2,5,7
Person,Yang Xia,,,,,14212,,,,,1,0,1
Person,Kelly Smith,,,,,14213,,,,,2,0,2
Person,Juan Xiao,,,,,14214,,,,,1,0,1
Person,Yang He,,,,,14215,,,,,1,0,1
Song,Hallowed Whispers,True,2014,Alternative Rock,True,14216,,,2014,2014.0,4,2,6
Song,Sanctified Praise,True,2003,Southern Gothic Rock,True,14217,,,,2003.0,3,4,7
Person,Jafet Páez-Montenegro,,,,,14218,,,,,1,0,1
Person,Heather Hanna,,,,,14219,,,,,1,0,1
Song,Grip of Memory,True,2026,Oceanus Folk,False,14220,,,,2026.0,7,4,11
Person,Jonathan Morris,,,,,14221,,,,,1,0,1
Person,Xiuying Wei,,,,,14222,,,,,1,0,1
Song,Anchored Hearts,True,2024,Psychedelic Rock,True,14223,,,2024,2024.0,2,26,28
Person,Tiffany Acevedo,,,,,14224,, The Maven,,,1,0,1
Person,Shannon Hughes,,,,,14225,,Zephyrus,,,1,0,1
Person,David Mueller,,,,,14226,,,,,1,0,1
Person,Joseph Choi,,,,,14227,,,,,1,0,1
Person,Donna Davidson,,,,,14228,,,,,1,0,1
Person,Stacy Saunders,,,,,14229,,,,,1,0,1
Person,Jennifer Thomas,,,,,14230,,,,,1,0,1
Person,Peter Johnson,,,,,14231,,,,,1,0,1
Person,Linda Williams,,,,,14232,,,,,1,0,1
Person,Brandi Daugherty,,,,,14233,,,,,1,0,1
Person,Lisa Lopez,,,,,14234,,,,,2,0,2
Person,Raymond Marshall,,,,,14235,,,,,1,0,1
Person,Joseph Huang,,,,,14236,,,,,2,0,2
Song,Letting Go (While Holding On),True,1997,Doom Metal,True,14237,,,,1997.0,4,5,9
Person,Fidel Gras Aller,,,,,14238,,,,,1,0,1
Song,Threads of Persistence,True,2020,Speed Metal,True,14239,2020,,2020,2020.0,4,6,10
Song,Shadows of a Celluloid Soul,True,2031,Alternative Rock,True,14240,,,,2031.0,3,3,6
Song,Trenchcoat Memory,True,1991,Synthwave,True,14241,,,,1991.0,1,5,6
Song,Whispers from the Silver Screen,True,2026,Post-Apocalyptic Folk,True,14242,2026,,,2026.0,3,10,13
Person,Kevin Clark,,,,,14243,,,,,1,0,1
Person,Rebecca Marshall,,,,,14244,,,,,1,0,1
Person,Charles Snyder,,,,,14245,,,,,2,0,2
Person,Joseph Rey,,,,,14246,,,,,1,0,1
Person,Ashley Osborne,,,,,14247,,,,,2,0,2
Person,Melissa Matthews,,,,,14248,,,,,2,0,2
Person,Danny Brooks,,,,,14249,,,,,1,0,1
Song,Borrowed Noir Identity,True,2028,Indie Rock,True,14250,,,,2028.0,5,5,10
Person,Hiran Sarna,,,,,14251,,,,,1,0,1
Person,Elakshi Shukla,,,,,14252,,,,,1,0,1
Person,Yang Zhou,,,,,14253,,,,,1,0,1
Person,Romil Sibal,,,,,14254,,,,,1,0,1
RecordLabel,Whisperstone,,,,,14255,,,,,0,1,1
Song,Roots of Roma,True,2026,Dream Pop,True,14256,,,,2026.0,3,6,9
Person,Christopher Hill,,,,,14257,,,,,1,0,1
Person,Carl Serrano,,,,,14258,,,,,1,0,1
Person,Ryan Conley,,,,,14259,,,,,1,0,1
Person,Matthew Collins,,,,,14260,,,,,1,0,1
Person,Nicole Smith,,,,,14261,,,,,1,0,1
Song,Mediterranean Blood,True,2020,Emo/Pop Punk,True,14262,,,2020,2020.0,2,7,9
Person,Ping Zhu,,,,,14263,,,,,1,0,1
Song,Passport to Passion,True,2000,Americana,True,14264,2000,,,2000.0,3,4,7
Person,Michael Jones,,,,,14265,,,,,1,0,1
Album,Bella Vita Rhythm,,2010,Indie Folk,True,14266,,,,2010.0,2,8,10
Person,Ryohei Sato,,,,,14267,,,,,2,0,2
Person,Steve Washington,,,,,14268,,,,,1,0,1
Song,Arterial Intersection,True,2031,Alternative Rock,True,14269,2031,,2031,2031.0,6,3,9
Person,Evelien Becht-Versluijs,,,,,14270,,,,,3,0,3
RecordLabel,Riverside Resonance,,,,,14271,,,,,0,1,1
Song,Algorithmic Inversion Network,True,2022,Dream Pop,True,14272,,,,2022.0,2,11,13
Person,Yan Liu,,,,,14273,,,,,1,0,1
Person,Chao Su,,,,,14274,,,,,2,0,2
Person,Tao Hao,,,,,14275,,,,,1,0,1
Person,Li Cheng,,,,,14276,,,,,1,0,1
Person,Christopher Leonard,,,,,14277,,,,,1,0,1
RecordLabel,Barcis Soundworks,,,,,14278,,,,,0,1,1
Song,Artificial Intuition Node,True,2024,Lo-Fi Electronica,True,14279,2024,,,2024.0,6,3,9
Person,Chao Liao,,,,,14280,,,,,1,0,1
Song,Automated Internal Navigation,True,2017,Synthwave,True,14281,,,2017,2017.0,1,5,6
Person,Alex Moore,,,,,14282,,,,,1,0,1
Person,Grant Coleman,,,,,14283,,,,,1,0,1
Person,Yang Long,,,,,14284,,,,,1,0,1
Song,The Portly President's Promise,True,2027,Post-Apocalyptic Folk,True,14285,2027,,2027,2027.0,5,7,12
Person,Benjamin Rogers,,,,,14286,,,,,1,0,1
Person,Angela Greene,,,,,14287,,,,,1,0,1
Song,Spectacles and Statecraft,True,2023,Blues Rock,True,14288,,,2023,2023.0,7,4,11
Song,William Howard's Weighty Legacy,True,2023,Dream Pop,True,14289,,,2023,2023.0,3,3,6
Person,Evie Feenstra,,,,,14290,,,,,2,0,2
Song,Judicial Dreams of a Rotund Reformer,False,2013,Americana,True,14291,,,,2013.0,1,14,15
Person,Heinz-Joachim Renner,,,,,14292,,,,,1,0,1
Song,Corner Store Memories,False,2023,Americana,True,14293,,,,2023.0,3,7,10
Person,Ping Sun,,,,,14294,,,,,1,0,1
Song,Streetlight Serenade,False,2000,Jazz Surf Rock,True,14295,,,,2000.0,6,3,9
Album,The Long Way Home,,2023,Dream Pop,True,14296,,,,2023.0,4,4,8
Person,Ming Qiao,,,,,14297,,,,,1,0,1
Person,Na Ye,,,,,14298,,,,,3,0,3
Song,Crossroads at Dusk,False,2005,Southern Gothic Rock,True,14299,,,,2005.0,6,3,9
Song,Echoes of Sacrifice,True,2009,Doom Metal,True,14300,,,2009,2009.0,2,7,9
Person,Hans-J. Hendriks,,,,,14301,,,,,1,0,1
Person,Alfons Rudolph-Holzapfel,,,,,14302,,,,,1,0,1
Person,Hansjürgen Pechel,,,,,14303,,,,,3,0,3
Song,Shadows of Valor,True,2020,Indie Rock,True,14304,,,,2020.0,2,7,9
Person,Calcedonio Abbagnale,,,,,14305,,,,,1,0,1
Person,Amanda Boitani,,,,,14306,,,,,2,0,2
Person,Nino Carfagna-Totino,,,,,14307,,,,,2,0,2
Person,Annetta Dallapé,,,,,14308,,,,,1,0,1
Song,Remembered Breath,True,2026,Alternative Rock,True,14309,,,,2026.0,4,3,7
Person,Valentina Geraci,,,,,14310,,Synthetic Serenade,,,2,0,2
Song,Silent Monuments,True,2023,Indie Rock,True,14311,,,,2023.0,3,5,8
Person,Beverly Lloyd,,,,,14312,,,,,1,0,1
Person,Richard Davis,,,,,14313,,,,,1,0,1
Song,Midnight in the Machine Age,True,2020,Indie Folk,True,14314,2020,,,2020.0,3,5,8
Person,Ernestine Franke-Kade,,,,,14315,,,,,2,0,2
Song,Echoes of a Hundred Horizons,True,2027,Psychedelic Rock,True,14316,,,,2027.0,3,8,11
Person,Wei Wen,,,,,14317,,,,,1,0,1
Person,Jun Gong,,,,,14318,,,,,1,0,1
Person,Yang Hu,,,,,14319,,,,,1,0,1
Person,Xiulan Shi,,,,,14320,,,,,1,0,1
Person,Yan Zhao,,,,,14321,,,,,2,0,2
Song,Telegrams from Tomorrow,True,2013,Post-Apocalyptic Folk,True,14322,,,,2013.0,1,16,17
Person,Yong Tian,,,,,14323,,Trey Lawson,,,1,0,1
Song,Chrome and Promises,True,2028,Symphonic Metal,True,14324,,,2028,2028.0,2,6,8
Person,Jie Kong,,,,,14325,,,,,1,0,1
Song,Frost's Whisper,True,2029,Synthwave,True,14326,,,,2029.0,4,3,7
Person,Jing Lai,,,,,14327,,,,,1,0,1
Person,Xiuying Han,,,,,14328,,,,,2,0,2
Song,Falling Shadows,True,2026,Synthwave,True,14329,2026,,,2026.0,3,2,5
Person,Shota Ito,,,,,14330,,,,,1,0,1
Person,Akemi Nishimura,,,,,14331,,,,,1,0,1
Song,Amber Twilight,True,2020,Lo-Fi Electronica,True,14332,2020,,,2020.0,9,6,15
Song,Echoes of Autumn's Farewell,True,2024,Post-Apocalyptic Folk,True,14333,,,,2024.0,9,7,16
Person,Wei Qiu,,,,,14334,,,,,1,0,1
Song,Shadows Behind the Frame,True,2004,Synthpop,True,14335,,,,2004.0,2,12,14
Person,Maria Powell,,,,,14336,,,,,2,0,2
Person,Kevin Pruitt,,,,,14337,,,,,1,0,1
Person,Darlene Watson,,,,,14338,,,,,1,0,1
Person,Mikayla Russell,,,,,14339,,,,,1,0,1
Person,Joseph Reyes,,,,,14340,,,,,1,0,1
Person,Xiulan Duan,,,,,14341,,,,,1,0,1
Song,Brushstrokes of Memory,True,2010,Dream Pop,True,14342,,,,2010.0,2,2,4
Person,Frederik Hartung,,,,,14343,,,,,2,0,2
Song,Captured Silence,True,2013,Alternative Rock,True,14344,,,,2013.0,2,3,5
Person,Yasuhiro Nakamura,,,,,14345,,,,,1,0,1
Song,The Unfinished Gaze,False,2004,Doom Metal,True,14346,2004,,,2004.0,3,3,6
Song,Turning Pages,True,2017,Blues Rock,True,14347,,,,2017.0,4,3,7
Person,Kabir Dutta,,,,,14348,,,,,1,0,1
Person,Jayan Barman,,,,,14349,,,,,2,0,2
Song,Midnight Clock,False,2016,Southern Gothic Rock,True,14350,,,,2016.0,2,5,7
Album,Echoes of Time,,2015,Alternative Rock,True,14351,2015,,,2015.0,4,5,9
Song,Weathered Miles,True,2023,Doom Metal,True,14352,,,,2023.0,3,12,15
Person,Debra Graham,,,,,14353,,,,,2,0,2
Person,Edward Evans,,,,,14354,,,,,1,0,1
Person,Dylan Schwartz,,,,,14355,,,,,1,0,1
Person,James Henderson,,,,,14356,,,,,1,0,1
Person,Amy Powell,,,,,14357,,,,,1,0,1
Person,Shawn Johnson,,,,,14358,,,,,1,0,1
Person,Joel Long,,,,,14359,,,,,1,0,1
Person,Michael Nixon,,,,,14360,,,,,2,0,2
Person,Nathan Jones,,,,,14361,,,,,1,0,1
RecordLabel,Verge Horizon,,,,,14362,,,,,0,1,1
RecordLabel,Horizon Rhythm Productions,,,,,14363,,,,,0,1,1
Song,Desert Throne,True,2004,Southern Gothic Rock,True,14364,2004,,,2004.0,2,5,7
Person,Karina Bąbel,,,,,14365,,,,,4,0,4
Person,Marcelina Kosno,,,,,14366,,,,,1,0,1
Person,Rafał Raba,,,,,14367,,,,,1,0,1
Person,Anastazja Łuczyk,,,,,14368,,,,,1,0,1
Song,Silk and Sand,True,2021,Jazz Surf Rock,True,14369,,,,2021.0,2,7,9
Person,Eliana Marini,,,,,14370,,,,,2,0,2
Person,Casey Scott,,,,,14371,,,,,1,0,1
Person,Michael Thompson,,,,,14372,,,,,1,0,1
Song,Crescent Crown,False,2020,Synthwave,True,14373,,,,2020.0,3,3,6
Person,Navya Jhaveri,,,,,14374,,,,,1,0,1
Person,Himmat Shroff,,,,,14375,,,,,1,0,1
Song,Winds of Arabesque,True,2005,Alternative Rock,True,14376,,,,2005.0,2,4,6
Person,Ping Fan,,,,,14377,,,,,1,0,1
Song,Cash and Promises,True,2023,Blues Rock,True,14378,2023,,,2023.0,3,3,6
Album,"Empty Pockets, Full Regrets",,2025,Dream Pop,True,14379,2025,,2025,2025.0,4,18,22
Person,Hugo Visconti,,,,,14380,, Arctic Flame,,,1,0,1
Person,Maria Zola,,,,,14381,,,,,1,0,1
Person,Giovanna Tirabassi,,,,,14382,,,,,1,0,1
Person,Lorenzo Baresi,,,,,14383,,,,,1,0,1
Person,Vanessa Villadicani,,,,,14384,,,,,1,0,1
Person,Federigo Satta,,,,,14385,,,,,1,0,1
Person,Carlo Altera,,,,,14386,,,,,1,0,1
Person,Andrew Coleman,,,,,14387,,,,,2,0,2
Person,Emilio Missoni,,,,,14388,,,,,1,0,1
Song,The Ledger's Lament,True,2017,Synthwave,True,14389,,,,2017.0,2,10,12
Person,Wei Li,,,,,14390,,,,,2,0,2
Person,Chao Qian,,,,,14391,,,,,1,0,1
Song,Dollars and Silence,True,2010,Americana,True,14392,,,,2010.0,2,12,14
Person,Guido Sbarbaro,,,,,14393,,,,,1,0,1
Person,Todd Reed,,,,,14394,,,,,1,0,1
Person,Rosaria Ferrara,,,,,14395,,,,,2,0,2
Person,Valentina Ungaretti-Pucci,,,,,14396,,,,,2,0,2
Song,Move Your Feet,True,2028,Synthpop,True,14397,2028,,,2028.0,2,4,6
Person,Andrea White,,,,,14398,,,,,1,0,1
Person,Brian Moody,,,,,14399,,,,,1,0,1
Person,Monica Mason,,,,,14400,,,,,2,0,2
Song,Floor Fever,True,2019,Darkwave,True,14401,2019,,,2019.0,2,8,10
Person,Nicolas Gosselin du Robert,,,,,14402,,,,,1,0,1
Person,Tracy Bennett,,,,,14403,,,,,2,0,2
Person,Alan Mcgee,,,,,14404,,,,,1,0,1
Person,Cheryl Martinez,,,,,14405,,,,,1,0,1
Song,Groove Ignition,True,2026,Dream Pop,True,14406,,,,2026.0,2,4,6
Person,Jennifer Tate,,,,,14407,,,,,2,0,2
Person,Robert Fernandez,,,,,14408,,,,,1,0,1
Person,James Taylor,,,,,14409,,,,,1,0,1
Album,Manuscripts and Shadows,,2017,Doom Metal,True,14410,2017,,,2017.0,2,5,7
Album,The Scholar's Whisper,,2028,Post-Apocalyptic Folk,True,14411,2028,,2028,2028.0,5,6,11
Person,Min Lin,,,,,14412,,,,,1,0,1
Person,Ming Zeng,,,,,14413,,,,,1,0,1
Person,Carla Holden,,,,,14414,,,,,2,0,2
Person,Ming Xiang,,,,,14415,,,,,2,0,2
Song,Parchment and Heresy,False,2027,Dream Pop,True,14416,,,,2027.0,2,4,6
Song,Oxford's Forgotten Son,True,1996,Southern Gothic Rock,True,14417,,,,1996.0,2,3,5
Person,Chiyo Hashimoto,,,,,14418,,,,,1,0,1
Person,Yoko Nishimura,,,,,14419,,,,,1,0,1
RecordLabel,Verista,,,,,14420,,,,,0,1,1
Album,My Heart's in Michigan,,2023,Dream Pop,True,14421,,,,2023.0,3,5,8
Person,Li Cui,,,,,14422,,,,,1,0,1
Person,Fang Dai,,,,,14423,,,,,1,0,1
Song,Waiting by the Lakeshore,False,2025,Dream Pop,True,14424,,,,2025.0,4,5,9
Person,Min Du,,,,,14425,,,,,2,0,2
Person,Na Yuan,,,,,14426,,,,,1,0,1
Person,Ping Cai,,,,,14427,,,,,2,0,2
RecordLabel,Sepulcro Sounds,,,,,14428,,,,,0,1,1
Song,Sweethearts of the Midwest,True,2030,Jazz Surf Rock,True,14429,,,,2030.0,6,6,12
Person,Xia Wei,,,,,14430,,,,,1,0,1
Person,Ethan Moore,,,,,14431,,,,,1,0,1
Song,Love on the Kalamazoo River,True,2023,Doom Metal,True,14432,,,,2023.0,3,5,8
Person,Juan Xue,,,,,14433,,,,,1,0,1
Person,Min Wu,,,,,14434,,,,,2,0,2
Song,Echoes of Ancestral Soil,False,2010,Indie Pop,True,14435,,,,2010.0,3,6,9
Song,Whispers Across the Borderline,True,2017,Indie Rock,True,14436,,,,2017.0,6,4,10
Person,Danielle Moore,,,,,14437,,,,,2,0,2
Song,Heartstrings of Homeland,True,2004,Alternative Rock,True,14438,,,,2004.0,2,11,13
Song,First Contact,False,2029,Lo-Fi Electronica,True,14439,,,,2029.0,15,6,21
Song,Stranger's Greeting,True,2016,Alternative Rock,True,14440,,,2016,2016.0,1,4,5
Person,Tao Dai,,,,,14441,,,,,1,0,1
Song,Breaking the Ice,True,2000,Jazz Surf Rock,True,14442,,,,2000.0,4,9,13
Song,Introductory Verse,False,2010,Alternative Rock,True,14443,,,,2010.0,3,4,7
Album,Workers' Bloom,,2030,Indie Folk,True,14444,,,,2030.0,4,7,11
Person,Guiying Fan,,,,,14445,,,,,2,0,2
Song,Scarlet Solidarity,False,2013,Alternative Rock,True,14446,,,,2013.0,3,6,9
Person,Paul Powell,,,,,14447,,,,,2,0,2
Person,Jing Xia,,,,,14448,,,,,1,0,1
Album,Cobblestone Chorus,,2025,Psychedelic Rock,True,14449,,,,2025.0,2,7,9
Person,Teresa White,,,,,14450,,,,,1,0,1
Person,Anna Mendez,,,,,14451,,,,,1,0,1
Person,Susan Oneal,,,,,14452,,,,,1,0,1
Person,Leah Farrell,,,,,14453,,,,,1,0,1
Song,Springtime Revolution,True,2020,Psychedelic Rock,True,14454,,,,2020.0,3,13,16
Person,Karen Rodriguez,,,,,14455,,,,,1,0,1
Person,Summer Diaz,,,,,14456,,,,,1,0,1
Person,Paul Hale,,,,,14457,,,,,1,0,1
Person,Regina Yang,,,,,14458,,,,,1,0,1
Person,David Robinson,,,,,14459,,,,,1,0,1
Song,Weightless in Blue,False,2019,Americana,True,14460,,,,2019.0,2,5,7
Album,Clouds Beneath My Skin,,2023,Indie Folk,True,14461,2023,,,2023.0,3,3,6
Person,Harriet Wilms-Segebahn,,,,,14462,,,,,1,0,1
Person,Eugenie Scheel,,,,,14463,,,,,1,0,1
Song,Celestial Breath,True,1991,Doom Metal,True,14464,,,,1991.0,2,6,8
Person,John Campbell,,,,,14465,,,,,2,0,2
Song,Touching Infinite Horizon,True,2028,Dream Pop,True,14466,,,,2028.0,3,6,9
Person,Jun Lin,,,,,14467,,,,,1,0,1
Person,Ping Tan,,,,,14468,,,,,1,0,1
Song,Take It All,False,2026,Space Rock,True,14469,,,,2026.0,7,5,12
Person,Min Qin,,,,,14470,, Crystal Dove,,,1,0,1
Person,Gang Fan,,,,,14471,,,,,1,0,1
Person,Ming Qiu,,,,,14472,,,,,1,0,1
Person,Ping Bai,,,,,14473,,,,,1,0,1
Song,Hunger Pangs,True,2020,Alternative Rock,True,14474,2020,,,2020.0,3,3,6
Person,Janet Powers,,,,,14475,,,,,2,0,2
Person,Jorge Atkinson,,,,,14476,,,,,1,0,1
Song,Hands Out,True,2024,Indie Folk,True,14477,,,,2024.0,2,3,5
Person,Phillip Dennis,,,,,14478,,,,,1,0,1
Person,Timothy Moore,,,,,14479,,,,,2,0,2
RecordLabel,Riverman Sound,,,,,14480,,,,,0,1,1
Song,Desire's Reach,True,2020,Southern Gothic Rock,True,14481,2020,,,2020.0,4,5,9
Song,Echoes of Your Smile,True,2009,Indie Pop,True,14482,,,,2009.0,4,7,11
Song,"Fading Memories, Lasting Love",False,2029,Synthwave,True,14483,,,,2029.0,6,7,13
Person,Guiying Liao,,,,,14484,,,,,1,0,1
Album,Whispers in the Rearview,,2004,Dream Pop,True,14485,,,,2004.0,3,5,8
Person,Jun Cao,,,,,14486,,,,,1,0,1
Person,Thomas Ball,,,,,14487,,,,,4,0,4
Person,Qiang Yang,,,,,14488,,,,,1,0,1
Song,Cryptic Whispers,True,2023,Indie Folk,True,14489,,,,2023.0,2,5,7
Person,Cesar Nixon,,,,,14490,,,,,1,0,1
Song,Lost in Translation,True,2002,Dream Pop,True,14491,,,,2002.0,2,5,7
Person,Rodney Hurst,,,,,14492,,,,,1,0,1
Person,Richard Richards,,,,,14493,,,,,1,0,1
Person,Jake Casey,,,,,14494,,,,,2,0,2
Song,Unspoken Riddles,True,2013,Psychedelic Rock,True,14495,,,,2013.0,3,1,4
Person,John Baxter,,,,,14496,,,,,1,0,1
Song,Decoding Silence,False,2023,Lo-Fi Electronica,True,14497,,,,2023.0,9,4,13
Album,Whisper My Identity,,2026,Dream Pop,True,14498,,,,2026.0,9,15,24
Person,Emily Perkins,,,,,14499,,Ghost Waltz,,,1,0,1
Person,Kimberly Lee,,,,,14500,,,,,1,0,1
Person,Kristina Serrano,,,,,14501,,,,,1,0,1
Person,Melissa Johnson,,,,,14502,,,,,1,0,1
Person,Joseph Rodriguez,,,,,14503,,,,,1,0,1
Person,John Johnston,,,,,14504,,,,,1,0,1
Song,Call It Out Loud,True,2024,Southern Gothic Rock,True,14505,,,,2024.0,2,4,6
Song,Unspoken Signature,True,2013,Synthwave,True,14506,,,,2013.0,2,6,8
Album,The Countryside Maiden,,2017,Indie Folk,True,14507,2017,,,2017.0,2,7,9
Person,Susanne Pierre,,,,,14508,,,,,1,0,1
Person,Antonella Moschino,,,,,14509,,,,,1,0,1
Album,Pastoral Tiara,,2018,Southern Gothic Rock,True,14510,,,,2018.0,6,14,20
Person,Aniela Mijas,,,,,14511,,,,,1,0,1
Song,Silk and Sunflowers,True,1997,Lo-Fi Electronica,True,14512,,,,1997.0,1,19,20
Song,Noble Harvest,True,2002,Blues Rock,True,14513,2002,,,2002.0,3,4,7
Song,Orchestral Prelude,True,2017,Indie Folk,True,14514,,,,2017.0,1,7,8
Person,Nayantara Bhatti,,,,,14515,,,,,1,0,1
Person,Shray Kala,,,,,14516,,,,,1,0,1
Person,Kanav Sachar,,,,,14517,,,,,2,0,2
Song,Symphonic Prologue,True,1991,Synthwave,True,14518,,,1991,1991.0,2,4,6
Person,William Burton,,,,,14519,, PRVISE,,,1,0,1
Person,Olivier Antoine,,,,,14520,,,,,1,0,1
Person,Théophile de Carlier,,,,,14521,,,,,1,0,1
Album,Harmonic Inception,,2023,Indie Folk,True,14522,,,,2023.0,3,4,7
Person,Pia Schleich,,,,,14523,,,,,1,0,1
Album,Melodic Exposition,,2027,Dream Pop,True,14524,,,,2027.0,3,4,7
Person,Rodney Hayes,,,,,14525,,,,,1,0,1
Person,Janet Aguilar,,,,,14526,,,,,1,0,1
Song,Madly Yours,True,2013,Emo/Pop Punk,True,14527,,,,2013.0,6,4,10
Song,Heart on Fire,False,2024,Space Rock,True,14528,,,,2024.0,3,10,13
Person,William Porter,,,,,14529,,DA WRAITH,,,2,0,2
Person,Sarah Craig,,,,,14530,,,,,1,0,1
Person,Derek Carpenter,,,,,14531,,,,,2,0,2
Person,Mark Stein,,,,,14532,,,,,1,0,1
Person,Patricia Massey,,,,,14533,,,,,2,0,2
Person,Robert Stewart,,,,,14534,,,,,1,0,1
Song,Obsession's Melody,True,2025,Indie Pop,True,14535,,,,2025.0,3,5,8
Person,Samantha Campbell,,,,,14536,,,,,1,0,1
Album,Wildly in Love,,2007,Symphonic Metal,True,14537,2007,,,2007.0,2,14,16
Album,Whispers at Twelve,,2026,Post-Apocalyptic Folk,True,14538,,,,2026.0,3,5,8
Person,Fang Ren,,,,,14539,,,,,1,0,1
Person,Jie Feng,,,,,14540,,,,,1,0,1
Person,Xiulan Duan,,,,,14541,,,,,1,0,1
Person,Robin Cline,,,,,14542,,,,,2,0,2
Song,Shadows Between Hours,True,2016,Indie Folk,True,14543,,,,2016.0,3,10,13
Song,The Midnight's Lament,True,2030,Alternative Rock,True,14544,,,,2030.0,3,4,7
Person,Jason Ali,,,,,14545,,,,,2,0,2
Person,Corinne Leleu,,,,,14546,,,,,1,0,1
Album,Dark Clock's Silence,,2026,Synthwave,True,14547,2026,,,2026.0,2,5,7
Person,Wei Zhu,,,,,14548,,,,,1,0,1
Person,Juan Hao,,,,,14549,,,,,2,0,2
Person,Na Huang,,,,,14550,,,,,2,0,2
Album,Whispers of the Cojutepeque Streets,,2010,Psychedelic Rock,True,14551,2010,,,2010.0,2,7,9
Person,Christina Cunningham,,,,,14552,,,,,1,0,1
Person,Carrie Lee,,,,,14553,,,,,2,0,2
Person,Theresa Webster,,,,,14554,,,,,1,0,1
Person,Amanda Kennedy,,,,,14555,,,,,1,0,1
RecordLabel,Larchmont Legacy,,,,,14556,,,,,0,1,1
Album,Echoes from the Heart of El Salvador,,2016,Dream Pop,True,14557,2013,,2016,2016.0,6,9,15
Person,Jing Shen,,,,,14558,,,,,1,0,1
Song,Cojutepeque Nights,False,2030,Synthwave,True,14559,2030,,,2030.0,2,5,7
Person,Guiying Peng,,,,,14560,,,,,1,0,1
Person,Xiulan Du,,,,,14561,,,,,1,0,1
Album,Rhythms of a Small City's Soul,,2026,Jazz Surf Rock,True,14562,2026,,,2026.0,2,4,6
Person,Yan Tan,,,,,14563,,,,,1,0,1
Person,Alexis Moore,,,,,14564,,,,,1,0,1
Person,Yong Yan,,,,,14565,,,,,1,0,1
Album,Midsummer Dance on Roslagen Shore,,2013,Lo-Fi Electronica,True,14566,,,,2013.0,3,13,16
Song,Whispers of the Nordic Meadow,True,2026,Dream Pop,True,14567,,,,2026.0,5,4,9
Person,Dawn Kelly,,,,,14568,,,,,2,0,2
Song,Polka Echoes from Stockholm's Archipelago,False,2017,Synthpop,True,14569,,,,2017.0,2,11,13
Person,Richard Hill,,,,,14570,,,,,1,0,1
Person,Michael Bell,,,,,14571,,,,,1,0,1
Song,Springtime Waltz of the Northern Winds,False,2024,Jazz Surf Rock,True,14572,,,,2024.0,1,4,5
Person,Heinz-Georg Segebahn,,,,,14573,,Ricky Vaughn,,,1,0,1
Person,Gesine Gehringer-Rogner,,,,,14574,,,,,2,0,2
Song,Neon Brotherhood,True,2013,Dream Pop,True,14575,2010,,,2013.0,3,5,8
Person,Kamil Bílek,,,,,14576,, Tommy Steele,,,1,0,1
Person,Oto Macháček,,,,,14577,,,,,2,0,2
Person,Stanislav Prokop,,,,,14578,,,,,1,0,1
Person,Milada Svobodová,,,,,14579,,,,,1,0,1
Song,Matchstick Memories,True,2023,Alternative Rock,True,14580,2023,,,2023.0,5,6,11
Person,Indrajit Borra,,,,,14581,,,,,1,0,1
Person,Sharon Bray,,,,,14582,,,,,1,0,1
Person,James Bauer,,,,,14583,,,,,2,0,2
Song,Sparks Between Friends,True,2029,Dream Pop,True,14584,2029,,,2029.0,3,3,6
Person,Valentine Jourdan du Schneider,,,,,14585,,,,,1,0,1
Person,Henri Maillard,,,,,14586,,,,,1,0,1
Person,Timothée Lefèvre,,,,,14587,,,,,1,0,1
Song,Burning Young Hearts,True,1994,Avant-Garde Folk,True,14588,,,1994,1994.0,2,4,6
Song,Digital Frontier,True,2027,Americana,True,14589,2027,,,2027.0,2,5,7
Song,Neon Gunslinger,True,1994,Synthwave,True,14590,,,1994,1994.0,1,5,6
Person,Wei Zhang,,,,,14591,,,,,2,0,2
Person,Juan Liao,,,,,14592,,,,,1,0,1
Song,Cyber Prairie,True,2023,Indie Rock,True,14593,,,,2023.0,3,8,11
Song,Silicon Saloon,True,2020,Americana,True,14594,,,,2020.0,2,4,6
Person,Chao Qian,,,,,14595,,,,,1,0,1
Person,Julie Nielsen,,,,,14596,,,,,2,0,2
Person,Chao Liang,,,,,14597,,,,,1,0,1
RecordLabel,Klinge Recordings,,,,,14598,,,,,0,1,1
Song,Encrypted Memories,False,2019,Americana,True,14599,2019,,,2019.0,3,6,9
Person,Ping Wu,,,,,14600,,,,,1,0,1
Person,Yang Chang,,,,,14601,,,,,2,0,2
Song,Coordinates of Silence,False,2027,Dream Pop,True,14602,2027,,2027,2027.0,6,4,10
Person,Regina Vance,,,,,14603,,,,,1,0,1
Person,Rebecca Bishop,,,,,14604,,,,,1,0,1
Person,Cas Everde,,,,,14605,,,,,2,0,2
Song,The Number That Haunts Me,True,2025,Synthwave,True,14606,,,,2025.0,3,6,9
Person,Karen Thomas,,,,,14607,,,,,1,0,1
Person,Lei Qiao,,,,,14608,,,,,1,0,1
Song,Protocol 212,True,2016,Dream Pop,True,14609,2016,,,2016.0,4,2,6
Song,Denial's Embrace,True,1991,Southern Gothic Rock,True,14610,,,,1991.0,3,7,10
Album,Almost (But Not Quite) Yours,,2027,Alternative Rock,True,14611,2027,,,2027.0,3,4,7
Person,Claude Jean,,,,,14612,,,,,2,0,2
Person,Mathilde Texier,,,,,14613,,,,,1,0,1
Person,Adélaïde Letellier de Cordier,,,,,14614,,,,,1,0,1
Song,Resistance of the Heart,False,2029,Space Rock,True,14615,2029,,,2029.0,2,5,7
Person,Heather Velasquez,,,,,14616,,,,,1,0,1
Person,Danny Lindsey,,,,,14617,,,,,1,0,1
Song,Falling Without Touching,True,2013,Indie Folk,True,14618,,,,2013.0,2,5,7
Person,Carol Moyer,,,,,14619,, VISIONS,,,3,0,3
Person,Xia Qian,,,,,14620,,,,,1,0,1
Song,Echoes of Armenia's Crown,True,2021,Psychedelic Rock,True,14621,2021,,,2021.0,3,8,11
Song,Tigranes the Great: Shadows of Conquest,True,2007,Post-Apocalyptic Folk,True,14622,,,,2007.0,1,5,6
Person,Yong Chang,,,,,14623,,,,,1,0,1
Person,Guiying Kang,,,,,14624,,,,,1,0,1
Person,Yan Zhu,,,,,14625,,,,,1,0,1
Song,Silk Road Requiem,True,2024,Synthwave,True,14626,,,,2024.0,4,8,12
Song,Kingdoms of Ancient Breath,True,2027,Synthwave,True,14627,2027,,2027,2027.0,3,7,10
Album,Kırık Kalp Melody,,1997,Alternative Rock,True,14628,1997,,,1997.0,2,4,6
Album,Sessiz Acılar,,2022,Dream Pop,True,14629,2022,,,2022.0,3,8,11
Person,Anay Vohra,,,,,14630,,,,,1,0,1
Person,Miraan Ramachandran,,,,,14631,,,,,2,0,2
Person,Aradhya Maharaj,,,,,14632,,,,,1,0,1
Person,Ritvik Lanka,,,,,14633,,,,,1,0,1
Person,Rania Deol,,,,,14634,,,,,1,0,1
Person,Aarush Shukla,,,,,14635,,,,,1,0,1
Person,Pranay Sarin,,,,,14636,,,,,1,0,1
Song,Yaranın İzleri,False,2026,Darkwave,True,14637,2026,,,2026.0,3,2,5
Person,Alan Yang,,,,,14638,,,,,1,0,1
Person,Shannon Schaefer,,,,,14639,,,,,1,0,1
Song,Aşkın Sızısı,True,2017,Dream Pop,True,14640,,,,2017.0,5,3,8
Person,Li Liao,,,,,14641,,,,,1,0,1
Person,Yong Tan,,,,,14642,,,,,1,0,1
RecordLabel,Meridian Sounds,,,,,14643,,,,,0,1,1
Song,Drop the Letter,True,2010,Avant-Garde Folk,False,14644,,,,2010.0,4,4,8
Song,Linguistic Liberation,True,2017,Doom Metal,True,14645,,,,2017.0,4,5,9
Person,Michelle Gilbert,,,,,14646,, Midnight Moss,,,1,0,1
Song,Spelling Rebellion,False,2022,Dream Pop,True,14647,,,2022,2022.0,2,9,11
Person,Gang Yang,,,,,14648,,,,,1,0,1
Person,Jing Du,,,,,14649,,,,,1,0,1
Person,Jing Kang,,,,,14650,,,,,1,0,1
Person,Catherine Brooks,,,,,14651,,,,,2,0,2
Song,Alphabet Anarchy,True,2020,Oceanus Folk,True,14652,,,,2020.0,4,6,10
Person,Michael Jefferson,,,,,14653,,,,,1,0,1
Person,Andrew Lee,,,,,14654,,,,,1,0,1
Person,Jenna York,,,,,14655,,,,,2,0,2
Person,Abigail Hawkins,,,,,14656,,,,,1,0,1
Person,Michael Gregory,,,,,14657,,,,,1,0,1
Album,Addicted to Your Heartache,,2004,Southern Gothic Rock,True,14658,2000,,,2004.0,8,10,18
Song,Chasing Shadows of Us,True,2009,Lo-Fi Electronica,True,14659,,,,2009.0,1,6,7
Person,Yong Ding,,,,,14660,,,,,2,0,2
Album,Poison in My Veins,,2010,Emo/Pop Punk,True,14661,,,,2010.0,2,5,7
Song,Loving You Hurts (But I Can't Stop),True,2024,Alternative Rock,True,14662,2024,,2024,2024.0,5,4,9
Person,Lisa Kirk,,,,,14663,,,,,1,0,1
Person,Yong Dai,,,,,14664,,,,,1,0,1
Person,Debra Sims,,,,,14665,,,,,1,0,1
Album,Close Enough to Touch,,2029,Oceanus Folk,True,14666,2022,,,2029.0,6,6,12
Person,Maurice Harrison,,,,,14667,,,,,1,0,1
Person,Scott Burke,,,,,14668,,,,,1,0,1
Person,Devin Chan,,,,,14669,,,,,1,0,1
Song,Proximity of the Heart,True,1984,Alternative Rock,True,14670,,,,1984.0,2,22,24
Song,Whispers in Nearness,True,2002,Emo/Pop Punk,True,14671,,,,2002.0,4,13,17
Song,Inches from Infinity,True,2010,Doom Metal,True,14672,,,,2010.0,5,4,9
Person,Calogero Zamorani,,,,,14673,,,,,1,0,1
Person,Maurizio Curatoli,,,,,14674,,,,,1,0,1
Song,Whispers of the Classical Strings,True,2025,Avant-Garde Folk,True,14675,2025,,,2025.0,6,5,11
Song,Dawn's Harmonic Dialogue,True,2031,Alternative Rock,True,14676,,,,2031.0,3,3,6
Person,Beata Budig,,,,,14677,,,,,2,0,2
Song,Echoes of Vienna's Melodic Embrace,True,1993,Southern Gothic Rock,False,14678,,,,1993.0,2,8,10
Person,Gina Lehmann-Nohlmans,,,,,14679,,,,,1,0,1
Person,Freddy Dörr,,,,,14680,,,,,1,0,1
Person,Hans-Ludwig Käster,,,,,14681,,,,,2,0,2
Person,Niels Hering,,,,,14682,,,,,2,0,2
Album,Sunlight on Ivory and Bow,,2029,Dream Pop,True,14683,2025,,2029,2029.0,3,7,10
Person,Kelli Martinez,,,,,14684,,REIGNO,,,1,0,1
Person,Michael Gomez,,,,,14685,,,,,1,0,1
Person,Wanda Fuller,,,,,14686,,,,,2,0,2
Person,Christopher Richards,,,,,14687,,,,,1,0,1
Person,Denise Moody,,,,,14688,,,,,1,0,1
Person,Mitchell Ross,,,,,14689,,,,,1,0,1
RecordLabel,Riverman Records,,,,,14690,,,,,0,2,2
Song,Celestial Gamblers' Nocturne,True,2026,Dream Pop,True,14691,,,,2026.0,2,12,14
Person,Susan Christian,,,,,14692,, TEMP£E,,,1,0,1
Person,Yan Fu,,,,,14693,,,,,1,0,1
Person,Fang Yan,,,,,14694,,,,,2,0,2
Person,Na Zhu,,,,,14695,,,,,2,0,2
Song,Constellations of Cosmic Chance,True,2026,Synthpop,False,14696,2026,,,2026.0,4,4,8
Song,Starlight's Rolling Probability,True,2030,Alternative Rock,True,14697,2030,,,2030.0,3,3,6
Person,Sabrina Hughes,,,,,14698,,,,,1,0,1
Album,Infinite Dice of Astral Laughter,,2026,Dream Pop,True,14699,2026,,,2026.0,2,4,6
Song,Particulate Resonance,False,2009,Southern Gothic Rock,True,14700,2006,,2009,2009.0,2,4,6
Song,Crystalline Cascade,True,2020,Lo-Fi Electronica,True,14701,2020,,,2020.0,6,3,9
Song,Molecular Membrane,False,2029,Dream Pop,True,14702,,,,2029.0,3,4,7
Person,Xia Han,,,,,14703,,,,,1,0,1
Person,Min Zhou,,,,,14704,,,,,2,0,2
Song,Substrate Oscillation,True,2030,Alternative Rock,True,14705,,,,2030.0,4,4,8
Person,Gaetano Hartmann,,,,,14706,,,,,1,0,1
Song,Playful Interlude,True,2023,Symphonic Metal,True,14707,2023,,,2023.0,3,7,10
Person,Herr Robin Drewes,,,,,14708,,,,,1,0,1
Person,Ernestine Killer,,,,,14709,,,,,1,0,1
Song,Whimsical Moments,True,2024,Lo-Fi Electronica,True,14710,,,,2024.0,12,5,17
Song,Light-Hearted Escape,True,2030,Indie Folk,True,14711,,,,2030.0,2,3,5
Person,Ming Ding,,,,,14712,,,,,1,0,1
Person,Fang Wu,,,,,14713,,,,,1,0,1
Person,Xia Ren,,,,,14714,,,,,1,0,1
Song,Musical Respite,False,2026,Psychedelic Rock,True,14715,2026,,,2026.0,4,6,10
Person,Tyler Case,,,,,14716,, Raven Cross,,,2,0,2
Person,Jonathan Oestrovsky,,,,,14717,,,,,2,0,2
Person,Juan Mao,,,,,14718,,,,,1,0,1
Person,Wei Long,,,,,14719,,,,,1,0,1
Song,Crimson Ledger of the Desert Riders,False,2023,Oceanus Folk,True,14720,,,,2023.0,3,12,15
Person,Juan Gu,,,,,14721,, Sage XII,,,1,0,1
Person,Jie Dai,,,,,14722,, CR¥STAL,,,1,0,1
Person,Qiang Dai,,,,,14723,,,,,1,0,1
Person,Ping Pan,,,,,14724,,,,,1,0,1
Person,Xiulan He,,,,,14725,,,,,1,0,1
Person,Tao Chang,,,,,14726,,,,,1,0,1
Song,Blood-Stained Tally for Apache Hearts,True,2020,Dream Pop,True,14727,,,,2020.0,3,6,9
Person,Samiha Chander,,,,,14728,, Raven,,,1,0,1
Person,Karen Valdez,,,,,14729,,Jovian,,,2,0,2
Person,Lindsay Lyons,,,,,14730,,,,,1,0,1
Person,Nichole Benton,,,,,14731,,,,,1,0,1
Song,Vermilion Scroll of Mescalero Memory,True,2026,Darkwave,True,14732,2026,,,2026.0,3,10,13
Person,Nicole Lamb,,,,,14733,,,,,2,0,2
Person,Stephen Decker,,,,,14734,,,,,2,0,2
Person,Briana Miller,,,,,14735,,,,,1,0,1
Person,Karen White,,,,,14736,,,,,1,0,1
Person,Na Tian,,,,,14737,,,,,1,0,1
Person,Thomas Alvarez,,,,,14738,,,,,1,0,1
Person,Amy Thomas,,,,,14739,,,,,2,0,2
Song,Scarlet Cipher: Tribal Notation,True,2013,Indie Folk,True,14740,,,2013,2013.0,2,9,11
Person,Andrew Martin,,,,,14741,,,,,1,0,1
Person,Alan Clark,,,,,14742,,,,,1,0,1
Person,Sandra Smith,,,,,14743,,,,,1,0,1
Person,Tamara Miller,,,,,14744,,,,,2,0,2
RecordLabel,Wingspan Audio,,,,,14745,,,,,0,1,1
Song,Scarlet Letter Sarah,False,2013,Oceanus Folk,True,14746,,,,2013.0,3,11,14
Person,Mandy Hood,,,,,14747,,,,,1,0,1
Person,Robert Villanueva,,,,,14748,,,,,1,0,1
Song,Whispers About Wendy,True,2010,Alternative Rock,True,14749,,,,2010.0,3,7,10
Song,Rumor's Daughter,True,2028,Jazz Surf Rock,True,14750,,,,2028.0,4,7,11
Person,Min Kong,,,,,14751,,,,,1,0,1
Person,Yong Deng,,,,,14752,,,,,2,0,2
RecordLabel,Adriatic Echoes,,,,,14753,,,,,0,1,1
Song,Gossip's Flame,True,2026,Indie Pop,True,14754,,,,2026.0,8,6,14
Song,Divine Temptation,True,2013,Americana,True,14755,,,,2013.0,2,8,10
Person,Kelli Jackson,,,,,14756,,,,,2,0,2
Person,Tao Jin,,,,,14757,,,,,1,0,1
Person,Jun Yan,,,,,14758,,,,,1,0,1
Person,Keith Stone,,,,,14759,,,,,2,0,2
Song,Nymph's Embrace,True,2026,Indie Pop,True,14760,2026,,,2026.0,5,4,9
Person,Kendra Spears,,,,,14761,,,,,1,0,1
Song,Heavenly Radiance,True,2017,Oceanus Folk,True,14762,,,,2017.0,2,16,18
Person,Thomas Dudley,,,,,14763,,,,,1,0,1
Person,Charles Hall,,,,,14764,,,,,1,0,1
Person,James Mosley,,,,,14765,,,,,1,0,1
Person,Adriana Figueroa,,,,,14766,,,,,1,0,1
Album,Saturday's Last Light,,2023,Space Rock,True,14767,,,,2023.0,5,10,15
Song,Temporary Freedom,True,2005,Lo-Fi Electronica,True,14768,,,,2005.0,3,29,32
Song,Clock Out Confession,True,2020,Synthpop,True,14769,,,,2020.0,2,10,12
Person,Yong Sun,,,,,14770,,,,,1,0,1
Person,Diane Robbins,,,,,14771,,,,,1,0,1
Person,Fang Yao,,,,,14772,,,,,2,0,2
Person,Wei Peng,,,,,14773,,,,,1,0,1
Album,Two Days to Live,,2027,Post-Apocalyptic Folk,True,14774,,,,2027.0,2,4,6
Person,Ming Kong,,,,,14775,, L.A. Rose,,,1,0,1
Person,Juan Wu,,,,,14776,,,,,2,0,2
RecordLabel,Meridian Music,,,,,14777,,,,,0,1,1
Song,Nameless Emotion,True,2026,Dream Pop,True,14778,,,,2026.0,3,3,6
Person,Li Deng,,,,,14779,,,,,2,0,2
Song,Beyond Words,True,2015,Lo-Fi Electronica,True,14780,,,,2015.0,5,8,13
Album,Unspoken Connection,,2013,Doom Metal,True,14781,2013,,,2013.0,1,7,8
Person,Herr Stephan Tschentscher,,,,,14782,,,,,1,0,1
Person,Elfriede Reuter,,,,,14783,,,,,1,0,1
Song,Labels Don't Matter,True,1999,Synthwave,True,14784,,,,1999.0,3,7,10
Person,Rosalinde Tintzmann,,,,,14785,, Cleo Rose,,,1,0,1
Person,Kevin King,,,,,14786,,,,,1,0,1
Person,Megan Harris,,,,,14787,,,,,2,0,2
Person,Christopher Robbins,,,,,14788,,,,,1,0,1
Song,Whispers of a Fleeting Sonata,True,2022,Dream Pop,True,14789,2022,,,2022.0,1,6,7
Person,Min Deng,,,,,14790,,,,,1,0,1
Person,Wei Wu,,,,,14791,,,,,1,0,1
Person,Yang Fan,,,,,14792,,,,,1,0,1
Person,Guiying Bai,,,,,14793,,,,,1,0,1
Person,Lei Xia,,,,,14794,,,,,1,0,1
Album,Tender Fragments and Musical Pauses,,2026,Psychedelic Rock,True,14795,,,,2026.0,4,5,9
Person,Bobby Guzman,,,,,14796,,,,,1,0,1
Person,Rachel Curry,,,,,14797,,,,,1,0,1
Album,Delicate Interludes of the Heart,,2024,Indie Folk,True,14798,2024,,,2024.0,3,3,6
Song,Miniature Melodies of Unspoken Love,True,2011,Dream Pop,True,14799,,,,2011.0,5,10,15
Song,Shadows of Stone Walls,False,1996,Dream Pop,True,14800,,,,1996.0,1,5,6
Person,Elvira Puente Alba,,,,,14801,,,,,1,0,1
Song,Whispers in the Keep,True,2020,Southern Gothic Rock,True,14802,,,,2020.0,2,1,3
Person,Joan Taylor,,,,,14803,,,,,1,0,1
Song,The Forgotten Turret,True,2027,Americana,True,14804,,,,2027.0,3,7,10
Person,Lei Wan,,,,,14805,,,,,2,0,2
Person,Tao Ma,,,,,14806,,,,,1,0,1
Person,Wei Xiao,,,,,14807,,,,,1,0,1
Person,Qiang Shi,,,,,14808,,,,,2,0,2
Song,Echoes of Granite Silence,True,2023,Americana,True,14809,,,,2023.0,2,4,6
Person,Ming Hou,,,,,14810,,,,,1,0,1
Person,Lei Tang,,,,,14811,,,,,2,0,2
Person,Yan Fang,,,,,14812,,,,,1,0,1
RecordLabel,Terza Nova,,,,,14813,,,,,0,1,1
Album,Hay Whispers,,2025,Synthwave,True,14814,2025,,,2025.0,5,5,10
Person,Thomas Boyle,,,,,14815,,,,,1,0,1
Album,Straw and Secrets,,2010,Synthwave,True,14816,2010,,,2010.0,2,9,11
Person,Beatrix Schmidt,,,,,14817,,,,,1,0,1
Person,Priska Hölzenbecher,,,,,14818,,,,,1,0,1
Person,Bjorn van Berkum-Freshour,,,,,14819,,,,,1,0,1
Person,Marina Stiebitz,,,,,14820,,,,,2,0,2
Person,Hans-Karl Hövel,,,,,14821,,,,,1,0,1
Person,Olaf Schmiedt,,,,,14822,,,,,1,0,1
Song,Hooves and Hushed Voices,True,1987,Dream Pop,True,14823,,,1987,1987.0,2,6,8
Person,Naoki Sato,,,,,14824,,,,,1,0,1
Person,Konstanty Drobek,,,,,14825,,,,,1,0,1
Person,Xiuying Zhou,,,,,14826,,,,,2,0,2
Person,Li Xu,,,,,14827,,,,,1,0,1
Album,Barn Door Dialogues,,2028,Indie Rock,True,14828,,,,2028.0,14,2,16
Person,Cynthia Johnson,,,,,14829,,,,,1,0,1
Song,Truly Truly,True,2029,Dream Pop,True,14830,,,,2029.0,1,6,7
Person,Gang Ye,,,,,14831,,,,,1,0,1
Person,Guiying Tao,,,,,14832,,,,,3,0,3
Person,Wei Lin,,,,,14833,,,,,1,0,1
Song,Honestly Honestly,False,2017,Indie Pop,True,14834,,,,2017.0,4,4,8
Song,Deeply Deeply,True,2030,Dream Pop,True,14835,,,,2030.0,2,9,11
Person,Min Guo,,,,,14836,, PH∆SE,,,2,0,2
Person,Jason Hendricks,,,,,14837,,,,,1,0,1
Person,Guiying Yang,,,,,14838,,,,,1,0,1
Person,Fang Qian,,,,,14839,,,,,2,0,2
Song,Completely Completely,True,2019,Dream Pop,True,14840,,,,2019.0,4,6,10
Person,Melania Filangieri,,,,,14841,,,,,1,0,1
Person,Nicoletta Soffici,,,,,14842,,,,,1,0,1
Song,Sunlight's Embrace,True,2025,Psychedelic Rock,True,14843,,,,2025.0,2,8,10
Person,Juan Mao,,,,,14844,,,,,1,0,1
Person,Jing Li,,,,,14845,,,,,1,0,1
Person,Min Zhao,,,,,14846,,,,,1,0,1
Person,Guiying Kang,,,,,14847,,,,,1,0,1
Person,Jun Deng,,,,,14848,,,,,1,0,1
Person,Xiuying Peng,,,,,14849,,,,,3,0,3
Person,Juan Gao,,,,,14850,,,,,1,0,1
Song,Golden Horizon,True,1986,Blues Rock,True,14851,,,,1986.0,2,9,11
Person,Donald Bradley,,,,,14852,,,,,1,0,1
Person,Caleb Williamson,,,,,14853,,,,,2,0,2
Song,Whispers of Warm Winds,True,2014,Indie Rock,True,14854,,,,2014.0,2,3,5
Album,Solstice Serenade,,2025,Indie Folk,True,14855,,,,2025.0,3,3,6
Person,Yong Wan,,,,,14856,,,,,2,0,2
Person,Tao Guo,,,,,14857,,,,,1,0,1
RecordLabel,Vra|Éve,,,,,14858,,,,,0,1,1
Song,Twilight's Whisper in F,False,2017,Desert Rock,True,14859,,,2017,2017.0,3,10,13
Person,Elizabeth Bradshaw,,,,,14860,,Obsidian Wake,,,1,0,1
Person,Savannah Shaw,,,,,14861,,,,,1,0,1
Song,Moonlit Sonata,True,2000,Indie Folk,True,14862,1997,,,2000.0,2,3,5
Song,Evening's Soft Cadence,True,2014,Southern Gothic Rock,True,14863,,,,2014.0,3,6,9
Song,Harmony of Strangers,True,2021,Dream Pop,True,14864,2021,,,2021.0,1,11,12
Person,John Rodriguez,,,,,14865,,,,,1,0,1
Person,Marcus Stewart,,,,,14866,,,,,2,0,2
Person,Henry Gross,,,,,14867,,,,,1,0,1
Song,Whispers in Triplicate,True,2026,Indie Folk,True,14868,2026,,2026,2026.0,3,5,8
Person,Wei Lei,,,,,14869,,,,,1,0,1
Person,Juan Li,,,,,14870,,,,,1,0,1
Person,Ping Yang,,,,,14871,,,,,2,0,2
Song,The Triangular Dialogue,True,2020,Indie Folk,True,14872,,,,2020.0,1,11,12
Person,Li Peng,,,,,14873,,,,,1,0,1
Person,Li Bai,,,,,14874,,,,,1,0,1
Album,Chorus of the Unheard,,2017,Indie Folk,True,14875,,,,2017.0,3,7,10
Person,Joseph Wheeler,,,,,14876,,,,,1,0,1
Person,Jie Mao,,,,,14877,,,,,2,0,2
Person,Jose Sanders,,,,,14878,,,,,1,0,1
Person,Sean Rush,,,,,14879,,,,,1,0,1
Song,Whispers of the Watery Grave,True,2026,Indie Folk,True,14880,,,,2026.0,4,8,12
Person,Auguste Perrin,,,,,14881,,,,,1,0,1
Person,Victoire Roger-Noël,,,,,14882,,,,,1,0,1
Song,Maritime Lament,True,2020,Lo-Fi Electronica,True,14883,,,,2020.0,2,5,7
Song,Echoes from the Shipwreck's Heart,False,2023,Indie Rock,True,14884,2023,,,2023.0,4,10,14
Person,Elisa Zoppetti-Venturi,,,,,14885,,,,,1,0,1
RecordLabel,Paris Underground,,,,,14886,,,,,0,1,1
Album,Call of the Submerged Seductress,,2015,Dream Pop,True,14887,,,,2015.0,2,6,8
Person,Chao Han,,,,,14888,,,,,1,0,1
Person,Yan Chang,,,,,14889,,,,,1,0,1
Song,Dawn's Early Whispers,True,2017,Desert Rock,True,14890,,,,2017.0,3,9,12
Person,Tracy Burton,,,,,14891,,,,,1,0,1
Person,Qiang Han,,,,,14892,,,,,1,0,1
Song,Twilight's Threshold,True,2007,Synthwave,True,14893,2007,,2007,2007.0,4,11,15
Person,Kimberly Estrada,,,,,14894,,,,,1,0,1
Person,Fang Ding,,,,,14895,,,,,1,0,1
Song,Pendulum's Pause,False,2013,Indie Folk,True,14896,2013,,,2013.0,2,4,6
Song,Half-Light Harmony,True,2029,Jazz Surf Rock,True,14897,,,,2029.0,4,5,9
Person,Darshit Mannan,,,,,14898,,,,,2,0,2
Person,Nirvaan Thaker,,,,,14899,,,,,1,0,1
Person,Tammy Campos,,,,,14900,,,,,1,0,1
Person,Parinaaz Deshmukh,,,,,14901,,,,,1,0,1
Song,Memories of Fireflies,True,2020,Doom Metal,True,14902,,,,2020.0,4,5,9
Person,Melissa Watkins,,,,,14903,,,,,1,0,1
Song,Echoes of August,True,2023,Lo-Fi Electronica,True,14904,,,,2023.0,4,4,8
Person,Ming Ding,,,,,14905,,,,,2,0,2
Person,Fang Lin,,,,,14906,,,,,1,0,1
Song,Forgotten Summer Embrace,True,2020,Dream Pop,True,14907,2020,,2020,2020.0,3,6,9
Album,The Adventurer's Lament,,2021,Alternative Rock,True,14908,,,2021,2021.0,5,3,8
Song,Provence Dreams,True,2013,Dream Pop,True,14909,,,,2013.0,5,10,15
Person,Aradhya Dara,,,,,14910,,,,,1,0,1
Person,Armaan Dalal,,,,,14911,,,,,1,0,1
Person,Drishya Srinivasan,,,,,14912,,,,,1,0,1
Song,Tales of a Paper Hero,True,2025,Jazz Surf Rock,True,14913,,,,2025.0,3,8,11
Person,Xiulan Sun,,,,,14914,,,,,1,0,1
Person,Gang Qiao,,,,,14915,,,,,2,0,2
Person,Christopher Fox,,,,,14916,,,,,1,0,1
Person,Ping Jiang,,,,,14917,,,,,3,0,3
Person,Ping Ren,,,,,14918,,,,,1,0,1
Person,Jing Jiang,,,,,14919,,,,,2,0,2
Song,Windmills and Tall Stories,True,2023,Doom Metal,True,14920,,,,2023.0,3,5,8
Song,Shadows Beneath the Brim,False,2025,Dream Pop,True,14921,,,,2025.0,1,10,11
Person,Jie Du,,,,,14922,,,,,1,0,1
Person,Yang Xu,,,,,14923,,,,,1,0,1
Person,Guiying Feng,,,,,14924,,,,,1,0,1
Person,Xia Xu,,,,,14925,,,,,1,0,1
Person,Jun Chang,,,,,14926,,,,,2,0,2
Song,Tailored Silence,True,1985,Southern Gothic Rock,True,14927,1985,,,1985.0,2,5,7
Person,Erica Smith,,,,,14928,,,,,1,0,1
Song,Felt and Memory,False,2029,Indie Folk,True,14929,2023,,,2029.0,5,5,10
Person,Gang Ye,,,,,14930,,,,,1,0,1
Person,Ming Yuan,,,,,14931,,,,,1,0,1
Person,Lei Sun,,,,,14932,,,,,1,0,1
Song,The Crown We Wear,True,2022,Indie Rock,True,14933,,,,2022.0,2,9,11
Person,Miss Jennifer Williams,,,,,14934,,,,,1,0,1
Person,William Robinson,,,,,14935,,,,,2,0,2
Person,Judy Yang,,,,,14936,,,,,1,0,1
Person,Joanna Avery,,,,,14937,,,,,1,0,1
Person,Molly Gonzalez,,,,,14938,,,,,1,0,1
RecordLabel,Midnight Monarch Music,,,,,14939,,,,,0,1,1
Song,Faded Polaroids,True,2025,Oceanus Folk,True,14940,,,2038,2025.0,5,5,10
Song,Whispers in the Attic,True,2029,Indie Folk,True,14941,,,,2029.0,2,3,5
Person,Janice Villarreal,,,,,14942,,,,,1,0,1
Person,Jonathan Bishop,,,,,14943,,,,,2,0,2
Album,Fragments of a Forgotten Dream,,2006,Lo-Fi Electronica,True,14944,,,,2006.0,4,7,11
Album,Shadows of Julie,,2013,Indie Folk,True,14945,,,,2013.0,2,6,8
Person,Yuvaan Tripathi,,,,,14946,,,,,2,0,2
Person,Anvi Chawla,,,,,14947,,,,,1,0,1
Song,Julie's Midnight Lullaby,True,2023,Indie Folk,True,14948,,,,2023.0,2,6,8
Person,Jun Cai,,,,,14949,,,,,1,0,1
Person,Jun Bai,,,,,14950,,,,,2,0,2
Album,Postcards from Julie's Window,,2017,Indie Folk,False,14951,,,,2017.0,2,9,11
Person,Qiang Duan,,,,,14952,, Bronze Tiger,,,1,0,1
Person,Yong Qiu,,,,,14953,,,,,1,0,1
Person,Jun Liao,,,,,14954,,,,,2,0,2
Person,Ming Kong,,,,,14955,,,,,1,0,1
Person,Sandra Holden,,,,,14956,,,,,1,0,1
Person,Yang Wu,,,,,14957,,,,,1,0,1
Person,Regina Watkins,,,,,14958,,,,,1,0,1
Person,Chao Fan,,,,,14959,,,,,1,0,1
Person,Jie Yan,,,,,14960,,,,,2,0,2
Song,The Last Echo of Julie,False,1987,Synthwave,True,14961,,,,1987.0,1,10,11
Person,Anthony Beck,,,,,14962,,,,,2,0,2
Person,Kimberly Gross,,,,,14963,,,,,1,0,1
Song,White Veil Serenade,True,2026,Dream Pop,True,14964,2026,,,2026.0,3,7,10
Song,Honeymoon Whispers,True,2010,Doom Metal,True,14965,2010,,,2010.0,3,41,44
Person,Eric Bailey,,,,,14966,,,,,1,0,1
Person,Inès Lebreton,,,,,14967,,,,,1,0,1
Person,Andrew Green,,,,,14968,,,,,1,0,1
Album,First Dance Unfolding,,2024,Dream Pop,True,14969,,,,2024.0,1,15,16
Person,Yang Zhang,,,,,14970,,,,,1,0,1
Person,Juan Sun,,,,,14971,,,,,1,0,1
Person,Gang Lai,,,,,14972,,,,,1,0,1
Person,Ming Kang,,,,,14973,,,,,1,0,1
Person,Ming Lei,,,,,14974,,,,,1,0,1
RecordLabel,Kyšice Sounds,,,,,14975,,,,,0,1,1
Song,Fool's Parade,True,2010,Speed Metal,True,14976,2010,,,2010.0,5,11,16
Person,Christopher Hernandez,,,,,14977,,,,,1,0,1
Person,Michelle Ellis,,,,,14978,,,,,2,0,2
RecordLabel,Sonora Terrain,,,,,14979,,,,,0,1,1
Song,Wisdom's Blind Spot,True,2010,Darkwave,True,14980,,,,2010.0,2,9,11
Person,Na Chen,,,,,14981,,,,,2,0,2
Person,Xiuying Tian,,,,,14982,,,,,1,0,1
Person,Xiulan Bai,,,,,14983,,,,,1,0,1
Song,Wearing My Foolish Heart,True,2017,Synthwave,True,14984,2017,,,2017.0,2,4,6
Person,Suzanne Davis,,,,,14985,,,,,1,0,1
Person,Brian Perez,,,,,14986,,,,,1,0,1
Song,The Idiot's Lament,True,2017,Doom Metal,True,14987,2017,,,2017.0,7,29,36
Person,Ming Duan,,,,,14988,,,,,2,0,2
Song,Uh-Huh Uh-Huh,True,2007,Indie Rock,True,14989,2007,,2007,2007.0,1,15,16
Person,Joshua Oneill,,,,,14990,,,,,2,0,2
Person,Tamara Brown,,,,,14991,,,,,2,0,2
Song,Oh Oh Oh,True,2024,Blues Rock,True,14992,,,,2024.0,2,3,5
Person,Wei Yao,,,,,14993,,,,,1,0,1
Song,Mm-Hmm Mm-Hmm,False,1997,Indie Folk,True,14994,,,,1997.0,1,29,30
Person,Gerhild Mälzer-Albers,,,,,14995,,,,,2,0,2
Person,Hannelore Rosemann,,,,,14996,,,,,2,0,2
Song,Hey Hey Hey,True,1987,Dream Pop,True,14997,,,,1987.0,1,4,5
Person,Lei Zhao,,,,,14998,,Elysian,,,1,0,1
Person,Xiuying Lu,,,,,14999,,,,,1,0,1
Person,Yan Xiong,,,,,15000,,,,,1,0,1
Album,Sombras de Amor,,2004,Indie Rock,True,15001,2000,,,2004.0,2,6,8
Person,Qiang Pan,,,,,15002,,,,,1,0,1
Person,Ping Deng,,,,,15003,,,,,1,0,1
Song,Lágrimas de Pasión,True,2022,Lo-Fi Electronica,True,15004,,,,2022.0,6,7,13
Song,Espejismo del Corazón,True,2019,Indie Pop,True,15005,,,,2019.0,4,4,8
Person,Jun Lin,,,,,15006,,,,,1,0,1
Song,Cadenas de Deseo,True,2003,Synthwave,True,15007,,,,2003.0,4,8,12
Person,Fang Dong,,,,,15008,,,,,1,0,1
Song,Hungarian Rhapsody for Cello and Whispered Keys,True,2017,Indie Folk,True,15009,,,,2017.0,4,14,18
Song,Danube's Lament: A Pastoral Sonata,True,2026,Psychedelic Rock,True,15010,2026,,,2026.0,2,5,7
Person,Jie Hao,,,,,15011,,,,,1,0,1
Person,Li Chang,,,,,15012,,,,,1,0,1
Person,Ming Chang,,,,,15013,,,,,1,0,1
Person,Nathan Nelson,,,,,15014,,,,,2,0,2
Song,Budapest Nocturne in Trembling Minor,True,2010,Doom Metal,True,15015,2010,,,2010.0,4,5,9
Person,Oskar Radzewicz,,,,,15016,,,,,1,0,1
Song,Echoes of the Puszta: Chamber Variations,True,2023,Oceanus Folk,True,15017,,,,2023.0,5,8,13
Person,Qiang Gao,,,,,15018,,,,,1,0,1
Person,Fang Yan,,,,,15019,,,,,1,0,1
Person,Jun Lai,,,,,15020,,,,,1,0,1
Person,Jing Chang,,,,,15021,,,,,1,0,1
Person,Li Dong,,,,,15022,,,,,1,0,1
Person,Qiang Sun,,,,,15023,,,,,1,0,1
Song,Silent Whispers of Unanswered Questions,True,2013,Lo-Fi Electronica,True,15024,2013,,,2013.0,5,13,18
Song,Echoes of Uncertain Hands,True,1999,Southern Gothic Rock,True,15025,,,1999,1999.0,2,5,7
Person,Juanita Galván,,,,,15026,,,,,1,0,1
Album,Fragments of Unresolved Dialogues,,2023,Oceanus Folk,True,15027,,,,2023.0,3,6,9
Person,Kana Mori,,,,,15028,,,,,1,0,1
Person,Tomoya Takahashi,,,,,15029,,,,,1,0,1
Person,Yuki Hashimoto,,,,,15030,,,,,2,0,2
Person,Taichi Sasaki,,,,,15031,,,,,1,0,1
Song,Wavelengths of Lingering Queries,True,2009,Oceanus Folk,True,15032,,,,2009.0,3,8,11
Person,Na Deng,,,,,15033,,,,,1,0,1
Song,Silent Screen Siren,True,1997,Alternative Rock,True,15034,,,1997,1997.0,2,8,10
Person,Julie Lane,,,,,15035,,,,,1,0,1
Person,Sarah Ward,,,,,15036,,,,,1,0,1
Person,Sheila Cox,,,,,15037,,,,,1,0,1
Person,Isaac Joubert,,,,,15038,,,,,1,0,1
Person,David Flores,,,,,15039,,,,,1,0,1
Album,Shadows of Berlin,,2010,Indie Pop,True,15040,,,,2010.0,2,7,9
Person,Lisa Peterson,,,,,15041,,,,,1,0,1
Person,Brian Carter,,,,,15042,,,,,1,0,1
Person,Anthony Allen,,,,,15043,,,,,1,0,1
Person,Steve Young,,,,,15044,,,,,1,0,1
Person,Kristin Sullivan,,,,,15045,,,,,1,0,1
Song,Lipstick and Celluloid,True,2010,Dream Pop,True,15046,,,2010,2010.0,4,3,7
Song,The Last Frame of Pola,True,1986,Southern Gothic Rock,True,15047,,,,1986.0,2,10,12
Song,Fire digte om kærlighed og sorg,True,2023,Desert Rock,True,15048,,,,2023.0,8,8,16
Person,Ping Lei,,,,,15049,,,,,2,0,2
Person,Li Liu,,,,,15050,,,,,1,0,1
Person,Ming Zhou,,,,,15051,,,,,1,0,1
Person,Sean James,,,,,15052,,,,,1,0,1
RecordLabel,Chronic Sound Studios,,,,,15053,,,,,0,1,1
RecordLabel,Postal Groove,,,,,15054,,,,,0,1,1
Song,Tre melankolske vers,True,2014,Blues Rock,True,15055,,,,2014.0,2,6,8
RecordLabel,Cascais Sounds,,,,,15056,,,,,0,1,1
Song,Nordiske stemninger,True,2029,Indie Folk,True,15057,2022,,,2029.0,4,3,7
Person,Jun Wan,,,,,15058,,,,,2,0,2
Person,Yan Tian,,,,,15059,,,,,1,0,1
RecordLabel,Sonic Sanctuary Studios,,,,,15060,,,,,0,1,1
Song,Poetiske fragmenter ved daggryet,True,2020,Desert Rock,True,15061,2020,,,2020.0,2,5,7
Person,Guiying Luo,,,,,15062,,,,,1,0,1
Song,Scattered Borders,True,2025,Lo-Fi Electronica,True,15063,,,2025,2025.0,4,3,7
Person,Chao Wu,,,,,15064,,,,,1,0,1
Album,Coastal Echoes,,2023,Psychedelic Rock,True,15065,2019,,2039,2023.0,2,7,9
Person,Abigaíl del Franch,,,,,15066,,Obsidian Lament,,,2,0,2
Person,Evelia Viñas-Maldonado,,,,,15067,,,,,1,0,1
Person,Elena Olivera Agudo,,,,,15068,,,,,1,0,1
Person,Viviana Escrivá Porcel,,,,,15069,,,,,1,0,1
Song,Crimson Parallels,True,2009,Speed Metal,True,15070,2009,,,2009.0,2,2,4
Album,Voices of the Frontier,,2013,Synthwave,True,15071,2013,,,2013.0,3,11,14
Person,Jun Tao,,,,,15072,,,,,1,0,1
Person,Sean King,,,,,15073,,,,,1,0,1
Person,Wei Dai,,,,,15074,,,,,2,0,2
Song,Boarding the Coastal Express,True,2020,Alternative Rock,True,15075,2020,,,2020.0,3,4,7
Song,Northbound Memories,True,2030,Alternative Rock,True,15076,2030,,2030,2030.0,3,6,9
Person,Heather Dalton,,,,,15077,,,,,2,0,2
Person,Susan Brown,,,,,15078,,,,,1,0,1
Person,Wei Kang,,,,,15079,,,,,1,0,1
Song,Waves and Wanderlust,True,2017,Synthwave,True,15080,,,,2017.0,3,4,7
Person,Honoré-Alexandre Vidal,,,,,15081,,,,,1,0,1
Person,Haruka Kobayashi,,,,,15082,,,,,2,0,2
Person,Asuka Takahashi,,,,,15083,,,,,1,0,1
Song,Journey of the Iron Ship,True,2014,Dream Pop,True,15084,,,2014,2014.0,2,9,11
Person,Stephen Lawrence,,,,,15085,,,,,1,0,1
Person,Jun Yin,,,,,15086,,,,,2,0,2
Person,Ping Xu,,,,,15087,,,,,1,0,1
Person,Jörg-Peter Hecker,,,,,15088,,,,,1,0,1
Song,Silent Chords of Memory,True,1999,Synthwave,False,15089,1999,,,1999.0,4,13,17
Person,Jie Fan,,,,,15090,,,,,1,0,1
Person,Chao Li,,,,,15091,,,,,1,0,1
Song,Echoes in Ivory and Ebony,False,2001,Alternative Rock,True,15092,,,,2001.0,2,3,5
Song,Fingerprints on Unplayed Melodies,False,2016,Psychedelic Rock,True,15093,,,,2016.0,2,9,11
Person,Li Xu,,,,,15094,,,,,1,0,1
Person,Lori Bass,,,,,15095,,,,,1,0,1
Person,Na Chang,,,,,15096,,,,,1,0,1
Person,Ming Hou,,,,,15097,,,,,1,0,1
Person,Yang Xue,,,,,15098,,,,,1,0,1
Song,Impossible Light,True,2003,Southern Gothic Rock,True,15099,,,,2003.0,3,3,6
Person,Albrecht Scholtz,,,,,15100,,,,,1,0,1
Song,When Wonder Breaks,True,2023,Blues Rock,True,15101,,,2023,2023.0,5,3,8
Person,Jeffrey Middleton,,,,,15102,,,,,3,0,3
RecordLabel,Prism Circuit,,,,,15103,,,,,0,2,2
Song,Silent Grace,True,2016,Southern Gothic Rock,True,15104,,,,2016.0,4,10,14
Song,Nervous Hands,True,2022,Doom Metal,True,15105,,,2022,2022.0,2,6,8
Person,Xiuying Feng,,,,,15106,,,,,1,0,1
Person,Na Cui,,,,,15107,,,,,2,0,2
Song,Restless Rhythm,False,1991,Dream Pop,True,15108,,,,1991.0,3,7,10
Person,Min Wan,,,,,15109,,,,,1,0,1
Person,Juan Xu,,,,,15110,,,,,1,0,1
Person,Lei Mo,,,,,15111,,,,,1,0,1
Person,Yang Lin,,,,,15112,,,,,1,0,1
Person,Ping He,,,,,15113,,,,,2,0,2
Song,Twitch and Tap,True,2028,Symphonic Metal,True,15114,,,2028,2028.0,2,5,7
Person,Juan Dong,,,,,15115,,,,,1,0,1
Person,Lori Bowers,,,,,15116,,,,,1,0,1
Person,Yan Gu,,,,,15117,,,,,1,0,1
Song,Spinning Stillness,True,2023,Synthwave,True,15118,,,,2023.0,3,3,6
Person,Alphonse Berthelot,,,,,15119,,,,,2,0,2
Person,Charles Normand,,,,,15120,,,,,1,0,1
Song,Tangent,True,2026,Post-Apocalyptic Folk,True,15121,,,,2026.0,7,4,11
Person,Juan Xiang,,,,,15122,,,,,1,0,1
Person,Tao Hou,,,,,15123,,,,,1,0,1
Person,Fang Su,,,,,15124,,,,,1,0,1
Person,Xia Yang,,,,,15125,,,,,1,0,1
Album,Asymptote,,2013,Synthwave,True,15126,2013,,,2013.0,3,5,8
Person,Xiulan Zhou,,,,,15127,,,,,1,0,1
Person,Xia Su,,,,,15128,,,,,2,0,2
Song,Inflection,True,2004,Doom Metal,True,15129,,,,2004.0,3,5,8
Person,Yan Shao,,,,,15130,,,,,1,0,1
Song,Convergence,True,2003,Southern Gothic Rock,True,15131,,,,2003.0,4,2,6
Song,Broken Idols,True,2029,Post-Apocalyptic Folk,True,15132,,,,2029.0,3,4,7
Person,Luisa Tommaseo,,,,,15133,,,,,1,0,1
Person,Elizabeth Gonzalez,,,,,15134,,,,,1,0,1
Song,Martyrdom's Embrace,True,2004,Blues Rock,True,15135,2004,,2004,2004.0,5,7,12
Person,Brandon Flores,,,,,15136,,,,,1,0,1
Person,Enno Reinhardt,,,,,15137,,,,,2,0,2
Album,Blood of the Faithful,,2028,Synthwave,True,15138,,,,2028.0,3,4,7
Person,Tao Gao,,,,,15139,,,,,2,0,2
Person,Xiuying Cheng,,,,,15140,,,,,2,0,2
Person,Lei Cui,,,,,15141,,,,,2,0,2
RecordLabel,Silverline,,,,,15142,,,,,0,1,1
Song,Conversion's Flame,True,2023,Doom Metal,False,15143,,,,2023.0,3,5,8
Song,The Last Wave from Number 42,False,2019,Space Rock,True,15144,2019,,2019,2019.0,3,5,8
Person,Li Hu,,,,,15145,, THA SAINT,,,1,0,1
Person,Lei Qian,,,,,15146,,,,,1,0,1
Person,Tao Zhang,,,,,15147,,,,,1,0,1
Person,Wei Liao,,,,,15148,,,,,1,0,1
Person,Xiulan Lu,,,,,15149,,,,,1,0,1
Song,Farewell to the Corner House,True,2017,Southern Gothic Rock,True,15150,2017,,,2017.0,4,4,8
Person,Shannon Thompson,,,,,15151,,The Hollow Vestige,,,1,0,1
Person,Wei Cai,,,,,15152,,,,,1,0,1
Song,Mrs. Durkin's Empty Porch,True,2028,Psychedelic Rock,True,15153,2022,,2028,2028.0,4,5,9
Person,Min Jin,,,,,15154,,,,,1,0,1
Person,Wei Liao,,,,,15155,,,,,1,0,1
Song,Memories in Her Windowsill,False,2020,Doom Metal,True,15156,2020,,,2020.0,2,4,6
Person,Lucia Corradi,,,,,15157,,,,,1,0,1
Person,Amleto Fittipaldi,,,,,15158,,,,,1,0,1
Person,Gianluca Barberini,,,,,15159,,,,,1,0,1
Song,Echoes of Nasso,False,2029,Indie Folk,True,15160,2029,,,2029.0,4,7,11
Person,Brian Le,,,,,15161,,,,,1,0,1
Person,Matthew Moyer,,,,,15162,,,,,1,0,1
Person,Amy Rodriguez,,,,,15163,,,,,1,0,1
Person,Henry Norris,,,,,15164,,,,,1,0,1
Song,Whispers from the Forgotten Shore,True,2004,Dream Pop,True,15165,,,,2004.0,3,5,8
Person,Ming Cui,,,,,15166,, Bishop VII,,,2,0,2
Person,Guiying Yin,,,,,15167,,,,,1,0,1
Person,Yan Tan,,,,,15168,,,,,4,0,4
Person,Gang Liu,,,,,15169,,,,,4,0,4
Song,Arianna's Lament,True,2022,Dream Pop,True,15170,,,,2022.0,2,18,20
Person,Na Shao,,,,,15171,, Merit,,,1,0,1
Person,Li Long,,,,,15172,,,,,2,0,2
Person,Ping Wan,,,,,15173,,,,,1,0,1
Person,Yan Bai,,,,,15174,,,,,1,0,1
Person,Yang Zhu,,,,,15175,,,,,1,0,1
Person,Gang Cao,,,,,15176,,,,,1,0,1
Person,Fang Yin,,,,,15177,,,,,2,0,2
Person,Yang Qin,,,,,15178,,,,,1,0,1
Person,Lisa Harris,,,,,15179,,,,,2,0,2
Person,Yong Yan,,,,,15180,,,,,1,0,1
Song,Siren's Call at Nasso,True,2000,Lo-Fi Electronica,True,15181,,,,2000.0,4,3,7
Song,Wisdom's Lament,True,2023,Indie Folk,True,15182,,,,2023.0,3,5,8
Person,Ryan Osborn,,,,,15183,, Josie Blue,,,2,0,2
Person,Terry Adams,,,,,15184,,,,,1,0,1
Song,Echoes of the Throne,True,2017,Synthwave,True,15185,2017,,,2017.0,2,6,8
Person,Jie Tian,,,,,15186,,,,,1,0,1
Person,Juan Du,,,,,15187,,,,,2,0,2
Song,Solomon's Sorrow,False,2023,Symphonic Metal,True,15188,,,,2023.0,3,2,5
Song,Fragments of a Forgotten Crown,True,2003,Doom Metal,True,15189,,,,2003.0,2,5,7
Person,Miki Maeda,,,,,15190,,,,,1,0,1
Person,Akira Kobayashi,,,,,15191,,,,,2,0,2
Song,Waiting for Alfie,False,2028,Dream Pop,True,15192,,,2028,2028.0,6,8,14
Person,Qiang Hao,,,,,15193,,,,,2,0,2
Person,Ping Meng,,,,,15194,,,,,1,0,1
Person,Jun Huang,,,,,15195,,,,,1,0,1
Person,Tyler Lee,,,,,15196,,,,,1,0,1
RecordLabel,Thermopolium Records,,,,,15197,,,,,0,1,1
Song,Little Alfie's Lament,True,2013,Dream Pop,True,15198,,,2013,2013.0,2,21,23
Song,Shadows of Alfie,True,2025,Post-Apocalyptic Folk,True,15199,,,,2025.0,1,11,12
Person,Linus Bonbach,,,,,15200,,,,,1,0,1
Person,Raimund Wernecke,,,,,15201,,,,,1,0,1
Song,Alfie's Last Goodbye,True,2023,Dream Pop,True,15202,,,,2023.0,2,6,8
Person,Chao Han,,,,,15203,,,,,1,0,1
Person,Jing Cao,,,,,15204,,,,,2,0,2
Person,Jie Su,,,,,15205,,,,,1,0,1
Song,One-Way Departure,False,2007,Doom Metal,True,15206,,,,2007.0,3,12,15
Song,Goodbye Terminal,True,2029,Space Rock,True,15207,,,,2029.0,5,3,8
Person,Na Chang,,,,,15208,,,,,1,0,1
Person,James Beard,,,,,15209,,,,,1,0,1
Song,Escape Route,True,2027,Jazz Surf Rock,True,15210,,,2027,2027.0,4,5,9
Person,Yong Xue,,,,,15211,,,,,1,0,1
Song,Whispers of the Crane,True,2003,Dream Pop,True,15212,2003,,,2003.0,2,5,7
Person,Tao Xiang,,,,,15213,, Velvet Rook,,,1,0,1
Song,"Steel Wings, Gentle Soul",True,2023,Avant-Garde Folk,True,15214,,,,2023.0,3,5,8
Person,Fanny Dörschner,,,,,15215,,,,,1,0,1
Person,Pascal Pärtzelt-Jockel,,,,,15216,,,,,1,0,1
Song,Lifting Horizons,True,2020,Indie Folk,True,15217,,,,2020.0,5,8,13
Person,Carrie Webb,,,,,15218,,,,,1,0,1
Person,Whitney Tucker,,,,,15219,,,,,1,0,1
Person,Yolanda Hernandez,,,,,15220,,,,,1,0,1
Person,Miss Amy Harmon,,,,,15221,,,,,2,0,2
Song,The Machinery of Dreams,False,2026,Jazz Surf Rock,True,15222,2026,,2026,2026.0,2,7,9
Person,Tao Xie,,,,,15223,,,,,1,0,1
Person,Juan Shi,,,,,15224,,,,,3,0,3
Person,Guiying Shi,,,,,15225,,,,,2,0,2
RecordLabel,Temporal Resonance,,,,,15226,,,,,0,2,2
Album,Tidig Solstråle (Early Sunbeam),,2026,Southern Gothic Rock,True,15227,,,,2026.0,3,3,6
Person,Jason Mcpherson,,,,,15228,,,,,2,0,2
Person,Mary Gordon,,,,,15229,,,,,1,0,1
Song,Grönskande Gryning (Verdant Dawn),True,2025,Dream Pop,True,15230,2025,,,2025.0,2,8,10
Person,Yang Gu,,,,,15231,, Plasma Queen,,,1,0,1
Person,Jun Zhou,,,,,15232,,,,,1,0,1
Person,Qiang Yang,,,,,15233,,,,,2,0,2
Person,Gang Long,,,,,15234,,,,,1,0,1
Song,Ljus Vår-Svit (Light Spring Suite),False,2029,Dream Pop,True,15235,2029,,,2029.0,3,9,12
Person,Yang Meng,,,,,15236,,,,,1,0,1
Person,John Russo,,,,,15237,,,,,1,0,1
Person,Juan Cheng,,,,,15238,,,,,2,0,2
Person,Kelly Williams,,,,,15239,,,,,1,0,1
Person,Yan Liang,,,,,15240,,,,,1,0,1
Song,Nordisk Ljusdans (Nordic Light Dance),True,2025,Avant-Garde Folk,True,15241,2025,,,2025.0,15,5,20
Album,Culloden's Lament,,1998,Dream Pop,True,15242,1998,,,1998.0,5,10,15
Person,Xiulan Xiang,,,,,15243,,,,,1,0,1
Song,The White Rose of Scotland,True,2020,Doom Metal,True,15244,,,,2020.0,2,9,11
Person,Nermin Förster,,,,,15245,,,,,2,0,2
Person,Frau Evelyn Schmiedt,,,,,15246,,,,,1,0,1
Person,Gerhardt Jäkel,,,,,15247,,,,,2,0,2
Album,Bonnie Prince Charlie's Last March,,2004,Jazz Surf Rock,True,15248,2004,,2004,2004.0,4,2,6
Song,Highland Tears and Tartan Dreams,True,2025,Desert Rock,False,15249,2025,,,2025.0,3,6,9
Person,Yong Lin,,,,,15250,,,,,1,0,1
Person,Lei Tao,,,,,15251,,,,,1,0,1
Album,God Save Our Noble Realm,,2023,Alternative Rock,True,15252,2023,,,2023.0,3,3,6
Person,Jeffrey Morgan,,,,,15253,,,,,2,0,2
Song,Crown and Country's Heartbeat,True,2024,Dream Pop,True,15254,,,2024,2024.0,4,9,13
Song,Echoes of the Royal Hymn,True,2028,Avant-Garde Folk,True,15255,2028,,,2028.0,3,3,6
Person,Jun Duan,,,,,15256,,,,,1,0,1
Person,Chao Ding,,,,,15257,,,,,2,0,2
Song,Sovereign Melody of Britannia,False,2030,Southern Gothic Rock,True,15258,2030,,,2030.0,5,3,8
Person,Jacqueline Monroe,,,,,15259,,,,,2,0,2
Person,Steve Schottin,,,,,15260,,,,,1,0,1
Song,Whispers in the Moonlight,True,2022,Psychedelic Rock,True,15261,2022,,,2022.0,1,15,16
Person,Ming Xue,,,,,15262,,,,,1,0,1
Person,Xia Xia,,,,,15263,,,,,2,0,2
Person,Jing Hu,,,,,15264,,,,,1,0,1
Person,Xia Wu,,,,,15265,,,,,1,0,1
Person,Na Chen,,,,,15266,,,,,2,0,2
Song,Heartbeats Intertwined,False,2027,Jazz Surf Rock,True,15267,2027,,,2027.0,3,4,7
Person,Jun Gong,,,,,15268,,,,,1,0,1
Person,Ming Duan,,,,,15269,,,,,1,0,1
Album,Soft Surrender,,2017,Alternative Rock,True,15270,2010,,,2017.0,3,6,9
Song,Wrapped in Your Warmth,False,2024,Oceanus Folk,True,15271,2017,,,2024.0,2,5,7
Person,Matthew Murphy,,,,,15272,,,,,2,0,2
Person,Jing Luo,,,,,15273,,,,,2,0,2
Person,Xiulan Zhong,,,,,15274,,,,,3,0,3
Album,Royal Cobblestone Waltz,,2006,Alternative Rock,True,15275,,,,2006.0,1,5,6
Song,Regal Shadows of the Castle,False,2022,Synthwave,True,15276,,,,2022.0,2,5,7
Person,Heidi Smith,,,,,15277,,,,,2,0,2
Person,James Hopkins,,,,,15278,,,,,1,0,1
Song,Windsor's Whispered Legacy,False,2024,Dream Pop,True,15279,2024,,,2024.0,4,6,10
Person,Roy Miller,,,,,15280,,,,,1,0,1
Person,Cindy Moore,,,,,15281,,,,,1,0,1
Song,Crown and Timber,False,2022,Indie Folk,True,15282,2022,,,2022.0,2,3,5
Person,Fang Tao,,,,,15283,,,,,1,0,1
Person,Fang Wei,,,,,15284,,,,,2,0,2
Song,Harmonious Compromise,False,2025,Dream Pop,True,15285,,,,2025.0,2,8,10
Person,Li Dong,,,,,15286,,,,,1,0,1
Album,Terms of Alignment,,2015,Southern Gothic Rock,True,15287,,,,2015.0,2,6,8
Person,Travis Gonzales,,,,,15288,,,,,2,0,2
Person,Donald Cooper,,,,,15289,,,,,1,0,1
Song,Mutual Understanding,True,1991,Dream Pop,True,15290,,,1991,1991.0,2,6,8
Song,Bridging the Divide,False,2007,Alternative Rock,True,15291,,,,2007.0,1,4,5
Person,Ronald Brooks,,,,,15292,,,,,4,0,4
Person,Yvonne Alexander,,,,,15293,,,,,2,0,2
RecordLabel,Sanguine Sonics,,,,,15294,,,,,0,2,2
Song,The Color of Resilience,True,2027,Americana,True,15295,2027,,,2027.0,2,6,8
Person,Yang Hou,,,,,15296,,,,,1,0,1
Person,Gang Ren,,,,,15297,,,,,1,0,1
Song,Whispers from Meridian,False,2010,Dream Pop,True,15298,,,,2010.0,2,13,15
Person,Mathilde Hesse,,,,,15299,,,,,1,0,1
Person,Joy Wood,,,,,15300,,,,,1,0,1
Person,Tina Watson,,,,,15301,,,,,1,0,1
Person,Hasso Kreusel,,,,,15302,,,,,1,0,1
Person,Gerhild Schweitzer,,,,,15303,,,,,1,0,1
Person,Anna Gonzales,,,,,15304,,,,,1,0,1
Person,Jasmine Moore,,,,,15305,,,,,1,0,1
Song,Unbroken Harmony,True,2004,Psychedelic Rock,True,15306,,,,2004.0,3,8,11
Person,Jessica Macdonald,,,,,15307,,,,,3,0,3
Person,Brandon Mays,,,,,15308,,,,,3,0,3
Song,Sister's Lament,False,2026,Alternative Rock,True,15309,2020,,,2026.0,2,3,5
Song,Barrio Nights,False,2029,Desert Rock,True,15310,,,,2029.0,8,7,15
Person,Jing Zheng,,,,,15311,,,,,1,0,1
Person,Xiuying Zhou,,,,,15312,,,,,2,0,2
Person,Erin Shah,,,,,15313,,,,,2,0,2
Person,Yan Lu,,,,,15314,,,,,3,0,3
Song,Urban Rhythm Legends,True,2002,Avant-Garde Folk,True,15315,,,,2002.0,3,4,7
Song,Bloodline Legacy,True,2026,Oceanus Folk,True,15316,,,,2026.0,6,4,10
Person,Douglas Roberts,,,,,15317,,,,,2,0,2
Song,Inherited Freedom,True,2004,Synthwave,True,15318,,,,2004.0,2,11,13
Person,Kimberly Smith,,,,,15319,,,,,1,0,1
Person,Scott Johnson,,,,,15320,,,,,1,0,1
Person,Danny Fitzgerald,,,,,15321,,,,,1,0,1
Person,Mary Jacobs,,,,,15322,,,,,2,0,2
Song,Roots of Belonging,True,2029,Indie Folk,True,15323,2029,,,2029.0,9,7,16
Person,Kacper Panasewicz,,,,,15324,,,,,1,0,1
Album,Birthright Anthem,,2013,Indie Folk,True,15325,2013,,,2013.0,2,16,18
Person,Lisa Steele,,,,,15326,,,,,2,0,2
Person,Yang Ye,,,,,15327,,,,,1,0,1
Person,Xiulan Xiang,,,,,15328,,,,,1,0,1
Person,Min Xu,,,,,15329,,,,,1,0,1
Person,Jun Duan,,,,,15330,,,,,1,0,1
Person,Xia Wan,,,,,15331,,,,,2,0,2
Song,Moderate Momentum,True,2013,Indie Pop,True,15332,2013,,,2013.0,2,5,7
Song,Gentle Acceleration,True,2011,Indie Rock,True,15333,,,,2011.0,2,13,15
Person,Ryan Leblanc,,,,,15334,, M.P. Cross,,,2,0,2
Person,Patrick Cook,,,,,15335,,,,,1,0,1
Person,Melissa Arias,,,,,15336,,,,,1,0,1
Person,Ping Tian,,,,,15337,,,,,2,0,2
Person,Stanley Hamilton,,,,,15338,,,,,2,0,2
Album,Restrained Rhythm,,2023,Synthwave,True,15339,,,,2023.0,2,6,8
Person,Yong Xu,,,,,15340,,,,,1,0,1
Person,Ping Wan,,,,,15341,,,,,1,0,1
Person,Guiying Shen,,,,,15342,,,,,1,0,1
Song,Subdued Tempo,True,1987,Speed Metal,True,15343,,,,1987.0,1,22,23
Person,Allison Sanford,,,,,15344,,,,,1,0,1
Album,Descamisados' Anthem,,2004,Indie Folk,False,15345,,,,2004.0,1,5,6
Person,Camilla Sontag,,,,,15346,,,,,1,0,1
Person,Irmtrud Schmiedecke,,,,,15347,,,,,1,0,1
Person,Rosalie Bonbach,,,,,15348,,,,,1,0,1
RecordLabel,Echobreak Recordings,,,,,15349,,,,,0,1,1
Song,Eva's Revolutionary Stride,True,2030,Dream Pop,True,15350,2030,,2030,2030.0,2,7,9
Person,Min Liao,,,,,15351,,,,,1,0,1
Person,Yong Peng,,,,,15352,,,,,1,0,1
Person,Na Wei,,,,,15353,,,,,1,0,1
Person,Gang Fan,,,,,15354,,,,,1,0,1
Person,Gang Qian,,,,,15355,,,,,2,0,2
Person,Xia Tian,,,,,15356,,,,,1,0,1
RecordLabel,Litora Sonora,,,,,15357,,,,,0,1,1
Song,Buenos Aires Uprising,True,2013,Doom Metal,True,15358,,,2013,2013.0,2,9,11
Person,Jorge Brown,,,,,15359,,,,,1,0,1
Album,Workers' Rhythmic Call,,2023,Synthwave,True,15360,2017,,,2023.0,2,4,6
Person,Audrey King,,,,,15361,,,,,1,0,1
Song,Starbridge Crossing,True,1997,Blues Rock,True,15362,1997,,,1997.0,2,4,6
Person,Olivie Sauvage,,,,,15363,,,,,1,0,1
Song,Interstellar Meridian,True,2026,Americana,True,15364,2026,,2026,2026.0,4,8,12
Person,Matthew Dominguez,,,,,15365,,,,,2,0,2
Person,Kaira Dutt,,,,,15366,,,,,1,0,1
Person,Anay Boase,,,,,15367,,,,,1,0,1
Person,Divit Srinivas,,,,,15368,,,,,3,0,3
Song,Cosmic Cartography,True,2026,Space Rock,True,15369,,,2026,2026.0,2,7,9
Person,Paige Mitchell,,,,,15370,,DRIP$ETTA,,,1,0,1
Person,Yong Qiao,,,,,15371,,,,,1,0,1
Song,Nebula Highway,True,2015,Alternative Rock,True,15372,2015,,,2015.0,2,1,3
Person,Lisa Maxwell,,,,,15373,,,,,1,0,1
Song,The Labyrinth's Echo,True,2013,Doom Metal,True,15374,,,,2013.0,2,7,9
Person,Luke Murray,,,,,15375,, THA KING,,,2,0,2
Person,Manfred Schmiedecke,,,,,15376,,,,,1,0,1
Person,Angel Henderson,,,,,15377,,,,,1,0,1
Person,Hannah Garrett,,,,,15378,,,,,1,0,1
Person,Devin Mccoy,,,,,15379,,,,,1,0,1
RecordLabel,Pine Grove Sounds,,,,,15380,,,,,0,1,1
Song,Threads of Ariadne,True,2023,Americana,True,15381,,,2023,2023.0,2,8,10
Person,Jing Jiang,,,,,15382,,,,,1,0,1
Song,Minotaur's Lament,True,2007,Doom Metal,True,15383,2007,,2010,2007.0,2,11,13
Song,Strings of Destiny,True,2025,Oceanus Folk,True,15384,2025,,,2025.0,2,6,8
Person,Xia Ye,,,,,15385,,,,,1,0,1
Person,Chelsea Harris,,,,,15386,,,,,1,0,1
RecordLabel,Espumoso Rhythm,,,,,15387,,,,,0,3,3
Song,Echoes of the Koto,True,2015,Avant-Garde Folk,True,15388,,,,2015.0,7,13,20
Album,Pentatonic Whispers from Kyoto,,2010,Southern Gothic Rock,True,15389,,,,2010.0,3,4,7
Song,Shades of the Shakuhachi,True,2006,Indie Pop,True,15390,,,,2006.0,3,4,7
Song,Imperial Scales of Nagoya,False,2026,Synthwave,True,15391,2019,,,2026.0,2,3,5
Person,Li Tan,,,,,15392,,,,,1,0,1
Person,Fang Liang,,,,,15393,,,,,1,0,1
Song,Whispers in the Meadow Green,True,2022,Synthwave,True,15394,,,,2022.0,6,3,9
Person,Xiulan Qin,,,,,15395,,,,,1,0,1
Song,Maiden's Footsteps on Soft Grass,True,2023,Avant-Garde Folk,True,15396,2020,,,2023.0,5,8,13
Person,Sherri Mclaughlin,,,,,15397,,,,,1,0,1
Song,Wildflowers and Wandering Souls,True,2013,Darkwave,True,15398,,,,2013.0,1,5,6
Person,Theda Rosemann,,,,,15399,,,,,1,0,1
Person,Hannes Ziegert,,,,,15400,,,,,2,0,2
Person,Dana Martin,,,,,15401,,,,,1,0,1
Album,Silent Steps of Summer's Daughter,,2001,Indie Folk,True,15402,2001,,,2001.0,6,8,14
Album,Whispers of the Veiled Maiden,,2007,Doom Metal,True,15403,,,,2007.0,4,5,9
Person,Bryan Smith,,,,,15404,,,,,1,0,1
Person,Selena Gonzalez,,,,,15405,,,,,2,0,2
Song,Ethereal Nuptials,True,2007,Doom Metal,True,15406,,,,2007.0,3,8,11
Person,Beverly Pham,,,,,15407,,,,,2,0,2
Album,The Bride's Spectral Serenade,,1997,Indie Pop,True,15408,1997,,,1997.0,1,7,8
Song,Moonlit Matrimony of Shadows,True,2019,Dream Pop,True,15409,,,,2019.0,2,10,12
Person,Ping Qin,,,,,15410,,,,,2,0,2
Person,Ming Liang,,,,,15411,,,,,3,0,3
Person,Ming Xu,,,,,15412,,,,,1,0,1
Person,Juan Cao,,,,,15413,,,,,2,0,2
Person,Franklin Allen,,,,,15414,,,,,1,0,1
Song,Pale Light of Farewell,True,2023,Oceanus Folk,True,15415,,,,2023.0,3,4,7
Person,Ming Zhou,,,,,15416,,,,,2,0,2
Person,Wei Zou,,,,,15417,,,,,1,0,1
Person,Chao Qiu,,,,,15418,,,,,1,0,1
Song,Echoes from the Silent Valley,False,2022,Psychedelic Rock,True,15419,,,,2022.0,2,5,7
Song,Bridges to the Other Side,True,2028,Indie Folk,True,15420,,,,2028.0,7,5,12
Person,Sylwia Skowyra,,,,,15421,,,,,1,0,1
Song,Svaté Echo Tvého Dechu,True,2019,Psychedelic Rock,True,15422,,,,2019.0,3,14,17
Song,Koruna Nesmrtelných Slabik,False,2010,Doom Metal,True,15423,2010,,,2010.0,3,2,5
Song,Ozvěny Nebeského Jména,True,2024,Lo-Fi Electronica,True,15424,2024,,,2024.0,11,3,14
Song,Kadence Božské Identity,True,2019,Blues Rock,True,15425,,,2019,2019.0,3,5,8
Person,Savannah Leblanc,,,,,15426,, Nina Sky,,,2,0,2
Person,Lei Xue,,,,,15427,,,,,1,0,1
Person,Tao Gu,,,,,15428,,,,,1,0,1
Person,Jie Su,,,,,15429,,,,,1,0,1
Song,Tangled Hearts in Motion,True,2027,Indie Rock,True,15430,,,,2027.0,4,7,11
Person,Pamela Kent,,,,,15431,,,,,2,0,2
Person,Jessica Valentine,,,,,15432,,,,,1,0,1
Person,Jodi Gilbert,,,,,15433,,,,,1,0,1
Person,Alyssa Adams,,,,,15434,,,,,1,0,1
Song,Triangular Waltz of Desire,True,2007,Indie Folk,True,15435,,,,2007.0,3,6,9
Person,Claudine Martin,,,,,15436,,The Phantom Tapes,,,1,0,1
Person,Nicholas Pineda,,,,,15437,,,,,2,0,2
Person,Caroline Lewis,,,,,15438,,,,,1,0,1
Person,Véronique Bernard,,,,,15439,,,,,1,0,1
Person,Sabine Ollivier-Morel,,,,,15440,,,,,1,0,1
Song,Choreography of Forbidden Passion,True,2017,Oceanus Folk,True,15441,2017,,,2017.0,3,13,16
Person,Emily Jackson,,,,,15442,, R.J. West,,,1,0,1
Song,Intertwined: A Dance of Three,True,2023,Southern Gothic Rock,True,15443,2023,,2023,2023.0,4,8,12
Song,Geri Dönüş (Return Journey),True,2020,Desert Rock,True,15444,,,,2020.0,3,3,6
Person,Yong Hao,,,,,15445,,,,,1,0,1
Person,Li Kong,,,,,15446,,,,,2,0,2
Song,Sonsuz Hasret (Endless Longing),True,2026,Dream Pop,True,15447,,,,2026.0,3,4,7
Person,Alfredo Cases Gaya,,,,,15448,,,,,2,0,2
Person,Anna Woodard,,,,,15449,,,,,1,0,1
Person,Kaitlyn Castaneda PhD,,,,,15450,,,,,2,0,2
RecordLabel,Oz Orchestrations,,,,,15451,,,,,0,1,1
Song,Bekle Beni (Wait for Me),False,2028,Space Rock,True,15452,,,,2028.0,2,6,8
Person,Xiulan He,,,,,15453,,,,,1,0,1
Person,Yong Lei,,,,,15454,,,,,2,0,2
Person,Alexander Lawrence,,,,,15455,,,,,1,0,1
Song,Yolun Yarısı (Halfway Home),True,1999,Southern Gothic Rock,True,15456,,,,1999.0,2,14,16
Song,Boxed and Broken,True,2017,Indie Pop,False,15457,,,,2017.0,4,3,7
Song,Two Dollar Redemption,True,2030,Post-Apocalyptic Folk,True,15458,,,,2030.0,4,5,9
Person,Guiying Zhou,,,,,15459,,,,,2,0,2
Person,Xia Dai,,,,,15460,,,,,1,0,1
Person,Lei Hou,,,,,15461,,,,,1,0,1
Song,Clearance Rack Romance,True,2025,Synthwave,True,15462,,,,2025.0,3,8,11
Person,Qiang Fan,,,,,15463,,,,,1,0,1
Song,Discount Bottle Dreams,True,2023,Dream Pop,True,15464,,,,2023.0,5,8,13
Person,Xia Xiao,,,,,15465,,,,,1,0,1
Person,Fang Ma,,,,,15466,,,,,1,0,1
Person,Elizabeth Johnson,,,,,15467,,,,,1,0,1
Person,Tao Yu,,,,,15468,,,,,2,0,2
Song,Chromatic Memory,True,2017,Synthwave,False,15469,,,,2017.0,1,5,6
Person,Yong Yang,,,,,15470,,,,,1,0,1
Person,Wei Peng,,,,,15471,,,,,2,0,2
Song,Echoes of the 88th Key,True,1997,Psychedelic Rock,True,15472,,,,1997.0,2,4,6
Song,Baroque Fragments,False,2024,Synthwave,True,15473,,,,2024.0,2,5,7
Person,Xiuying Wan,,,,,15474,,,,,1,0,1
Album,Secrets Between Us,,2027,Post-Apocalyptic Folk,True,15475,2027,,,2027.0,2,4,6
Person,Wei Xiao,,,,,15476,,,,,1,0,1
Person,Ping Zeng,,,,,15477,,,,,3,0,3
Song,The Unspoken Truth,True,2017,Jazz Surf Rock,True,15478,,,,2017.0,2,4,6
Person,Pranay Mahajan,,,,,15479,, $AINT,,,1,0,1
Person,Jayan Chandran,,,,,15480,,,,,1,0,1
Song,Whispers in the Silence,True,2013,Oceanus Folk,True,15481,2013,,,2013.0,3,4,7
Song,Hidden in Plain Sight,True,2016,Symphonic Metal,True,15482,,,2016,2016.0,2,6,8
Person,Xia Qiu,,,,,15483,,,,,1,0,1
Person,Jing Ma,,,,,15484,,,,,1,0,1
Person,Li Ren,,,,,15485,,,,,1,0,1
Person,Qiang Du,,,,,15486,,,,,1,0,1
Person,Li Gao,,,,,15487,,,,,1,0,1
Song,Fermented Sweet Rebellion,True,2004,Americana,True,15488,2004,,,2004.0,3,6,9
Song,Lactose-Free Love Ballad,True,2015,Dream Pop,True,15489,,,2015,2015.0,3,5,8
Person,Robert Stephens,,,,,15490,,,,,1,0,1
Person,Elizabeth Brown,,,,,15491,,,,,1,0,1
Person,Angela Hernandez,,,,,15492,,,,,2,0,2
RecordLabel,Basement Vinyl,,,,,15493,,,,,0,1,1
Album,Probiotic Daydreams in Pink,,2007,Psychedelic Rock,True,15494,,,2007,2007.0,2,5,7
Person,Bradley Hamilton,,,,,15495,,,,,1,0,1
Song,Vegan Dessert Disco,True,2027,Emo/Pop Punk,True,15496,,,2027,2027.0,10,6,16
Person,Brian Mcbride,,,,,15497,,,,,1,0,1
Person,Bertrand-Robert Duval,,,,,15498,,,,,2,0,2
Person,Yan Ren,,,,,15499,,,,,2,0,2
Song,Cynical Season,True,2025,Synthwave,True,15500,2025,,,2025.0,3,7,10
Song,Bah's Lament,False,1991,Indie Folk,True,15501,,,,1991.0,1,6,7
Person,Tomoya Kato,,,,,15502,,,,,1,0,1
Song,Grumpy's Revenge,True,2028,Indie Folk,True,15503,,,,2028.0,2,6,8
Person,Chao Xue,,,,,15504,,,,,1,0,1
Person,Xiuying Zeng,,,,,15505,,,,,1,0,1
Song,The Disenchanted Carol,True,2020,Indie Folk,False,15506,,,,2020.0,1,6,7
Person,Carla Gross,,,,,15507,,,,,2,0,2
Song,Winter's Warm Memory,True,2023,Synthwave,True,15508,,,,2023.0,3,7,10
Person,Na Xie,,,,,15509,,,,,1,0,1
Person,Christopher Smith,,,,,15510,,,,,1,0,1
Person,Na Hou,,,,,15511,,,,,1,0,1
Song,Tropical Daydream in Frost,True,2024,Dream Pop,True,15512,2021,,,2024.0,5,9,14
Person,Li Deng,,,,,15513,,,,,1,0,1
Person,Xiulan Fu,,,,,15514,,,,,1,0,1
Album,Sunlight Through Snowflakes,,2010,Dream Pop,True,15515,,,2010,2010.0,1,11,12
Person,Lei Jia,,,,,15516,, DVRK,,,1,0,1
Person,Xiulan Mo,,,,,15517,,,,,1,0,1
Song,Heatwave in the Cold Month,True,2028,Desert Rock,True,15518,,,,2028.0,2,4,6
Person,Chao Zhao,,,,,15519,,,,,2,0,2
Person,Ping Wu,,,,,15520,,,,,1,0,1
Song,Sails of the Rebel Coast,True,1994,Indie Pop,True,15521,1988,,,1994.0,2,6,8
Album,Whispers from the Brigantine's Bow,,2026,Space Rock,True,15522,,,,2026.0,4,4,8
Person,Li Gong,,,,,15523,,,,,1,0,1
Song,Maritime Marauder's Lament,True,1984,Jazz Surf Rock,True,15524,1984,,1984,1984.0,1,5,6
Person,Rhonda Mcgee,,,,,15525,,,,,1,0,1
Person,Katherine Wang,,,,,15526,,,,,2,0,2
Person,Olivia Solomon,,,,,15527,,,,,1,0,1
Song,Salt-Stained Legacy,True,2010,Alternative Rock,True,15528,2010,,2010,2010.0,7,6,13
Song,Whispers of the Pale Bloom,False,2026,Dream Pop,True,15529,2026,,2026,2026.0,1,3,4
Person,Johnathan Clark,,,,,15530,,,,,1,0,1
Person,Kristi Henry,,,,,15531,,,,,2,0,2
Song,Evening's Delicate Petal,True,2026,Speed Metal,True,15532,,,,2026.0,9,9,18
Person,Anthony Adams,,,,,15533,,,,,1,0,1
Person,Daniel Campbell,,,,,15534,,,,,1,0,1
Person,Hector Jones,,,,,15535,,,,,1,0,1
Song,Moonlit Garden's Secret,True,2020,Doom Metal,True,15536,2017,,,2020.0,2,2,4
Person,Mary Frazier,,,,,15537,,,,,1,0,1
Person,Michael Farrell,,,,,15538,,,,,1,0,1
Song,"Soft Petals, Quiet Memories",True,2012,Dream Pop,True,15539,,,,2012.0,4,13,17
Album,Dawn's Promise,,2020,Jazz Surf Rock,True,15540,,,,2020.0,3,3,6
Person,Lei Gong,,,,,15541,,,,,3,0,3
Song,Hope on the Horizon,True,2020,Americana,True,15542,2020,,,2020.0,2,9,11
Person,Guiying Liang,,,,,15543,,,,,2,0,2
Person,Qiang Zeng,,,,,15544,,,,,1,0,1
Person,Jun Shi,,,,,15545,,,,,1,0,1
Person,Li Yang,,,,,15546,,,,,1,0,1
Song,Sunlight After Rain,False,2018,Dream Pop,True,15547,,,,2018.0,1,6,7
Person,Xiulan Cai,,,,,15548,,Nocturne,,,1,0,1
Person,Fang Hou,,,,,15549,,,,,1,0,1
Person,Xiulan Lin,,,,,15550,,,,,1,0,1
Person,Qiang Fang,,,,,15551,,,,,1,0,1
Song,Tomorrow's Whisper,True,2026,Dream Pop,True,15552,,,,2026.0,3,4,7
Person,Lei Gong,,,,,15553,,Cameron Fox,,,1,0,1
Person,Tao Dai,,,,,15554,,,,,1,0,1
Song,Transmutation's Whisper,False,2028,Jazz Surf Rock,True,15555,,,2028,2028.0,4,6,10
Person,Yong Liu,,,,,15556,,,,,3,0,3
Person,Laura Anderson,,,,,15557,,,,,2,0,2
Person,Min Zhou,,,,,15558,,,,,2,0,2
Song,Crucible of Secrets,True,2020,Dream Pop,True,15559,,,,2020.0,3,7,10
Person,Guiying Shao,,,,,15560,,,,,1,0,1
Person,Anica Baum,,,,,15561,,,,,2,0,2
Person,Wei Zou,,,,,15562,,,,,1,0,1
Person,Jing Lei,,,,,15563,,,,,1,0,1
Person,Lei Jiang,,,,,15564,,,,,2,0,2
Song,Spiral Staircase to Mercury,True,2026,Space Rock,True,15565,2026,,,2026.0,4,7,11
Person,Yan Zhou,,,,,15566,,,,,1,0,1
Person,Ping Long,,,,,15567,,,,,2,0,2
Person,James Munoz,,,,,15568,,,,,1,0,1
Person,Wei Cheng,,,,,15569,,,,,2,0,2
Song,Philosopher's Midnight Experiment,True,2014,Lo-Fi Electronica,True,15570,,,2014,2014.0,6,7,13
Song,The Ballad of Kristian's Heart,False,2023,Oceanus Folk,True,15571,,,,2023.0,2,5,7
Person,Jie Cheng,,,,,15572,,,,,1,0,1
Person,Juan Kang,,,,,15573,,,,,1,0,1
Song,Shadows of a Forbidden Embrace,True,2013,Indie Folk,True,15574,2013,,,2013.0,3,6,9
Person,Tao Mo,,,,,15575,,Halogen Visions,,,1,0,1
Person,Xiuying Li,,,,,15576,,,,,1,0,1
Person,Emily Sullivan,,,,,15577,,,,,1,0,1
Song,Nordic Passions Unfolding,True,1987,Indie Pop,True,15578,,,,1987.0,2,6,8
Song,Excess's Embrace,True,2030,Dream Pop,True,15579,,,,2030.0,3,7,10
Person,Hugo Pareto,,,,,15580,,,,,1,0,1
Person,Ludovica Tamborini-Paolucci,,,,,15581,,,,,1,0,1
Song,Drowning in Abundance,False,2000,Jazz Surf Rock,True,15582,,,,2000.0,6,6,12
Person,Monika Bochnia,,,,,15583,,,,,1,0,1
Song,The Saturation Point,True,2029,Dream Pop,True,15584,2029,,,2029.0,3,9,12
Person,Xiulan Du,,,,,15585,,,,,1,0,1
Person,Li Zhu,,,,,15586,,,,,1,0,1
Person,Na Xue,,,,,15587,,,,,1,0,1
Person,Chao Jia,,,,,15588,,,,,1,0,1
Person,Li Gong,,,,,15589,,,,,1,0,1
Song,Beyond Moderation,True,2027,Indie Rock,False,15590,,,,2027.0,9,6,15
Song,Whispers of Falling,True,2027,Americana,True,15591,2024,,2027,2027.0,3,5,8
Person,Costantino Ramazzotti,,,,,15592,,,,,1,0,1
Person,Lara Filippelli,,,,,15593,,,,,2,0,2
Song,Crimson Descent,True,2017,Dream Pop,True,15594,,,,2017.0,1,7,8
Person,Shelby Campbell,,,,,15595,, Haven,,,1,0,1
Person,Miss Brandi Torres,,,,,15596,,,,,1,0,1
Person,Kenneth Lee,,,,,15597,,,,,1,0,1
Person,Amanda Brown,,,,,15598,,,,,1,0,1
Person,Xiuying Xie,,,,,15599,,,,,1,0,1
Song,Ephemeral Branching,True,2023,Americana,True,15600,,,,2023.0,3,2,5
Person,Jacob Gallagher,,,,,15601,,,,,1,0,1
Person,Anthony Larson,,,,,15602,,,,,1,0,1
Song,Windswept Memories,True,2020,Alternative Rock,True,15603,,,,2020.0,2,3,5
Person,Terry Olson,,,,,15604,,,,,3,0,3
Album,Quiet Surrender,,2010,Doom Metal,True,15605,2010,,2010,2010.0,2,5,7
Person,Daniela Scholtz,,,,,15606,,,,,1,0,1
Song,The Weight of Letting Go,True,2010,Alternative Rock,True,15607,,,,2010.0,3,6,9
Person,Paul Johnson,,,,,15608,,,,,1,0,1
Song,Pale White Acceptance,True,2008,Southern Gothic Rock,True,15609,,,,2008.0,1,6,7
Person,Yui Ito,,,,,15610,,,,,1,0,1
RecordLabel,Mercantile Wavelength Records,,,,,15611,,,,,0,1,1
Album,Folding Under Silence,,2025,Desert Rock,True,15612,,,,2025.0,2,5,7
Person,Gang Cao,,,,,15613,,,,,1,0,1
Person,Tao Mo,,,,,15614,,,,,1,0,1
Person,Xiulan Ma,,,,,15615,,,,,2,0,2
Song,Silent Aftermath,True,2026,Desert Rock,True,15616,,,,2026.0,3,7,10
Person,Yong Jia,,,,,15617,,,,,1,0,1
Person,Lei Peng,,,,,15618,,,,,1,0,1
Person,Juan Shi,,,,,15619,,,,,2,0,2
Person,Fang Fu,,,,,15620,,,,,2,0,2
Song,Chapters Unwritten,True,2004,Indie Folk,True,15621,,,,2004.0,3,4,7
Song,Whispers of Finality,False,1997,Doom Metal,True,15622,,,,1997.0,2,151,153
Person,Lisa Evans,,,,,15623,,,,,1,0,1
Person,Brittany Meyers,,,,,15624,,,,,1,0,1
Person,Kristina Willis,,,,,15625,,,,,1,0,1
Person,Corey Moody,,,,,15626,,,,,1,0,1
Person,Peter Huff,,,,,15627,,,,,2,0,2
Person,Thomas Kelly,,,,,15628,,,,,1,0,1
Person,Susan Richardson,,,,,15629,,,,,1,0,1
Song,Beyond the Resolution,True,2023,Desert Rock,True,15630,2023,,,2023.0,3,1,4
Person,Susan Jones,,,,,15631,,,,,1,0,1
Song,It'll Pass,True,2029,Dream Pop,True,15632,,,,2029.0,6,4,10
Song,Calm in the Chaos,True,2007,Alternative Rock,True,15633,2007,,,2007.0,2,9,11
Song,Lighter Than Fear,True,2022,Psychedelic Rock,True,15634,2022,,,2022.0,3,18,21
Person,Ashley Myers,,,,,15635,,,,,2,0,2
Person,Robert Gray,,,,,15636,,,,,1,0,1
Person,Joshua Rodriguez,,,,,15637,,,,,1,0,1
Person,Aaron Anderson,,,,,15638,,,,,1,0,1
Person,David Benson,,,,,15639,,,,,2,0,2
Person,Curtis Jones,,,,,15640,,,,,1,0,1
Person,William Dominguez,,,,,15641,,,,,1,0,1
Song,Breathe Through the Storm,True,2013,Dream Pop,True,15642,2013,,,2013.0,4,6,10
Song,Steppe of My Soul,False,2016,Southern Gothic Rock,True,15643,2016,,,2016.0,2,8,10
Person,Natasza Sygut,,,,,15644,,,,,2,0,2
Song,Winds of the Kazakh Plains,True,2023,Alternative Rock,True,15645,2023,,,2023.0,4,4,8
Song,Motherland's Golden Horizon,False,2010,Oceanus Folk,True,15646,,,,2010.0,2,5,7
Person,Gang Zeng,,,,,15647,,Nightshade Paradox,,,1,0,1
Person,Min Ding,,,,,15648,,,,,2,0,2
Song,Echoes of Almaty,False,2026,Doom Metal,True,15649,,,,2026.0,3,3,6
Person,Richard Mathieu de Perrin,,,,,15650,,,,,2,0,2
Person,Lucas Lenoir du Colin,,,,,15651,,,,,1,0,1
Song,Whispers Behind Your Back,True,2000,Indie Folk,True,15652,,,,2000.0,3,6,9
Person,Bruce Young,,,,,15653,,,,,1,0,1
Song,Rumors Spread Like Wildfire,False,2020,Oceanus Folk,True,15654,,,,2020.0,2,3,5
Person,Jing Feng,,,,,15655,,,,,3,0,3
Song,Secrets Spilled at Midnight,True,2024,Dream Pop,True,15656,,,,2024.0,1,4,5
Person,Anna Maria Michel,,,,,15657,,,,,1,0,1
Song,The Truth Between the Lines,True,2016,Synthwave,True,15658,,,,2016.0,1,4,5
Person,Deanna Williams,,,,,15659,,,,,1,0,1
Person,Gabriel Silva,,,,,15660,,,,,1,0,1
Person,Joel Miller,,,,,15661,,,,,1,0,1
Song,Whispers of a Heartache,True,2026,Dream Pop,True,15662,,,,2026.0,2,9,11
Person,Jie Feng,,,,,15663,,,,,1,0,1
Person,Gang He,,,,,15664,,,,,1,0,1
Person,Juan Lai,,,,,15665,,,,,2,0,2
Person,Na Zhu,,,,,15666,,,,,1,0,1
Person,Jie Yao,,,,,15667,,,,,1,0,1
Person,Juan Zhou,,,,,15668,,,,,1,0,1
Song,Echoes of Unspoken Love,True,2017,Americana,True,15669,,,,2017.0,1,6,7
Person,Valerie Miller,,,,,15670,,,,,1,0,1
Person,Xiulan Liang,,,,,15671,,,,,3,0,3
Person,Deanna Hines,,,,,15672,,,,,2,0,2
Song,Tears Between the Silences,True,2017,Darkwave,True,15673,,,,2017.0,1,5,6
Song,Longing's Gentle Embrace,False,2027,Indie Rock,True,15674,,,2027,2027.0,3,13,16
Person,Ryan Carter,,,,,15675,,,,,1,0,1
Person,Melissa Smith,,,,,15676,,,,,1,0,1
Person,Kristen Carlson,,,,,15677,,,,,1,0,1
Person,Timothy Watson,,,,,15678,,,,,1,0,1
Person,Jessica Brown,,,,,15679,,,,,1,0,1
Person,Jose Morse,,,,,15680,,,,,1,0,1
Person,Chelsea Young,,,,,15681,,,,,1,0,1
Person,Dana Patterson,,,,,15682,,,,,1,0,1
Person,Amy Ramos,,,,,15683,,,,,1,0,1
Person,Allen Smith,,,,,15684,,,,,1,0,1
Person,Jasmine Nichols,,,,,15685,,,,,1,0,1
Person,Garrett Dixon,,,,,15686,,,,,1,0,1
Song,Whispers in C Minor: A Conversation Between Strings,True,2009,Lo-Fi Electronica,True,15687,,,,2009.0,3,4,7
Song,Shadows of the Quartet: Intimate Echoes,True,2014,Avant-Garde Folk,True,15688,,,,2014.0,5,2,7
Person,Jeffery Reese,,,,,15689,,,,,2,0,2
Song,Nocturnal Harmonies: Four Voices Intertwined,False,2029,Psychedelic Rock,True,15690,,,,2029.0,4,10,14
Person,Shannon Bennett,,,,,15691,, Demi Lane,,,1,0,1
Person,Juan Zhong,,,,,15692,,,,,1,0,1
Person,Wei Tian,,,,,15693,,,,,1,0,1
Person,Min Bai,,,,,15694,,,,,1,0,1
Person,Juan Cheng,,,,,15695,,,,,1,0,1
Person,Tao Fu,,,,,15696,,,,,2,0,2
Person,Yong Zheng,,,,,15697,,,,,2,0,2
Person,Na Kong,,,,,15698,,,,,1,0,1
Song,Chamber of Secrets: A Musical Dialogue,False,2026,Indie Folk,True,15699,2026,,2026,2026.0,3,8,11
Person,Ping Qiu,,,,,15700,,,,,1,0,1
Person,Juan Duan,,,,,15701,,,,,2,0,2
Song,Mirrors of Deception,True,1985,Speed Metal,True,15702,,,,1985.0,2,10,12
Album,Phantom Reflections,,2010,Indie Folk,False,15703,,,,2010.0,3,10,13
Person,Olga Kalinka,,,,,15704,,,,,1,0,1
Album,Smoke and Shadows,,2010,Lo-Fi Electronica,True,15705,,,,2010.0,3,3,6
Person,Joseph Wright,,,,,15706,,,,,1,0,1
Person,Min Long,,,,,15707,,,,,2,0,2
Album,The Unreal Parade,,2020,Indie Rock,False,15708,,,,2020.0,1,3,4
Song,The Water Diviner's Melody,True,2023,Americana,True,15709,,,,2023.0,2,3,5
Person,Akemi Suzuki,,,,,15710,,,,,2,0,2
Person,Kenichi Suzuki,,,,,15711,,,,,1,0,1
RecordLabel,Zandvoort Records,,,,,15712,,,,,0,1,1
Song,Whispers from the Hidden Spring,True,2023,Americana,True,15713,,,,2023.0,3,4,7
Person,Yan Mo,,,,,15714,,,,,1,0,1
Song,Echoes of the Forgotten Stream,True,1993,Southern Gothic Rock,True,15715,1993,,,1993.0,3,7,10
Song,Ripples of Intuition,False,2027,Jazz Surf Rock,True,15716,2027,,2027,2027.0,3,6,9
Person,Xiuying Jin,,,,,15717,, $ERPENT,,,1,0,1
Person,Jing Song,,,,,15718,,,,,1,0,1
Person,Wei Gu,,,,,15719,,,,,1,0,1
Person,Ming Shao,,,,,15720,,,,,1,0,1
Person,Xiuying Qian,,,,,15721,,,,,2,0,2
Song,Unexpected Landing,False,2011,Lo-Fi Electronica,True,15722,2011,,2011,2011.0,3,6,9
Song,Collision Course,True,2023,Desert Rock,True,15723,2023,,,2023.0,2,4,6
Person,Anthony Peters,,,,,15724,,Neon Cascade,,,1,0,1
Person,Li Long,,,,,15725,,,,,1,0,1
Person,Qiang Cao,,,,,15726,,,,,1,0,1
Person,Joshua Harris,,,,,15727,,,,,1,0,1
Song,Unintended Surrender,True,2003,Psychedelic Rock,True,15728,,,,2003.0,3,5,8
Person,Joseph Villa,,,,,15729,,,,,1,0,1
Person,Leah Moore,,,,,15730,,,,,1,0,1
Person,Diane Anderson,,,,,15731,,,,,1,0,1
Album,"Whispers, Waltzes, Warmth",,2029,Space Rock,True,15732,,,,2029.0,2,4,6
Person,Fang Qiu,,,,,15733,,,,,1,0,1
Song,"One Moment, One Movement, One Embrace",True,1997,Alternative Rock,True,15734,,,,1997.0,2,10,12
Song,"Stolen Glances, Spinning Hearts",True,2023,Dream Pop,True,15735,2023,,,2023.0,2,6,8
Person,Nadia Mazzanti,,,,,15736,,,,,1,0,1
Person,Gioffre Garobbio,,,,,15737,,,,,1,0,1
Song,Rhythm of Unspoken Desire,True,2013,Synthwave,True,15738,2010,,,2013.0,1,5,6
Person,Chao Qin,,,,,15739,,,,,1,0,1
Person,Ping Hu,,,,,15740,,,,,2,0,2
Album,Surrender's Echo,,2025,Dream Pop,True,15741,,,2025,2025.0,4,7,11
Person,Brittany Oliver,,,,,15742,,,,,1,0,1
Person,Bernardita Marisol Marqués Sosa,,,,,15743,,,,,1,0,1
Song,Broken Again,True,2014,Indie Pop,True,15744,2014,,,2014.0,9,6,15
Album,Defeat's Refrain,,2018,Southern Gothic Rock,True,15745,2018,,,2018.0,4,7,11
Person,Natasha Mcdaniel,,,,,15746,,,,,3,0,3
Person,Henry Scott,,,,,15747,,,,,2,0,2
Song,Falling Endlessly,True,2013,Synthwave,True,15748,2013,,,2013.0,2,4,6
Person,Ping Zhong,,,,,15749,,,,,2,0,2
Person,Juan Zhang,,,,,15750,,,,,1,0,1
Person,Yang Yu,,,,,15751,,,,,1,0,1
Song,Who Do You Think You Are?,True,2023,Indie Folk,True,15752,2023,,,2023.0,5,7,12
Person,Wei Qiao,,,,,15753,,,,,1,0,1
Song,Identity Crisis,True,2021,Indie Folk,True,15754,,,2021,2021.0,2,13,15
Person,Clayton Harper,,,,,15755,,Astral Liturgy,,,1,0,1
Person,Emily Black,,,,,15756,,,,,2,0,2
Person,Xiuying Yuan,,,,,15757,,,,,2,0,2
Person,Li Luo,,,,,15758,,,,,2,0,2
Song,Undefined,True,2007,Blues Rock,True,15759,,,,2007.0,3,3,6
Album,Existential Riddle,,2026,Synthwave,True,15760,2026,,,2026.0,7,6,13
Person,Wei Fu,,,,,15761,,,,,1,0,1
Song,Cobblestone Chronicles,False,2023,Americana,True,15762,,,2023,2023.0,3,6,9
Person,Calvin Quinn,,,,,15763,,,,,1,0,1
Person,Bobby Walters,,,,,15764,,,,,1,0,1
Person,Laurie Rodriguez,,,,,15765,,,,,1,0,1
Song,Union Jack Heart,True,2004,Indie Folk,True,15766,2004,,2004,2004.0,1,5,6
Person,Jennifer Collins,,,,,15767,,,,,2,0,2
Person,Christopher Davis,,,,,15768,,,,,3,0,3
Song,Sovereign Soil,True,2000,Indie Pop,True,15769,,,,2000.0,3,4,7
Person,Yolanda Roy,,,,,15770,, M¥$TIC,,,1,0,1
Song,Tea and Rebellion,False,2018,Indie Rock,True,15771,2018,,2018,2018.0,5,6,11
Album,Meadow's Gentle Harvest,,2013,Synthwave,True,15772,,,2013,2013.0,5,7,12
Person,Guiying Lai,,,,,15773,,,,,2,0,2
Person,Yan Bai,,,,,15774,,,,,1,0,1
Song,Wildflower Whispers,True,2020,Lo-Fi Electronica,True,15775,,,,2020.0,8,5,13
Song,Hands of Fragrant Memory,False,2024,Synthwave,True,15776,,,2024,2024.0,2,6,8
Person,Juan Du,,,,,15777,,,,,1,0,1
Person,Guiying Tang,,,,,15778,,,,,2,0,2
Song,Whisper Your Truth,False,2027,Dream Pop,True,15779,2027,,,2027.0,3,5,8
Person,Ming Wei,,,,,15780,,,,,1,0,1
Person,Brandi Bates,,,,,15781,,,,,2,0,2
Person,Yan Lei,,,,,15782,,,,,1,0,1
Song,Unspoken Words,True,2029,Space Rock,True,15783,2029,,,2029.0,6,6,12
Person,Carolyn Ramos,,,,,15784,,,,,2,0,2
Person,Robert Mathis,,,,,15785,,,,,1,0,1
Person,Geraldo Moreno-Bravo,,,,,15786,,,,,1,0,1
Person,Tammy Camacho,,,,,15787,,,,,1,0,1
Person,Marcia Florencia Carmona Cuéllar,,,,,15788,,,,,1,0,1
Song,Speak Between The Lines,True,2025,Southern Gothic Rock,True,15789,2025,,,2025.0,3,4,7
Person,Ronald Esparza,,,,,15790,,,,,1,0,1
Song,Tell Me Everything,False,2018,Dream Pop,True,15791,,,,2018.0,1,7,8
Person,Yang Long,,,,,15792,,,,,1,0,1
Song,Masculine Lullaby,True,2017,Indie Folk,True,15793,,,2017,2017.0,4,6,10
Person,Ming Shen,,,,,15794,,,,,3,0,3
Person,Na Mao,,,,,15795,,,,,1,0,1
Person,Wei Jia,,,,,15796,,,,,1,0,1
Song,Wishes Wrapped in Blue,True,2023,Synthwave,True,15797,,,,2023.0,2,4,6
Person,Chao Liu,,,,,15798,,,,,1,0,1
Song,If You Were My Son,True,2026,Dream Pop,True,15799,2026,,,2026.0,3,3,6
Person,Fang Zou,,,,,15800,,,,,1,0,1
Person,Juan Sun,,,,,15801,,,,,1,0,1
Person,Yang Zhou,,,,,15802,,,,,1,0,1
RecordLabel,Kyläfonen,,,,,15803,,,,,0,1,1
Song,Daughter's Unspoken Transformation,True,2000,Dream Pop,True,15804,2000,,2007,2000.0,3,3,6
Song,Peaks of Passion,True,2028,Dream Pop,True,15805,,,,2028.0,6,15,21
Person,Aleksandar Kohl,,,,,15806,,,,,2,0,2
Album,Climbing Heart's Summit,,2020,Indie Pop,True,15807,2020,,,2020.0,4,5,9
Person,Cathy Oconnor,,,,,15808,,,,,1,0,1
Person,Timothy Robinson,,,,,15809,,,,,1,0,1
Person,Isabel Wilson,,,,,15810,,,,,1,0,1
Person,Magnus Speer,,,,,15811,,,,,1,0,1
Song,Elevation of Desire,True,2023,Oceanus Folk,True,15812,,,,2023.0,4,3,7
Person,Miss Erin Dean,,,,,15813,, Cosmic Ray,,,1,0,1
Person,Stephanie Benjamin,,,,,15814,,,,,1,0,1
Person,Michaela Brooks,,,,,15815,,,,,1,0,1
RecordLabel,Threadspin,,,,,15816,,,,,0,1,1
Song,Ridges of Romance,True,2024,Americana,True,15817,,,2024,2024.0,12,3,15
Song,Chrysalis Dreams,True,1981,Alternative Rock,True,15818,,,,1981.0,2,8,10
Person,Jacob Hunter,,,,,15819,,,,,1,0,1
Song,Wing Whispers,True,2004,Indie Pop,True,15820,2004,,,2004.0,2,8,10
Person,David Cannon,,,,,15821,,,,,1,0,1
Person,Rachel Carroll,,,,,15822,,,,,1,0,1
Person,Kayla Holmes,,,,,15823,,,,,1,0,1
Person,Timothy Moore,,,,,15824,,,,,2,0,2
Song,Nectar's Dance,True,2000,Alternative Rock,True,15825,,,,2000.0,4,3,7
Album,Metamorphosis Melody,,2010,Alternative Rock,True,15826,2010,,2010,2010.0,3,6,9
Person,Ermanno Rosiello,,,,,15827,,,,,1,0,1
Person,Jacob Richards,,,,,15828,,,,,1,0,1
Person,Giorgia Norbiato,,,,,15829,,,,,1,0,1
Person,Tara Timmermans,,,,,15830,,,,,1,0,1
Song,Pulse of the Street,True,2028,Lo-Fi Electronica,True,15831,,,,2028.0,3,3,6
Person,Jie Guo,,,,,15832,,,,,1,0,1
Song,Heartbeat Highway,True,1991,Indie Rock,True,15833,,,,1991.0,2,4,6
Person,Erica Chandler,,,,,15834,,,,,1,0,1
Person,Summer Mahoney,,,,,15835,,,,,1,0,1
Person,Sheena Lane,,,,,15836,,,,,1,0,1
Person,Jonathan Barker,,,,,15837,,,,,1,0,1
Song,Groove Global,True,2014,Avant-Garde Folk,True,15838,,,,2014.0,4,13,17
Song,She's Not The Same Anymore,True,2017,Doom Metal,True,15839,2017,,,2017.0,2,7,9
Person,Adrianna Kurc,,,,,15840,,,,,1,0,1
Song,Transformed Tonight,False,2019,Dream Pop,True,15841,,,2029,2019.0,4,7,11
Person,Jacob Grimes,,,,,15842,,,,,1,0,1
Song,Unexpected Change,True,2023,Alternative Rock,True,15843,,,,2023.0,2,3,5
Song,Different Kind of Woman,True,2017,Americana,True,15844,,,,2017.0,3,5,8
Person,Qiang Chang,,,,,15845,,,,,1,0,1
Person,Jessica Lewis,,,,,15846,,,,,1,0,1
Album,The Art of Loneliness,,2010,Avant-Garde Folk,True,15847,2010,,,2010.0,3,10,13
Song,"Alone, Together",True,2015,Indie Pop,True,15848,,,2015,2015.0,3,3,6
Person,Aaron Jones,,,,,15849,,,,,1,0,1
Person,William Navarro,,,,,15850,,,,,2,0,2
Song,Whispers in the Locket,True,2026,Indie Folk,True,15851,,,,2026.0,4,7,11
Person,Puccio Farnese,,,,,15852,,,,,1,0,1
Person,Nico Casalodi,,,,,15853,,,,,1,0,1
Person,Lucia Ceci,,,,,15854,,,,,1,0,1
Song,Sacred Fragments,True,2003,Synthwave,True,15855,,,2003,2003.0,2,11,13
Person,Ming Zhou,,,,,15856,,,,,1,0,1
Song,The Forgotten Shrine,True,2028,Dream Pop,True,15857,,,,2028.0,3,16,19
Person,Yang Tang,,,,,15858,, Shadow,,,1,0,1
Person,Xia Qian,,,,,15859,,,,,1,0,1
Person,Tao Liao,,,,,15860,,,,,1,0,1
Person,Fang Kang,,,,,15861,,,,,1,0,1
Person,Juan Ren,,,,,15862,,,,,1,0,1
Person,Jun Wen,,,,,15863,,,,,1,0,1
Person,Yong Zou,,,,,15864,,,,,1,0,1
Person,Jie Qiao,,,,,15865,,,,,1,0,1
Person,Guiying Zhong,,,,,15866,,,,,1,0,1
Person,Timothy Scott,,,,,15867,,,,,1,0,1
Person,Min Jiang,,,,,15868,,,,,1,0,1
Person,Xia Yin,,,,,15869,,,,,1,0,1
Person,Min Xiang,,,,,15870,,,,,1,0,1
Person,Jing He,,,,,15871,,,,,1,0,1
Person,Na Feng,,,,,15872,,,,,1,0,1
Person,Jing Tan,,,,,15873,,,,,1,0,1
Album,Memories Behind Glass,,2007,Speed Metal,True,15874,2007,,,2007.0,3,7,10
Person,Piermaria Bevilacqua-Altera,,,,,15875,,,,,1,0,1
Person,Lando Bulzoni,,,,,15876,,,,,1,0,1
Song,Psychoanalytic Desire,False,1975,Synthwave,True,15877,1975,,,1975.0,1,7,8
Person,Ming Xie,,,,,15878,,,,,2,0,2
Person,Wei Su,,,,,15879,,,,,1,0,1
Person,Jun Peng,,,,,15880,,,,,1,0,1
Song,Nietzsche's Muse,True,2016,Synthwave,True,15881,,,,2016.0,4,8,12
Person,Tao Du,,,,,15882,,,,,2,0,2
Person,Debra Curry,,,,,15883,,,,,1,0,1
Person,Lei Mao,,,,,15884,,,,,1,0,1
Song,Intimate Rebellion,True,1995,Dream Pop,False,15885,,,,1995.0,2,6,8
Song,Intellectual Passion,True,2025,Desert Rock,True,15886,,,,2025.0,2,8,10
Person,Chao Yao,,,,,15887,,,,,2,0,2
Person,Fang Shen,,,,,15888,,,,,1,0,1
Song,Whispers in Shadows,True,2023,Psychedelic Rock,True,15889,,,,2023.0,3,7,10
Album,The Liminal Space,,2026,Space Rock,True,15890,,,,2026.0,3,9,12
Person,Matthew Scott,,,,,15891,,,,,1,0,1
Person,Melissa Keller,,,,,15892,,,,,1,0,1
Person,Christopher Flores,,,,,15893,,,,,1,0,1
Song,Ethereal Threshold,True,2014,Indie Pop,True,15894,,,2014,2014.0,4,11,15
Person,Sandra Majak,,,,,15895,,,,,1,0,1
Song,Whispers Unsaid,True,1994,Alternative Rock,True,15896,,,1994,1994.0,3,3,6
Person,Ryan Murphy,,,,,15897,,,,,2,0,2
Person,Ruben Green,,,,,15898,,,,,1,0,1
Song,Speak Between Lines,True,2010,Indie Folk,True,15899,,,2010,2010.0,2,8,10
Person,Chad Gonzales,,,,,15900,,,,,1,0,1
Person,Monica Brown,,,,,15901,,,,,1,0,1
Person,Austin Perez,,,,,15902,,,,,2,0,2
Song,Unspoken Messages,True,2008,Dream Pop,True,15903,,,,2008.0,3,7,10
Person,Wei Zeng,,,,,15904,,,,,1,0,1
Person,Xiuying Meng,,,,,15905,,,,,2,0,2
Person,Guiying Ding,,,,,15906,,,,,1,0,1
Person,Yang Yi,,,,,15907,,,,,1,0,1
Person,Yang Zhong,,,,,15908,,,,,1,0,1
Album,Silent Confessions,,2015,Southern Gothic Rock,True,15909,,,,2015.0,3,3,6
Person,Maks Grębowiec,,,,,15910,,,,,2,0,2
Song,Midnight in the Dormitory,True,2023,Symphonic Metal,True,15911,2023,,,2023.0,2,4,6
Person,Claus-Dieter Werner-Haering,,,,,15912,,,,,1,0,1
Song,Secrets of the Sixth Form,True,2025,Americana,True,15913,,,2025,2025.0,4,10,14
Person,Min Dai,,,,,15914,,,,,1,0,1
Person,Chao Zhong,,,,,15915,,,,,2,0,2
Person,Gang Jia,,,,,15916,,,,,1,0,1
Person,Na Qiao,,,,,15917,,,,,1,0,1
Person,Chao Zhang,,,,,15918,,,,,1,0,1
Person,Na Cai,,,,,15919,,,,,2,0,2
Album,Lessons Beyond the Classroom,,1997,Dream Pop,True,15920,,,,1997.0,3,4,7
Person,Fang Mao,,,,,15921,,,,,1,0,1
Person,Amy Barnes,,,,,15922,,,,,1,0,1
Person,Ming Duan,,,,,15923,,,,,1,0,1
Person,Xia Jin,,,,,15924,,,,,1,0,1
Song,Blyton's Girls,False,2023,Americana,True,15925,,,,2023.0,3,7,10
Album,Coastal Whispers of Morocco,,2027,Synthwave,True,15926,,,,2027.0,3,1,4
Person,Nicholas Johnson,,,,,15927,,,,,1,0,1
Song,Tremors of '60 (referencing the 1960 Agadir earthquake),True,2001,Alternative Rock,True,15928,2001,,,2001.0,2,11,13
Person,Stefani Magrassi,,,,,15929,,Hollow Skyline,,,1,0,1
Person,Andrea Meyer,,,,,15930,,Neon Reverberation,,,2,0,2
Person,Alina Leblanc,,,,,15931,,,,,1,0,1
Person,Raymond de la Lebrun,,,,,15932,,,,,1,0,1
Person,Herr Henry Grein Groth,,,,,15933,,,,,1,0,1
Person,Raffaele Cantimori-Nicolini,,,,,15934,,,,,2,0,2
Person,Constance Meyer,,,,,15935,,,,,1,0,1
Album,Berber Sands and Southern Light,,2029,Southern Gothic Rock,True,15936,,,,2029.0,4,4,8
Album,Atlantic Winds of Agadir,,2027,Dream Pop,True,15937,,,,2027.0,5,7,12
Person,Yang Zou,,,,,15938,, Lola Fox,,,1,0,1
Person,Gang Kong,,,,,15939,, FVRE,,,1,0,1
Person,Gang Lin,,,,,15940,,,,,1,0,1
Person,Jie Shao,,,,,15941,,,,,1,0,1
Person,Na Peng,,,,,15942,,,,,1,0,1
Person,Min Yu,,,,,15943,,,,,2,0,2
Song,Just Beyond Your Reach,True,2027,Psychedelic Rock,True,15944,,,,2027.0,4,7,11
Person,Tao Kang,,,,,15945,,,,,1,0,1
Person,Yang Ye,,,,,15946,,,,,1,0,1
Person,Wei Xiang,,,,,15947,,,,,1,0,1
Person,Ping Chang,,,,,15948,,,,,1,0,1
Person,Jennifer Meadows,,,,,15949,,,,,1,0,1
Song,Whispers of Proximity,True,2023,Psychedelic Rock,True,15950,,,,2023.0,2,5,7
Person,Min Qiu,,,,,15951,,,,,2,0,2
Person,Qiang Cui,,,,,15952,,,,,1,0,1
Person,Gang Yi,,,,,15953,,,,,1,0,1
Song,Inches Apart,True,2023,Oceanus Folk,True,15954,,,2023,2023.0,5,8,13
Person,Tao Xiong,,,,,15955,,,,,1,0,1
Person,Min Xiong,,,,,15956,,,,,2,0,2
Album,The Space Between Us,,2010,Southern Gothic Rock,True,15957,,,,2010.0,3,6,9
Person,Grzegorz Rorat,,,,,15958,,Grzegorz,,,2,0,2
Album,Keyboard Echoes at Twilight,,2007,Blues Rock,True,15959,,,,2007.0,2,5,7
Person,Paul Harrell,,,,,15960,,,,,1,0,1
Person,Mannat Chopra,,,,,15961,,,,,1,0,1
Song,Harmonic Fragments of Memory,True,2023,Symphonic Metal,True,15962,2023,,2023,2023.0,2,3,5
Person,Matthew Tran,,,,,15963,,,,,2,0,2
Song,Counterpoint of Silence,True,2017,Avant-Garde Folk,True,15964,2017,,,2017.0,1,9,10
Person,Qiang Wang,,,,,15965,,,,,2,0,2
Song,Damn Straight,True,2016,Southern Gothic Rock,True,15966,,,,2016.0,2,4,6
Person,Iwo Zbrzeźniak,,,,,15967,,,,,1,0,1
Person,Patrick Geisler,,,,,15968,,,,,2,0,2
RecordLabel,Horizont na Stráni,,,,,15969,,,,,0,1,1
Song,Loud and Proud,True,2017,Southern Gothic Rock,True,15970,2017,,,2017.0,2,4,6
Song,Celestial Descent,True,2013,Indie Rock,True,15971,2013,,,2013.0,2,9,11
Person,Herr Ilhan Mülichen,,,,,15972,,,,,1,0,1
Song,When Angels Breathe,True,2023,Oceanus Folk,True,15973,,,,2023.0,3,6,9
Person,Rachel Rios,,,,,15974,,,,,1,0,1
Person,Tammie Johnson,,,,,15975,,,,,1,0,1
Person,Xia Shen,,,,,15976,,,,,1,0,1
Person,Gang Ding,,,,,15977,,,,,1,0,1
Album,Skyward Whispers,,2022,Dream Pop,True,15978,,,,2022.0,3,8,11
Person,Jill Conley,,,,,15979,,,,,2,0,2
Song,Vanished Without a Trace,True,2004,Indie Pop,True,15980,,,,2004.0,1,3,4
Song,Memories in the Rearview,True,2029,Jazz Surf Rock,True,15981,,,,2029.0,5,4,9
Person,Angel Mccullough,,,,,15982,,,,,1,0,1
Album,Letting Go of Yesterday,,1997,Avant-Garde Folk,True,15983,1997,,,1997.0,2,8,10
Song,Muscle Marathon,True,2024,Doom Metal,True,15984,,,2024,2024.0,4,8,12
Person,Yan Yuan,,,,,15985,,,,,1,0,1
Song,Sweat Equity,True,2004,Indie Pop,True,15986,2004,,,2004.0,5,5,10
Person,Kaitlyn Brown,,,,,15987,,,,,1,0,1
Person,Dustin Smith,,,,,15988,,,,,2,0,2
Album,Reps and Rhythm,,2028,Symphonic Metal,True,15989,,,,2028.0,3,4,7
Person,Debra Wolfe,,,,,15990,,,,,1,0,1
Song,Iron Will,True,2000,Americana,True,15991,2000,,,2000.0,3,3,6
Person,Ethan Wiley,,,,,15992,,,,,2,0,2
Person,Sarah Anderson,,,,,15993,,,,,1,0,1
Song,Mercy's Infinite Echo,True,2007,Oceanus Folk,True,15994,2007,,,2007.0,2,8,10
Album,Pardoning Wilderness,,2020,Dream Pop,True,15995,,,,2020.0,2,8,10
Person,Cesar Mcpherson,,,,,15996,,,,,1,0,1
Person,Amy Frazier,,,,,15997,,,,,1,0,1
Song,Compassion Beyond Measure,True,2028,Alternative Rock,True,15998,,,,2028.0,1,9,10
Person,Gang Du,,,,,15999,,,,,1,0,1
Person,Xiulan Li,,,,,16000,,,,,1,0,1
Song,The Unbound Forgiver,True,1996,Dream Pop,True,16001,,,,1996.0,2,4,6
Person,Michael Hartman,,,,,16002,,,,,4,0,4
Person,Steven Fox,,,,,16003,,,,,2,0,2
Song,The Royal Physician's Gambit,True,2012,Alternative Rock,True,16004,,,,2012.0,2,5,7
Person,Ben le Gallen,,,,,16005,,,,,1,0,1
Person,Brandon Trujillo,,,,,16006,,,,,1,0,1
Song,Enlightenment's Whisper,True,2029,Alternative Rock,True,16007,2029,,2029,2029.0,3,7,10
Person,Yong Cai,,,,,16008,,Veridian,,,2,0,2
Person,Chao Xia,,,,,16009,,,,,1,0,1
Person,Kelly Dickson,,,,,16010,,,,,1,0,1
Person,Li Fan,,,,,16011,,,,,1,0,1
Person,Jun Sun,,,,,16012,,,,,1,0,1
Person,Jing Guo,,,,,16013,,,,,1,0,1
Song,Copenhagen's Forbidden Affair,True,2007,Doom Metal,True,16014,,,2007,2007.0,3,6,9
Person,Jacob Mcmahon,,,,,16015,,,,,1,0,1
Song,Revolutions of the Heart,True,2020,Indie Folk,True,16016,,,,2020.0,2,5,7
Song,Chamber of Resonant Shadows,True,2013,Indie Rock,True,16017,2007,,,2013.0,1,7,8
Person,Xiulan Zhong,,,,,16018,,,,,1,0,1
Song,"Ephemeral Strings, Eternal Echoes",True,1997,Doom Metal,True,16019,,,,1997.0,2,11,13
Person,Gang Liang,,,,,16020,,Orionis,,,1,0,1
Person,Ming Liao,,,,,16021,,,,,1,0,1
Person,Fang Wan,,,,,16022,,,,,1,0,1
Person,Jie Tan,,,,,16023,,,,,1,0,1
Person,Yan Ding,,,,,16024,,,,,1,0,1
Person,Jun Su,,,,,16025,,,,,2,0,2
Song,Quartetto Luminoso,True,2013,Doom Metal,True,16026,,,2013,2013.0,1,5,6
Person,Jocelyn Davis,,,,,16027,,,,,2,0,2
Person,Christopher Whitaker,,,,,16028,,,,,1,0,1
Person,Cheryl Gibson,,,,,16029,,,,,1,0,1
Song,Negotiated Hearts,False,2004,Doom Metal,True,16030,2004,,,2004.0,2,7,9
Person,Simone Säuberlich,,,,,16031,,,,,3,0,3
Person,Gary Stephens,,,,,16032,,,,,2,0,2
Person,Nick Kensy,,,,,16033,,,,,1,0,1
Song,Halfway Between Us,True,2000,Southern Gothic Rock,True,16034,,,,2000.0,1,6,7
Song,Divided We Stand,True,2004,Avant-Garde Folk,True,16035,2004,,,2004.0,3,13,16
Song,The Middle Ground,True,2005,Alternative Rock,True,16036,,,,2005.0,1,4,5
Person,Antonia Malaparte-Leonardi,,,,,16037,,,,,2,0,2
Song,Just One Promise,True,2028,Space Rock,True,16038,,,,2028.0,2,6,8
Person,Alejandro Baker,,,,,16039,,,,,1,0,1
Person,Tao Gao,,,,,16040,,,,,2,0,2
Person,Xiulan Sun,,,,,16041,,,,,1,0,1
Song,The Simple Truth Between Us,False,2023,Doom Metal,True,16042,2023,,2026,2023.0,5,6,11
Person,Robin Mayer,,,,,16043,,,,,2,0,2
Person,Kazuya Matsumoto,,,,,16044,,,,,1,0,1
Person,Anne Frederick,,,,,16045,,,,,2,0,2
Person,Jessica Wyatt,,,,,16046,,,,,1,0,1
RecordLabel,Municipality Music,,,,,16047,,,,,0,1,1
Song,Tender Expectations,True,2017,Dream Pop,True,16048,2013,,,2017.0,5,12,17
Person,Min Zhao,,,,,16049,,,,,2,0,2
Person,Min Xia,,,,,16050,,,,,2,0,2
Person,Fang Lai,,,,,16051,,,,,1,0,1
Person,Ming Jiang,,,,,16052,,,,,3,0,3
Person,Qiang Ren,,,,,16053,,,,,3,0,3
Song,Sweet Nectar of the Southern Hive,True,2004,Dream Pop,True,16054,2004,,2004,2004.0,5,3,8
Person,Yolanda Mendoza,,,,,16055,,,,,1,0,1
Person,Jie Peng,,,,,16056,,,,,1,0,1
Song,Honeycomb Memories from Alabama,True,2002,Synthwave,True,16057,,,2002,2002.0,3,6,9
Person,Xiulan Qin,,,,,16058,, DA PROPHET,,,1,0,1
Person,Chao Tian,,,,,16059,,,,,1,0,1
Person,Jing Xiao,,,,,16060,,,,,1,0,1
Song,Buzzing Fields of Golden Amber,True,2013,Doom Metal,True,16061,2013,,2013,2013.0,2,6,8
Person,Juan Wan,,,,,16062,,,,,1,0,1
Song,Beekeepers' Serenade in the Cotton State,False,2010,Lo-Fi Electronica,True,16063,,,,2010.0,2,6,8
Song,Southern Horizon,True,2027,Desert Rock,True,16064,,,,2027.0,4,6,10
Person,Juan Xiao,,,,,16065,,,,,1,0,1
Person,Ming Sun,,,,,16066,,,,,1,0,1
Song,Rails to Red Clay,True,2027,Dream Pop,True,16067,,,,2027.0,3,3,6
Person,Christopher Powell,,,,,16068,,,,,5,0,5
Person,Tricia Yoder,,,,,16069,,,,,1,0,1
Song,Wandering Wheels,True,2029,Space Rock,True,16070,2029,,,2029.0,3,5,8
Person,Jing Yao,,,,,16071,,,,,1,0,1
Person,Steven Boyd,,,,,16072,,,,,1,0,1
Person,Catherine Perez,,,,,16073,,,,,2,0,2
Person,Wei Xiong,,,,,16074,,,,,1,0,1
Song,Freight Train Freedom,False,2028,Lo-Fi Electronica,True,16075,,,,2028.0,3,5,8
Person,Yang Lei,,,,,16076,,,,,2,0,2
Person,Na Xiang,,,,,16077,,,,,1,0,1
Song,Strings of Salvador,True,2029,Psychedelic Rock,True,16078,2029,,,2029.0,4,3,7
Person,Yong Lin,,,,,16079,,,,,1,0,1
Person,Na Bai,,,,,16080,,,,,1,0,1
Person,Wei Wu,,,,,16081,,,,,1,0,1
Album,Capoeira's Rhythm,,2017,Southern Gothic Rock,True,16082,2017,,2017,2017.0,2,4,6
Person,Marianna Drózd,,,,,16083,,,,,1,0,1
Song,"Curved Bow, Singing Wire",False,2013,Doom Metal,True,16084,,,,2013.0,2,6,8
Person,Micha Weinhage,,,,,16085,,,,,1,0,1
Album,Martial Melody,,2027,Doom Metal,True,16086,2027,,,2027.0,5,8,13
Person,Juan Chen,,,,,16087,,,,,2,0,2
Person,Li Fu,,,,,16088,,,,,2,0,2
Person,Tao Yao,,,,,16089,,,,,1,0,1
Song,Neon Midnight Groove,True,2017,Synthpop,True,16090,,,,2017.0,2,6,8
Person,Juan Liu,,,,,16091,,,,,2,0,2
Person,Ping Lai,,,,,16092,,,,,1,0,1
Song,Electric Azure Dance,True,2017,Indie Folk,True,16093,,,,2017.0,1,5,6
Person,Nelly Austermühle,,,,,16094,,,,,2,0,2
Person,Franziska Lindau,,,,,16095,,,,,1,0,1
Song,Twilight Strobe Fever,True,2025,Post-Apocalyptic Folk,True,16096,,,,2025.0,3,4,7
Person,Lei Chang,,,,,16097,,,,,1,0,1
Person,Yong Zeng,,,,,16098,,,,,1,0,1
Album,Cerulean Rhythm Pulse,,2013,Dream Pop,True,16099,,,,2013.0,2,4,6
Song,Maple Leaf Nomad,True,2020,Dream Pop,True,16100,,,,2020.0,3,5,8
Song,Borderless Heart,True,2017,Indie Rock,True,16101,,,2017,2017.0,1,9,10
Person,Guiying Qiu,,,,,16102,,,,,2,0,2
Person,Gang Shen,,,,,16103,,,,,1,0,1
Person,Li Duan,,,,,16104,,,,,1,0,1
Person,Fang Cui,,,,,16105,,,,,1,0,1
Person,Jun Jiang,,,,,16106,,,,,1,0,1
Album,"Distant Horizons, Familiar Dreams",,2017,Synthwave,True,16107,,,,2017.0,3,5,8
Person,Alan Bray,,,,,16108,,,,,2,0,2
Person,Deborah Martinez,,,,,16109,,,,,1,0,1
Person,Theodore Simmons,,,,,16110,,,,,1,0,1
Album,The Exile's Compass,,2028,Jazz Surf Rock,False,16111,2028,,,2028.0,3,9,12
Person,Chao Peng,,,,,16112,,,,,1,0,1
Person,Yan Xia,,,,,16113,,,,,1,0,1
Person,Ping Yan,,,,,16114,,,,,1,0,1
Person,Jie Xie,,,,,16115,,,,,2,0,2
Person,Yang Wan,,,,,16116,,,,,2,0,2
Song,Blue Ridge Heartland,True,2026,Alternative Rock,True,16117,2023,,,2026.0,3,5,8
Person,Damini Wable,,,,,16118,,,,,1,0,1
Person,Advika Tailor,,,,,16119,,,,,2,0,2
Song,Chesapeake Memories,True,2023,Doom Metal,True,16120,,,,2023.0,2,7,9
Person,Guido Conti,,,,,16121,,,,,1,0,1
Album,Whispers of the Commonwealth,,2027,Dream Pop,True,16122,,,,2027.0,4,7,11
Song,Shenandoah's Embrace,True,2023,Doom Metal,True,16123,2023,,2023,2023.0,3,6,9
Person,Ignatz Jüttner,,,,,16124,,,,,1,0,1
Person,Herr Wolf-Rüdiger Werner,,,,,16125,,,,,2,0,2
Person,Brianna Gray,,,,,16126,,,,,1,0,1
Album,Faithful Shores,,2018,Indie Folk,True,16127,,,,2018.0,6,8,14
Person,Na Song,,,,,16128,,,,,1,0,1
Person,Manuel Wu,,,,,16129,,,,,2,0,2
Person,Fang Du,,,,,16130,,,,,1,0,1
Person,Yan Chen,,,,,16131,,,,,2,0,2
Person,Wei Peng,,,,,16132,,,,,1,0,1
Song,Devotion's Horizon,True,2004,Oceanus Folk,True,16133,,,,2004.0,2,3,5
Person,Tara Deshmukh,,,,,16134,,,,,2,0,2
Person,Riya Dhingra,,,,,16135,,,,,1,0,1
RecordLabel,Nordisk Prisme,,,,,16136,,,,,0,1,1
Album,Steadfast Kingdom,,2017,Oceanus Folk,False,16137,2017,,,2017.0,2,9,11
Person,Ming Deng,,,,,16138,,,,,1,0,1
Person,Tao Xue,,,,,16139,,,,,1,0,1
Person,Guiying Gong,,,,,16140,,,,,1,0,1
Song,"Loyal Hearts, Endless Ground",True,2026,Dream Pop,True,16141,2026,,,2026.0,3,3,6
Person,Gang Yao,,,,,16142,,,,,1,0,1
Person,Jie Qiu,,,,,16143,,,,,1,0,1
Person,Tao Feng,,,,,16144,,,,,1,0,1
Album,Praise and Glory,,2018,Alternative Rock,True,16145,2018,,,2018.0,2,3,5
Song,Sanctuary of Grace,True,2020,Dream Pop,True,16146,,,,2020.0,2,7,9
Person,Miki Sato,,,,,16147,,,,,2,0,2
Person,Momoko Ito,,,,,16148,,,,,1,0,1
Person,Kumiko Saito,,,,,16149,,,,,2,0,2
Person,Yasuhiro Yoshida,,,,,16150,,,,,1,0,1
Person,Naoko Yamada,,,,,16151,,,,,1,0,1
RecordLabel,Elche Echo,,,,,16152,,,,,0,1,1
Song,Celestial Chorus,True,2017,Indie Folk,False,16153,,,,2017.0,2,7,9
Person,Cesar Nguyen,,,,,16154,,,,,1,0,1
Person,Kevin Russell,,,,,16155,,,,,1,0,1
Person,Stanley Perez,,,,,16156,,,,,1,0,1
Person,Elizabeth Donaldson,,,,,16157,,,,,1,0,1
Song,Whispers Along the Thames,True,2007,Psychedelic Rock,True,16158,,,2007,2007.0,2,9,11
Person,James Thomas,,,,,16159,,,,,1,0,1
Person,Thomas Bradley,,,,,16160,,,,,2,0,2
Song,Stone and Water: A London Passage,True,1996,Southern Gothic Rock,True,16161,1996,,,1996.0,4,3,7
Album,Midnight on the Embankment,,1996,Emo/Pop Punk,True,16162,,,,1996.0,2,11,13
Song,Riverbank Rhythms of Victorian London,False,2013,Post-Apocalyptic Folk,True,16163,,,,2013.0,1,6,7
Person,Jun Yuan,,,,,16164,,,,,1,0,1
Person,Chao Mao,,,,,16165,,,,,1,0,1
Album,Copper Penny's Memory,,2026,Synthwave,True,16166,,,,2026.0,4,9,13
Person,Xia Wan,,,,,16167,,,,,1,0,1
Person,Jing Liao,,,,,16168,,,,,1,0,1
Person,Thomas Gray,,,,,16169,,,,,1,0,1
Person,Gang Chen,,,,,16170,,,,,1,0,1
Song,Silver in Her Palm,True,2029,Dream Pop,True,16171,,,,2029.0,5,7,12
Person,Michael Pineda,,,,,16172,,,,,1,0,1
Person,Gregory Romero,,,,,16173,,,,,1,0,1
Person,James Rice,,,,,16174,,,,,1,0,1
Song,Lise's Last Franc,False,2023,Doom Metal,True,16175,,,,2023.0,5,6,11
Person,Charles Horton,,,,,16176,,,,,1,0,1
Person,Min Hou,,,,,16177,,,,,1,0,1
Person,Wendy Ayala,,,,,16178,,,,,1,0,1
Song,Currency of Remembrance,True,2009,Southern Gothic Rock,True,16179,2009,,,2009.0,3,5,8
Song,Siege of Barcelona's Twilight,False,2023,Oceanus Folk,True,16180,,,,2023.0,2,4,6
Person,Yong Ding,,,,,16181,,,,,2,0,2
Song,Coronela's Last Stand,True,1997,Southern Gothic Rock,True,16182,1997,,,1997.0,2,7,9
Album,Echoes from a Fallen Fortress,,2024,Americana,True,16183,2024,,,2024.0,2,4,6
Person,Xia Tao,,,,,16184,,,,,2,0,2
Song,Bourbon Shadows Over Catalonia,False,2022,Alternative Rock,True,16185,,,,2022.0,2,6,8
Person,Fang Jin,,,,,16186,, Lennox,,,2,0,2
Person,Li Hu,,,,,16187,,,,,1,0,1
Person,Yang Ding,,,,,16188,,,,,1,0,1
Song,Whispers of Curiosity,True,2019,Americana,True,16189,,,,2019.0,1,5,6
Person,Austin Martin,,,,,16190,,,,,1,0,1
Person,Samantha Hughes,,,,,16191,,,,,1,0,1
Song,The Question That Lingers,True,2026,Oceanus Folk,True,16192,,,,2026.0,5,9,14
Person,Wei Yao,,,,,16193,,XANOVA,,,1,0,1
Person,Jie Long,,,,,16194,,,,,2,0,2
Person,Min Guo,,,,,16195,,,,,1,0,1
Person,Jie Dong,,,,,16196,,,,,1,0,1
Person,Juan Xiang,,,,,16197,,,,,1,0,1
Person,Juan Cao,,,,,16198,,,,,1,0,1
Person,Yong Qiao,,,,,16199,,,,,1,0,1
Album,Unspoken Wonders,,2023,Indie Folk,True,16200,,,,2023.0,4,5,9
Person,Jun Zeng,,,,,16201,,,,,1,0,1
Song,Echoes of Inquiry,True,2018,Synthwave,True,16202,,,,2018.0,1,8,9
Person,Sebastian Vega Saldaña,,,,,16203,,,,,1,0,1
Person,Ricarda Nélida Palmer Serra,,,,,16204,,,,,2,0,2
Album,Incomplete Puzzle,,2025,Darkwave,True,16205,,,2025,2025.0,4,5,9
Person,Pedro Mitschke,,,,,16206,,,,,2,0,2
Person,Natalija Täsche,,,,,16207,,,,,1,0,1
Person,Marcella Dobes,,,,,16208,,,,,1,0,1
Song,The Void Inside,False,2017,Dream Pop,True,16209,,,,2017.0,6,3,9
Song,Echoes of What Could Be,True,2006,Dream Pop,True,16210,,,,2006.0,2,8,10
Song,Phantom Heartstrings,True,2023,Dream Pop,True,16211,,,2023,2023.0,4,5,9
Song,Ghosts of the Shoreline,False,2017,Doom Metal,True,16212,2017,,2017,2017.0,1,4,5
Person,Kevin Parker,,,,,16213,,,,,2,0,2
Person,John Schmitt,,,,,16214,,,,,1,0,1
Song,Aegean Whispers,False,2020,Avant-Garde Folk,True,16215,,,2020,2020.0,3,2,5
Person,William Garner,,,,,16216,,,,,1,0,1
Song,Ruins of the Ancient Port,True,2020,Americana,True,16217,,,2020,2020.0,3,7,10
Person,Tao Qiao,,,,,16218,,,,,1,0,1
Person,Xiulan Liu,,,,,16219,,,,,2,0,2
Person,Juan Kang,,,,,16220,,,,,1,0,1
Person,Xiulan Wei,,,,,16221,,,,,1,0,1
Person,Min Pan,,,,,16222,,,,,1,0,1
Song,Midnight in Kos,True,2023,Indie Folk,True,16223,,,,2023.0,3,3,6
Person,Thomas Carson,,,,,16224,,,,,2,0,2
Song,Blueprint Whispers,False,2017,Oceanus Folk,True,16225,,,2017,2017.0,1,8,9
Person,Luce Loiseau,,,,,16226,,,,,2,0,2
Person,Christophe-Émile Grégoire,,,,,16227,,,,,1,0,1
Person,Arnaude Poirier,,,,,16228,,,,,1,0,1
Person,Georges Chrétien,,,,,16229,,,,,1,0,1
Song,Concrete and Clay Symphony,True,2023,Synthwave,True,16230,,,,2023.0,2,4,6
Person,Dale Bell,,,,,16231,,,,,1,0,1
Person,Raymond Gates,,,,,16232,,,,,1,0,1
Song,Engineered Horizons,True,2004,Psychedelic Rock,True,16233,2004,,,2004.0,2,15,17
Person,Patrick Grein Groth,,,,,16234,,,,,1,0,1
Person,Jeffrey Roman,,,,,16235,,,,,2,0,2
Person,Herr Arno Ebert,,,,,16236,,,,,1,0,1
Person,Veronika Haering,,,,,16237,,,,,1,0,1
Person,Marlene Scholtz,,,,,16238,,,,,1,0,1
Person,Willibert Ebert,,,,,16239,,,,,1,0,1
Album,Urban Ecosystem Pulse,,2028,Dream Pop,True,16240,,,,2028.0,3,8,11
Person,Natalie Wood,,,,,16241,,,,,1,0,1
Person,Natalie Hernandez,,,,,16242,,,,,1,0,1
Person,Angela Black,,,,,16243,,,,,2,0,2
Song,Whispers of the Resonant String,True,2020,Darkwave,True,16244,2020,,,2020.0,4,5,9
Person,Kenneth Robinson,,,,,16245,,,,,1,0,1
Person,Katie Richards,,,,,16246,,,,,1,0,1
Person,Daniel Williams,,,,,16247,,,,,2,0,2
Song,Midnight's Melancholy Bow,True,2008,Alternative Rock,True,16248,,,,2008.0,5,4,9
Song,Chromatic Lamentations,True,2026,Synthwave,True,16249,,,,2026.0,3,4,7
Person,Juan Wen,,,,,16250,,,,,1,0,1
Person,Lisa Mccoy,,,,,16251,,,,,1,0,1
Song,Echoes from the Minor Depths,True,2000,Dream Pop,True,16252,,,,2000.0,3,7,10
Album,Weekend Wanderer,,2026,Dream Pop,True,16253,,,,2026.0,2,2,4
Person,Michał Flasza,,,,,16254,,,,,2,0,2
RecordLabel,Basement Rhythm,,,,,16255,,,,,0,1,1
Album,Seven Days of Leisure,,2019,Dream Pop,True,16256,,,,2019.0,3,8,11
Person,Wei Gu,,,,,16257,,,,,1,0,1
Person,Yong Zhang,,,,,16258,,,,,1,0,1
Song,Twilight of the Weekly Cycle,True,2023,Indie Folk,True,16259,2023,,,2023.0,4,13,17
Person,Xia Feng,,,,,16260,,,,,1,0,1
Person,Damon Stewart,,,,,16261,,,,,1,0,1
Album,Seventh Wave of Freedom,,2004,Dream Pop,True,16262,,,2004,2004.0,1,5,6
Person,Rhonda Knox,,,,,16263,,,,,1,0,1
Song,Ceremonial Footsteps,True,2026,Oceanus Folk,True,16264,,,,2026.0,5,8,13
Person,Ming Wang,,,,,16265,, Sky,,,2,0,2
Person,Ming Xiang,,,,,16266,,,,,1,0,1
Person,Tao Zhang,,,,,16267,,,,,1,0,1
Person,Wei Chen,,,,,16268,,,,,1,0,1
Song,Regal Advance,True,2013,Speed Metal,True,16269,2013,,,2013.0,10,5,15
Song,Echoes of Formality,True,2029,Dream Pop,True,16270,,,2029,2029.0,2,10,12
Person,Justin Carroll,,,,,16271,,,,,1,0,1
Person,Drew Green,,,,,16272,,,,,1,0,1
Person,Curtis Cooper,,,,,16273,,,,,1,0,1
Song,Stately Procession,True,2013,Indie Folk,True,16274,,,,2013.0,2,10,12
Album,Liminal Space,,2018,Lo-Fi Electronica,True,16275,,,2018,2018.0,5,5,10
Song,Perimeter,False,2020,Oceanus Folk,True,16276,,,,2020.0,3,5,8
Person,Lei Wei,,,,,16277,,,,,1,0,1
Person,Chao Zhou,,,,,16278,,,,,2,0,2
Song,No Man's Territory,True,2020,Oceanus Folk,True,16279,,,,2020.0,2,5,7
Person,Yong Tang,,,,,16280,,,,,1,0,1
Person,Jie Xu,,,,,16281,,,,,1,0,1
Song,Chemical Harmony,True,2029,Psychedelic Rock,True,16282,,,,2029.0,4,4,8
Person,Zara Kibe,,,,,16283,,,,,1,0,1
Person,Joséphine Rodrigues,,,,,16284,,,,,1,0,1
Person,Timothée Charles,,,,,16285,,,,,1,0,1
Person,Divij Dora,,,,,16286,,,,,1,0,1
Song,Balanced Fever,True,2025,Synthwave,True,16287,,,,2025.0,4,9,13
Person,Na Xiang,,,,,16288,,,,,1,0,1
Song,Calibrated Pulse,True,2007,Synthwave,True,16289,,,,2007.0,1,5,6
Song,Measured Euphoria,True,2014,Americana,True,16290,,,,2014.0,2,4,6
Person,Paloma Fogazzaro,,,,,16291,,,,,1,0,1
Song,Whispers of Goodbye,False,2025,Darkwave,True,16292,,,,2025.0,3,5,8
Person,Juan Yuan,,,,,16293,,,,,1,0,1
Person,Min Yi,,,,,16294,,,,,1,0,1
Album,Rent-A-Tear,,2027,Indie Pop,True,16295,2027,,,2027.0,7,2,9
Song,Broken Compass Heart,True,1997,Southern Gothic Rock,True,16296,,,,1997.0,1,5,6
Song,Roadside Heartbreak Motel,True,2024,Emo/Pop Punk,False,16297,,,,2024.0,10,6,16
Song,Slow Motion Waltz,True,1985,Lo-Fi Electronica,True,16298,,,,1985.0,2,6,8
Person,Phillip Brooks,,,,,16299,,,,,3,0,3
Song,Midnight Sway,True,2020,Synthwave,True,16300,,,,2020.0,3,4,7
Person,Jeremi Piórek,,,,,16301,,,,,1,0,1
Person,Jeremi Głuszko,,,,,16302,,,,,2,0,2
Person,Cyprian Perczak,,,,,16303,,,,,1,0,1
RecordLabel,Santoro Sound Archives,,,,,16304,,,,,0,1,1
Song,Rhythm of Two Hearts,True,2025,Indie Folk,True,16305,,,,2025.0,2,4,6
Person,Jun Shao,,,,,16306,,,,,1,0,1
Person,Xiulan Hou,,,,,16307,,,,,1,0,1
Person,Ping Hou,,,,,16308,,,,,2,0,2
Song,Spinning Strangers,True,2024,Psychedelic Rock,True,16309,,,,2024.0,3,5,8
Person,Lei Meng,,,,,16310,,,,,1,0,1
Person,Fang Wang,,,,,16311,,,,,2,0,2
Song,Harvest Dance at Ler Valley,True,2010,Psychedelic Rock,True,16312,,,,2010.0,3,5,8
Album,Tractors and Traditions,,2004,Indie Folk,True,16313,2004,,,2004.0,1,6,7
Person,Gang Tang,,,,,16314,,,,,1,0,1
Person,Ronnie Watkins,,,,,16315,,,,,1,0,1
Person,Gang Zou,,,,,16316,,,,,1,0,1
Song,Midsummer Gathering on the Farm,True,2000,Indie Folk,True,16317,,,,2000.0,2,5,7
Person,Matthew Price,,,,,16318,,,,,1,0,1
Song,Windswept Celebration,True,2026,Dream Pop,False,16319,,,,2026.0,4,7,11
Person,Debra Richards,,,,,16320,,,,,2,0,2
Person,Lisa Frost,,,,,16321,,,,,2,0,2
Person,Bryce Webb,,,,,16322,,,,,1,0,1
Song,Sacrifice My Heart,True,2027,Synthwave,True,16323,,,,2027.0,3,7,10
Person,Farhan Bava,,,,,16324,,,,,1,0,1
Person,Alberto Durante-Depero,,,,,16325,,,,,1,0,1
Person,Eva Morosini-Procacci,,,,,16326,,,,,1,0,1
Song,Eternal Devotion,True,2026,Emo/Pop Punk,True,16327,,,,2026.0,9,3,12
Song,Beyond Mortality,False,2026,Dream Pop,True,16328,2026,,2026,2026.0,3,5,8
Person,Thomas Meyer,,,,,16329,,,,,1,0,1
Person,Jing Hao,,,,,16330,,,,,2,0,2
Person,Chao Yang,,,,,16331,,,,,1,0,1
Person,Li Jia,,,,,16332,,,,,1,0,1
Song,Love's Ultimate Pledge,False,2020,Indie Rock,True,16333,,,,2020.0,4,5,9
Person,Robert Nelson,,,,,16334,,,,,1,0,1
Song,Divine Permutations,True,2017,Speed Metal,True,16335,,,,2017.0,4,5,9
Song,Pantheon's Echo,True,2028,Dream Pop,True,16336,,,2028,2028.0,6,4,10
Person,Xia Zhang,,,,,16337,,,,,1,0,1
Person,Meghan Cortez,,,,,16338,,,,,1,0,1
Song,Celestial Metamorphosis,True,2029,Psychedelic Rock,True,16339,2029,,,2029.0,2,4,6
Person,Brian Mitchell,,,,,16340,,,,,1,0,1
Person,Eugene Powell,,,,,16341,,,,,1,0,1
Person,Jessica Lewis,,,,,16342,,,,,2,0,2
Song,Immortal Refrains,True,2029,Post-Apocalyptic Folk,True,16343,,,,2029.0,4,4,8
Person,Michael Smith,,,,,16344,,,,,2,0,2
Person,Jordan Hopkins,,,,,16345,,,,,1,0,1
Person,Tiffany Wong,,,,,16346,,,,,1,0,1
RecordLabel,Rocca Rhythms,,,,,16347,,,,,0,1,1
Song,Iron Hooves and Leather Reins,True,2030,Alternative Rock,True,16348,,,,2030.0,7,4,11
Album,Draught Horse Lament,,2027,Jazz Surf Rock,True,16349,,,,2027.0,2,4,6
Person,Jun Shen,,,,,16350,,,,,1,0,1
Person,Xiuying Zhu,,,,,16351,,,,,2,0,2
Song,Shoulders of Strength,True,2012,Jazz Surf Rock,True,16352,2012,,2012,2012.0,2,3,5
Person,Amanda Mcdonald,,,,,16353,,,,,1,0,1
Song,Farmland Titans,True,2027,Darkwave,True,16354,,,,2027.0,6,5,11
Person,Robert King,,,,,16355,,,,,1,0,1
Song,Echoes of Chromatic Shadows,False,2029,Dream Pop,True,16356,,,,2029.0,3,6,9
Person,Li Bai,,,,,16357,,,,,1,0,1
Person,Fang Luo,,,,,16358,,,,,2,0,2
Person,Richard Rodriguez,,,,,16359,,,,,2,0,2
Song,Dissonant Symmetries,True,2024,Dream Pop,True,16360,,,,2024.0,3,4,7
Person,Juan Hou,,,,,16361,,,,,2,0,2
Person,Jun Du,,,,,16362,,,,,1,0,1
Song,Counterpoint in Twilight,True,2027,Dream Pop,True,16363,,,,2027.0,4,5,9
Person,Brandi Sutton,,,,,16364,,,,,1,0,1
Song,Harmonic Labyrinth,True,2004,Dream Pop,True,16365,2004,,,2004.0,3,2,5
Album,Azure Horizons,,2013,Doom Metal,True,16366,,,,2013.0,3,10,13
Song,Whispers of Cerulean,False,2020,Darkwave,True,16367,,,,2020.0,2,12,14
Person,Lisa Henderson,,,,,16368,,,,,1,0,1
Person,Jonathan Hunter,,,,,16369,,,,,2,0,2
RecordLabel,Aurora Valley University,,,,,16370,,,,,0,1,1
Song,Painted Heavens,False,2018,Lo-Fi Electronica,True,16371,,,,2018.0,6,4,10
Album,Boundless Blue Symphony,,1989,Southern Gothic Rock,True,16372,,,,1989.0,1,4,5
Album,Tearless Goodbye,,2029,Dream Pop,True,16373,,,,2029.0,4,6,10
Person,Shanaya Dave,,,,,16374,, Lena Rose,,,1,0,1
Person,Tarini Bora,,,,,16375,,Xylo,,,1,0,1
Person,Gatik Thaker,,,,,16376,,,,,1,0,1
Person,Gatik Gandhi,,,,,16377,,,,,1,0,1
Person,Indrajit Halder,,,,,16378,,,,,1,0,1
Person,Jayan Chawla,,,,,16379,,,,,1,0,1
RecordLabel,Crestwood Institute of Technology,,,,,16380,,,,,0,1,1
Song,Strength Beyond Sorrow,False,2013,Doom Metal,True,16381,2013,,,2013.0,3,6,9
Person,Amber Park,,,,,16382,,,,,2,0,2
Person,Sarah Sims,,,,,16383,,,,,1,0,1
Person,John Watts,,,,,16384,,,,,1,0,1
Album,Unbroken Whispers,,2029,Space Rock,True,16385,2022,,,2029.0,8,4,12
Person,Ping Gong,,,,,16386,,,,,2,0,2
Person,Ming Lin,,,,,16387,,,,,1,0,1
Person,Chao Zhu,,,,,16388,,,,,1,0,1
Song,Silent Resilience,True,1992,Southern Gothic Rock,True,16389,1992,,1992,1992.0,2,9,11
Person,Joseph Long,,,,,16390,,,,,1,0,1
Person,Anaya Butala,,,,,16391,,,,,2,0,2
Song,Scales of Transformation,True,2023,Indie Folk,True,16392,2023,,,2023.0,3,4,7
Person,Patrick Williams,,,,,16393,,,,,1,0,1
Person,Kimberly Campbell,,,,,16394,,,,,1,0,1
Person,Mitchell Sharp,,,,,16395,,,,,1,0,1
Album,Saltwater Metamorphosis,,2017,Doom Metal,True,16396,,,,2017.0,4,5,9
Song,Depths Beyond Memory,True,2013,Indie Folk,True,16397,,,,2013.0,3,4,7
Person,Karl Bruder,,,,,16398,,,,,1,0,1
Person,Hilmar Budig-Seip,,,,,16399,,,,,2,0,2
Song,Aquatic Rebirth (1983),True,2023,Oceanus Folk,True,16400,,,2023,2023.0,5,13,18
Person,Steven Goodman,,,,,16401,,,,,1,0,1
Song,Les Ailes Célestes,False,2029,Dream Pop,True,16402,,,,2029.0,2,3,5
Person,Juan Fang,,,,,16403,,,,,2,0,2
Song,Murmures Angéliques,True,2022,Avant-Garde Folk,True,16404,,,,2022.0,9,6,15
Song,Symphonie des Séraphins,True,2013,Synthwave,True,16405,,,,2013.0,2,6,8
Person,Elba Zaragoza-Doménech,,,,,16406,,,,,2,0,2
Person,Kristina Taylor,,,,,16407,,,,,1,0,1
Person,Octavia Gilabert León,,,,,16408,,,,,1,0,1
Song,Lumière Immortelle,True,2024,Dream Pop,True,16409,,,,2024.0,4,6,10
Person,Kyle Reynolds,,,,,16410,,,,,1,0,1
Person,Nicholas Patel,,,,,16411,,,,,2,0,2
Person,Kendra Walsh,,,,,16412,,,,,1,0,1
Song,Shadows of Cassidy,True,2015,Dream Pop,True,16413,,,,2015.0,2,6,8
Person,Min Liang,,,,,16414,,,,,2,0,2
Person,Jun Tan,,,,,16415,,,,,1,0,1
Person,Joel Collins,,,,,16416,,,,,1,0,1
Person,Jing Su,,,,,16417,,,,,1,0,1
Song,Whispers from the Heartline,True,2004,Synthwave,True,16418,,,2004,2004.0,3,3,6
Person,Pari Sharaf,,,,,16419,,,,,2,0,2
Person,Kimaya Chaudhuri,,,,,16420,,,,,1,0,1
Song,Unraveled (A Cassidy Story),True,2010,Speed Metal,True,16421,2010,,2010,2010.0,2,9,11
Person,Alfredo Roth,,,,,16422,,,,,1,0,1
Person,Dionigi Granatelli,,,,,16423,,,,,1,0,1
Song,Midnight's Daughter,False,2026,Doom Metal,True,16424,,,,2026.0,5,8,13
Person,Ibán Salazar,,,,,16425,,,,,1,0,1
Person,Aroa Coca,,,,,16426,,,,,1,0,1
Person,Fito Pacheco León,,,,,16427,,,,,2,0,2
Person,Severo Gimenez Ródenas,,,,,16428,,,,,1,0,1
Album,Cavalry of Color,,2023,Indie Folk,True,16429,,,,2023.0,3,6,9
Person,Michael Hayes,,,,,16430,,,,,1,0,1
Person,Teresa Nelson,,,,,16431,,,,,2,0,2
Album,Sabers and Silk,,2025,Desert Rock,True,16432,,,2025,2025.0,3,16,19
Song,Ride of the Proud Lancers,True,2013,Indie Rock,True,16433,2013,,,2013.0,2,4,6
Person,Iwo Olbrych,,,,,16434,,,,,1,0,1
Person,Klara Betlej,,,,,16435,,,,,1,0,1
Person,Jeremi Kwarciak,,,,,16436,,,,,1,0,1
Song,Regiments and Rainbows,True,2017,Indie Rock,True,16437,,,,2017.0,3,8,11
Person,Jun Peng,,,,,16438,,,,,2,0,2
Person,Na Kong,,,,,16439,,,,,1,0,1
Album,Quiet Crosswalk,,1992,Blues Rock,True,16440,1986,,,1992.0,3,6,9
Song,Weekend Wanderings,True,1999,Psychedelic Rock,True,16441,,,,1999.0,2,14,16
Person,Jonathan Hayes,,,,,16442,, K!NG,,,2,0,2
Person,Terri Cortez,,,,,16443,,,,,1,0,1
Person,Amanda Smith,,,,,16444,,,,,1,0,1
Album,Lazy Pavement,,2014,Dream Pop,True,16445,,,,2014.0,1,8,9
Person,Gang Bai,,,,,16446,,,,,2,0,2
Person,Xiulan Zhu,,,,,16447,,,,,1,0,1
Person,Qiang Ren,,,,,16448,,,,,1,0,1
Song,Sundown Boulevard,True,2026,Indie Rock,True,16449,,,,2026.0,2,7,9
Person,Andrea Duncan,,,,,16450,,,,,1,0,1
Person,Suzanne Bonilla,,,,,16451,,,,,2,0,2
Song,Star of the Stable,True,2024,Lo-Fi Electronica,True,16452,2024,,2024,2024.0,9,4,13
Person,Laura Carson,,,,,16453,,,,,1,0,1
Album,Donkey's Lament,,1998,Blues Rock,True,16454,,,,1998.0,2,4,6
Person,Chelsea Mclean,,,,,16455,,,,,1,0,1
Person,Chloe Little,,,,,16456,,,,,2,0,2
Song,Manger's Midnight,True,2021,Oceanus Folk,True,16457,,,,2021.0,4,12,16
Song,Shepherds' Journey,True,2023,Americana,True,16458,,,,2023.0,2,4,6
Person,Alexis Hart,,,,,16459,, Lexi Hart,,,1,0,1
Person,Yan Xiong,,,,,16460,,,,,1,0,1
Person,Yong Xia,,,,,16461,,,,,2,0,2
Song,Halo of Grace,True,2028,Dream Pop,True,16462,,,2028,2028.0,2,4,6
Person,Chao Wan,,,,,16463,,The Lost Vanguard,,,2,0,2
Person,Monica Hunt,,,,,16464,,,,,1,0,1
Person,Yan Kong,,,,,16465,,,,,1,0,1
Song,Whispers from Heaven,True,2029,Dream Pop,True,16466,2029,,,2029.0,5,11,16
Person,Chao Fan,,,,,16467,,,,,1,0,1
Person,Na Fu,,,,,16468,,,,,1,0,1
Person,Chao Wang,,,,,16469,,,,,1,0,1
RecordLabel,Vanguard Coastal University,,,,,16470,,,,,0,1,1
Song,Guardian of My Heart,True,2023,Indie Folk,True,16471,,,,2023.0,2,5,7
Person,Gang Ye,,,,,16472,,,,,2,0,2
Song,Whispers of the Hanged God,True,2020,Dream Pop,True,16473,,,2020,2020.0,3,5,8
Person,Yong Gu,,,,,16474,,,,,1,0,1
Person,Lei Qin,,,,,16475,,,,,1,0,1
Person,Li Lai,,,,,16476,,,,,2,0,2
Person,Ping Zhou,,,,,16477,,,,,1,0,1
Album,Nine Nights of Wisdom,,2012,Psychedelic Rock,True,16478,,,,2012.0,1,12,13
Person,Monica Franco,,,,,16479,,,,,2,0,2
Person,Matthew Moss,,,,,16480,,,,,1,0,1
Person,Eric Reyes,,,,,16481,,,,,1,0,1
Person,Sharon Gallegos,,,,,16482,,,,,1,0,1
RecordLabel,Everglade State College,,,,,16483,,,,,0,1,1
Song,Sacred Branches of Knowledge,False,2023,Indie Rock,True,16484,,,2023,2023.0,5,3,8
Song,The Sacrificial Script,True,2024,Dream Pop,True,16485,,,,2024.0,2,9,11
Person,Temistocle Vivaldi-Amato,,,,,16486,,,,,2,0,2
Song,Echoes of the Trøndelag Heartland,False,2020,Indie Folk,True,16487,2020,,2020,2020.0,2,4,6
Person,Leonie Kabus,,,,,16488,,,,,1,0,1
Person,Jacqueline Hörle,,,,,16489,,,,,1,0,1
Person,Herr Alexander Eckbauer,,,,,16490,,,,,1,0,1
Album,Rivers and Memories of Levanger,,2010,Indie Folk,False,16491,,,,2010.0,2,11,13
Person,Laura Hernandez,,,,,16492,,,,,1,0,1
Person,Zachary Stanley,,,,,16493,,,,,1,0,1
Song,Whispers from the Northern Town,True,2026,Indie Rock,False,16494,2026,,,2026.0,12,4,16
Song,Landscapes of a Forgotten Melody,True,1997,Southern Gothic Rock,True,16495,,,1997,1997.0,4,17,21
Song,Chasing Horizons Beyond Reason,False,2023,Alternative Rock,True,16496,,,,2023.0,3,3,6
Person,Ritvik Venkatesh,,,,,16497,, Salem,,,1,0,1
Person,Rhea Dhar,,,,,16498,,,,,1,0,1
Person,Parinaaz Krishnamurthy,,,,,16499,,,,,1,0,1
Song,Sprinting Towards Infinity's Margin,True,2004,Post-Apocalyptic Folk,True,16500,,,,2004.0,2,2,4
Song,Desperate Dash at the World's Boundary,True,2000,Synthwave,True,16501,2000,,,2000.0,2,3,5
Person,Guiying Kong,,,,,16502,,Blue Ashes,,,1,0,1
Person,Jing Zhang,,,,,16503,,,,,1,0,1
Person,Xiuying Guo,,,,,16504,,,,,1,0,1
Song,Fleeing Toward the Furthest Horizon,True,2032,Dream Pop,True,16505,,,,2032.0,3,8,11
Person,Fang Xu,,,,,16506,,,,,1,0,1
Song,Someday Soon,False,1994,Blues Rock,True,16507,,,,1994.0,1,4,5
Album,When Time Aligns,,2010,Indie Folk,True,16508,,,,2010.0,3,5,8
Person,Randy Stewart,,,,,16509,,,,,2,0,2
Album,Waiting for That Moment,,2026,Space Rock,True,16510,,,2026,2026.0,4,6,10
Person,Wei Zhong,,,,,16511,,,,,1,0,1
Song,The Day That Changes Everything,False,2013,Americana,True,16512,,,,2013.0,2,13,15
Song,Just Us Against Everything,False,2023,Doom Metal,True,16513,,,,2023.0,2,3,5
Song,Singular Constellation,False,2013,Americana,True,16514,2013,,,2013.0,2,7,9
Person,Jun Yin,,,,,16515,,,,,1,0,1
Person,Ryan Rodriguez,,,,,16516,,,,,1,0,1
Song,The Only Ones Who Know,True,1986,Southern Gothic Rock,True,16517,,,,1986.0,2,7,9
Person,Alexandra Taylor,,,,,16518,,,,,1,0,1
Song,Paired in Solitude,True,2026,Psychedelic Rock,True,16519,,,,2026.0,7,3,10
Person,Emily Hudson,,,,,16520,,,,,2,0,2
Person,Tara Rivera,,,,,16521,,,,,1,0,1
Song,Puncture Point,True,2029,Doom Metal,True,16522,2029,,,2029.0,7,8,15
Person,Jing He,,,,,16523,,,,,1,0,1
Song,Trembling Syringe,False,2013,Oceanus Folk,True,16524,2013,,,2013.0,2,25,27
Person,Lei Wan,,,,,16525,,,,,1,0,1
Person,Jun Han,,,,,16526,,,,,1,0,1
Person,Yesenia Miller,,,,,16527,,,,,2,0,2
Song,Veins of Hesitation,True,2003,Emo/Pop Punk,True,16528,2003,,,2003.0,4,5,9
Song,Sharp Silent Whispers,False,1991,Southern Gothic Rock,True,16529,,,,1991.0,2,4,6
Song,Ghosting Memories,True,2029,Desert Rock,True,16530,,,,2029.0,4,5,9
Person,Qiang Xia,,,,,16531,,,,,1,0,1
Person,Fang Qiao,,,,,16532,,,,,1,0,1
Person,Alexandra Mcdaniel,,,,,16533,,,,,2,0,2
RecordLabel,Polaris Beacon University,,,,,16534,,,,,0,1,1
Song,Distance Between Heartbeats,True,2010,Post-Apocalyptic Folk,False,16535,,,,2010.0,3,6,9
Person,Jie Xu,,,,,16536,,,,,1,0,1
Person,Xia Pan,,,,,16537,,,,,1,0,1
Person,Ming Cheng,,,,,16538,,,,,2,0,2
Person,Yang Yan,,,,,16539,,,,,1,0,1
Person,Jing Bai,,,,,16540,,,,,1,0,1
Song,Empty Picture Frame,True,2020,Darkwave,True,16541,2017,,,2020.0,1,4,5
Person,Michael Moreno,,,,,16542,,,,,2,0,2
Album,Crimson Crossover,,1995,Dream Pop,True,16543,,,,1995.0,3,5,8
Person,Henri Da Costa,,,,,16544,, Carbon Grace,,,2,0,2
Person,Chantal-Geneviève Fournier,,,,,16545,,,,,1,0,1
Person,Capucine Martin,,,,,16546,,,,,2,0,2
Song,Rose from the Concrete,True,2021,Synthwave,True,16547,2021,,,2021.0,2,5,7
Person,Min Zhang,,,,,16548,,,,,2,0,2
Person,Fang Liang,,,,,16549,,,,,1,0,1
Person,Xiulan Hou,,,,,16550,,,,,1,0,1
Song,Number 1 Elevation,False,2013,Southern Gothic Rock,True,16551,,,,2013.0,4,8,12
Song,Chicago to MVP,True,2028,Alternative Rock,True,16552,,,,2028.0,2,2,4
Person,Juliusz Cierpisz,,,,,16553,,,,,1,0,1
Person,Jacek Kazimierczuk,,,,,16554,,,,,1,0,1
Album,Pajama Parade,,2023,Indie Folk,True,16555,,,,2023.0,3,6,9
Person,Brian Oneal,,,,,16556,,C4$H LEGION,,,1,0,1
Person,Catherine Roberts,,,,,16557,,,,,2,0,2
Person,Michael Martin,,,,,16558,,,,,1,0,1
Person,Jacqueline Miller,,,,,16559,,,,,2,0,2
Album,Slow Motion Weekend,,1999,Speed Metal,True,16560,,,1999,1999.0,2,4,6
Person,Christopher Humphrey,,,,,16561,,,,,1,0,1
Person,Wesley Cain,,,,,16562,,,,,1,0,1
Person,Kenneth Maldonado,,,,,16563,,,,,1,0,1
Song,Couch Kingdom,True,2029,Dream Pop,True,16564,2029,,,2029.0,3,6,9
Person,Kimberly House,,,,,16565,,,,,1,0,1
Person,Li He,,,,,16566,,,,,1,0,1
Person,Jun Lu,,,,,16567,,,,,1,0,1
Person,Jing Gao,,,,,16568,,,,,1,0,1
Person,Yan Li,,,,,16569,,,,,1,0,1
Album,Sunrise to Sunset Nowhere,,2020,Indie Folk,True,16570,,,,2020.0,5,8,13
Person,Rhonda Miller,,,,,16571,,,,,1,0,1
Song,One More Round,False,2021,Alternative Rock,True,16572,2021,,,2021.0,2,4,6
Person,Fang Zhou,,,,,16573,,,,,2,0,2
Person,Xiuying Xue,,,,,16574,,,,,1,0,1
Person,Jun Zhong,,,,,16575,,,,,1,0,1
RecordLabel,Cascade Mountain Institute,,,,,16576,,,,,0,1,1
Album,Bottled Memories,,2023,Doom Metal,True,16577,,,,2023.0,4,5,9
Person,Gang Bai,,,,,16578,,,,,2,0,2
Person,John May,,,,,16579,,,,,1,0,1
Song,Liquid Escape,False,2016,Lo-Fi Electronica,True,16580,,,,2016.0,2,4,6
Person,Yong Xiang,,,,,16581,,,,,1,0,1
Song,Drowning in Denial,False,2023,Oceanus Folk,True,16582,,,,2023.0,4,6,10
Person,Li Zeng,,,,,16583,,,,,1,0,1
Song,Byte by Byte,True,2015,Jazz Surf Rock,True,16584,2015,,,2015.0,5,6,11
Song,Digital Heartbeat,True,1987,Darkwave,True,16585,1987,,,1987.0,2,8,10
Song,Silicon Serenade,False,2026,Synthwave,True,16586,,,2026,2026.0,4,3,7
Person,Yang Luo,,,,,16587,,,,,2,0,2
Person,Yan Zeng,,,,,16588,,,,,1,0,1
Song,Machine Learning Melody,False,2004,Emo/Pop Punk,True,16589,2004,,,2004.0,5,5,10
Song,Nerd Nation,True,2026,Americana,True,16590,,,,2026.0,3,7,10
Person,Yan Zou,,,,,16591,,,,,1,0,1
Person,Xiuying Xu,,,,,16592,,,,,1,0,1
Person,Xiuying Xia,,,,,16593,,,,,1,0,1
Person,Tao Ren,,,,,16594,,,,,1,0,1
Person,Chao Zhao,,,,,16595,,,,,2,0,2
Person,Xiuying Zeng,,,,,16596,,,,,1,0,1
Album,Silicon Citizen,,2032,Dream Pop,True,16597,,,,2032.0,3,7,10
Person,Guiying Meng,,,,,16598,, Mia Stone,,,1,0,1
Person,Juan Fang,,,,,16599,,Atlas & The Echoes,,,1,0,1
Person,Yan Su,,,,,16600,,,,,1,0,1
Person,Ebony Acevedo,,,,,16601,,,,,1,0,1
Person,Elizabeth Spence,,,,,16602,,,,,1,0,1
Song,Byte Americana,True,2029,Jazz Surf Rock,True,16603,,,,2029.0,3,3,6
Person,Kelly Briggs,,,,,16604,,,,,1,0,1
Song,Motherboard Republic,False,2004,Indie Rock,True,16605,,,,2004.0,1,3,4
Person,Matthew James,,,,,16606,,,,,2,0,2
Song,"Marcin, Payback Is Coming",True,2010,Synthwave,True,16607,,,2010,2010.0,1,7,8
Person,Yang Yin,,,,,16608,,,,,1,0,1
Person,Yang Chang,,,,,16609,,,,,1,0,1
Person,Yang Hao,,,,,16610,,,,,1,0,1
Person,Juan Shi,,,,,16611,,,,,1,0,1
Song,Whispers of a Broken Promise,False,1996,Jazz Surf Rock,True,16612,1996,,,1996.0,2,6,8
Person,Brianna Norris,,,,,16613,,,,,2,0,2
Song,"Tonight, You'll Remember My Name",True,2013,Indie Folk,True,16614,,,,2013.0,3,5,8
Song,The Revenge We Never Spoke Of,True,2022,Dream Pop,True,16615,,,,2022.0,5,3,8
Song,Amplified Whispers,True,2020,Post-Apocalyptic Folk,False,16616,2020,,,2020.0,3,4,7
Song,Static and Soul,True,2010,Emo/Pop Punk,True,16617,,,,2010.0,6,8,14
Song,Feedback Frequencies,False,1994,Indie Folk,True,16618,,,,1994.0,2,4,6
Person,Xiuying Sun,,,,,16619,,,,,1,0,1
Album,Electric Vocal Echo,,2025,Jazz Surf Rock,True,16620,2025,,2025,2025.0,2,13,15
Song,Strength in Softness,True,2001,Jazz Surf Rock,True,16621,,,,2001.0,1,4,5
Person,William Blair,,,,,16622,,,,,1,0,1
Person,Patrick Walsh,,,,,16623,,,,,2,0,2
Song,Unbreakable Crown,True,2029,Desert Rock,True,16624,2029,,,2029.0,8,4,12
Person,Gina Lehmann-Süßebier,,,,,16625,,Lorien,,,1,0,1
Song,Whispers of Her Resilience,False,2021,Dream Pop,True,16626,,,,2021.0,2,6,8
Person,Xiuying Duan,,,,,16627,,,,,1,0,1
Person,Qiang Ding,,,,,16628,,,,,1,0,1
Person,Qiang Ye,,,,,16629,,,,,1,0,1
Person,Lei Zou,,,,,16630,,,,,2,0,2
Song,Daughters Rising,True,2023,Blues Rock,True,16631,2023,,,2023.0,3,9,12
Song,Surrender to My Heart,True,2028,Dream Pop,True,16632,,,,2028.0,8,8,16
Person,Guiying Jin,,,,,16633,,,,,1,0,1
Person,Ming Xu,,,,,16634,,,,,1,0,1
Album,Cascade of Devotion,,2016,Dream Pop,True,16635,,,2016,2016.0,2,9,11
Person,Hansh Dyal,,,,,16636,,,,,1,0,1
Person,Nishith Sachar,,,,,16637,,,,,1,0,1
Album,Unburden Your Affection,,2010,Indie Folk,True,16638,,,,2010.0,3,4,7
Person,Recep Schüler,,,,,16639,,,,,1,0,1
Person,Rosa-Maria Beyer,,,,,16640,,,,,2,0,2
Song,"Soft Embrace, Tender Grace",False,2010,Indie Folk,True,16641,,,,2010.0,1,10,11
Person,Alexis Hawkins,,,,,16642,,,,,1,0,1
Person,Katrina Maynard,,,,,16643,,,,,1,0,1
Person,Samantha Andrews,,,,,16644,,,,,2,0,2
Person,Samantha Dawson,,,,,16645,,,,,1,0,1
Song,Sunlit Whispers,True,2024,Dream Pop,True,16646,,,2024,2024.0,2,11,13
Person,Breanna Neal,,,,,16647,,,,,2,0,2
Person,Haley Williams,,,,,16648,,,,,1,0,1
Person,Jamie Davis,,,,,16649,,,,,2,0,2
Person,Wei Zhang,,,,,16650,,,,,1,0,1
Person,Min Zhong,,,,,16651,,,,,2,0,2
Song,Endless July,True,2027,Alternative Rock,True,16652,2027,,,2027.0,2,8,10
Song,Golden Hours,True,2023,Dream Pop,True,16653,,,,2023.0,2,11,13
Person,Guiying Lu,,,,,16654,,,,,1,0,1
Person,Nicole Anderson,,,,,16655,,,,,1,0,1
Person,Joshua Holmes,,,,,16656,,,,,2,0,2
Person,Ping Cai,,,,,16657,,,,,1,0,1
Song,Barefoot Horizons,True,2018,Synthwave,True,16658,2018,,,2018.0,4,3,7
Album,Hey Now!,,1997,Darkwave,True,16659,1997,,1997,1997.0,2,5,7
Person,Jacques Imbert de la Munoz,,,,,16660,,T3K THA GOD,,,1,0,1
Person,Anouk Carre,,,,,16661,,,,,1,0,1
Person,Alex Leblanc,,,,,16662,,,,,1,0,1
Person,Madeleine Raymond,,,,,16663,,,,,2,0,2
RecordLabel,Arcadia Bay College,,,,,16664,,,,,0,1,1
Song,Listen Up!,True,2017,Doom Metal,True,16665,2017,,,2017.0,4,5,9
Person,Megan Bridges,,,,,16666,,,,,2,0,2
Person,Caleb Ross,,,,,16667,,,,,1,0,1
RecordLabel,Zenith Ridge University,,,,,16668,,,,,0,2,2
Album,Calling Out!,,1997,Synthwave,True,16669,1997,,,1997.0,2,4,6
Song,Wake Up!,True,2018,Lo-Fi Electronica,True,16670,,,,2018.0,1,9,10
Person,Min Kong,,,,,16671,,,,,1,0,1
Song,Echoes of Electric Rage,True,2023,Dream Pop,True,16672,,,,2023.0,4,7,11
Person,Radomír Hruška,,,,,16673,,,,,1,0,1
Person,Miloš Horváth,,,,,16674,,,,,1,0,1
Person,Leonard Schwital,,,,,16675,,,,,1,0,1
Person,Vlastimil Pokorný,,,,,16676,,,,,1,0,1
Person,Jaroslava Hrubá,,,,,16677,,,,,1,0,1
Person,Jindřich Zeman,,,,,16678,,,,,2,0,2
Song,Stormborn Horizon,False,2028,Dream Pop,True,16679,,,,2028.0,2,7,9
Person,Wei Mao,,,,,16680,,,,,1,0,1
Person,Fang Yuan,,,,,16681,,,,,1,0,1
Person,Na Lei,,,,,16682,,,,,2,0,2
Person,Xiuying Wu,,,,,16683,,,,,1,0,1
Person,Juan Lei,,,,,16684,,,,,1,0,1
Person,Fang Mao,,,,,16685,,,,,1,0,1
Song,Thunderstruck Memories,True,2028,Indie Folk,True,16686,2028,,,2028.0,4,6,10
Person,Ping Mo,,,,,16687,,,,,1,0,1
Person,Robin Miller,,,,,16688,,,,,1,0,1
Person,Lei Zhu,,,,,16689,,,,,1,0,1
Album,Lightning's Whispered Journey,,2026,Space Rock,True,16690,2026,,,2026.0,3,6,9
Person,Xiuying Meng,,,,,16691,,,,,1,0,1
Person,Lei Lin,,,,,16692,,,,,1,0,1
Person,Yan Zhu,,,,,16693,,,,,1,0,1
Person,Yong Cao,,,,,16694,,,,,1,0,1
Song,Midnight Meds,True,2023,Indie Folk,True,16695,2023,,,2023.0,3,4,7
Person,Lei Lu,,,,,16696,,,,,1,0,1
Song,Fluorescent Vigil,True,2026,Alternative Rock,True,16697,2026,,2026,2026.0,5,3,8
Person,Lei Yao,,,,,16698,,,,,1,0,1
Song,Whispers in Ward 7,False,2025,Doom Metal,True,16699,2025,,,2025.0,4,6,10
Person,Jing Wu,,,,,16700,,,,,2,0,2
Person,Gang Duan,,,,,16701,,,,,1,0,1
Song,Shift of Mercy,True,1997,Avant-Garde Folk,True,16702,1997,,,1997.0,3,7,10
Person,Stacy Hudson,,,,,16703,,,,,2,0,2
Person,Steven Carter,,,,,16704,,,,,1,0,1
Song,Pasir Putih Memories,True,2017,Synthwave,True,16705,,,2017,2017.0,3,3,6
Person,Carlos Franco,,,,,16706,,,,,2,0,2
Song,Tin Mining Blues,True,2021,Space Rock,True,16707,2021,,,2021.0,3,10,13
Person,Marcus Berry,,,,,16708,,,,,2,0,2
Person,Li Gu,,,,,16709,,,,,1,0,1
Song,Sirens of the Bangka Strait,True,2027,Dream Pop,True,16710,,,,2027.0,5,10,15
Person,Xiuying Ren,,,,,16711,,,,,1,0,1
Person,Chao Liang,,,,,16712,,,,,1,0,1
Person,Yang Mao,,,,,16713,,,,,1,0,1
Song,Roots and Waves of the Island,False,2007,Alternative Rock,True,16714,,,,2007.0,2,5,7
Album,Fragments of a Forgotten Melody,,2013,Indie Folk,False,16715,2013,,,2013.0,1,10,11
Song,Echoes of the Incomplete,True,2018,Indie Pop,True,16716,,,,2018.0,3,3,6
Person,Vincent Berg,,,,,16717,,,,,1,0,1
Person,Kim Craig,,,,,16718,,,,,2,0,2
Album,The Conductor's Last Whisper,,2010,Psychedelic Rock,True,16719,,,,2010.0,2,23,25
Song,Silent Movements Unresolved,False,2000,Blues Rock,True,16720,2000,,,2000.0,4,6,10
Person,Andrea Hamilton,,,,,16721,,,,,2,0,2
Person,Sandra Hunter,,,,,16722,,,,,1,0,1
Person,Alexis Griffith,,,,,16723,,,,,1,0,1
Song,Sole Survivor,True,2000,Speed Metal,True,16724,,,,2000.0,5,13,18
Person,Russell Blake,,,,,16725,,,,,1,0,1
Person,Christopher Martinez,,,,,16726,,,,,1,0,1
Song,"Final Breath, Unbroken",True,2013,Indie Folk,True,16727,,,,2013.0,2,5,7
Song,Echoes of the Fallen,True,2017,Indie Rock,True,16728,,,,2017.0,2,5,7
Album,Battlefield Solitude,,2029,Oceanus Folk,True,16729,,,,2029.0,3,9,12
Person,Na Guo,,,,,16730,, Jenna Sky,,,1,0,1
Person,Guiying Dong,,,,,16731,,,,,1,0,1
Person,Na Peng,,,,,16732,,,,,1,0,1
Person,Na Jiang,,,,,16733,,,,,1,0,1
Song,Babel's Broken Tongue,True,2013,Oceanus Folk,True,16734,,,,2013.0,2,2,4
Person,Jun Bai,,,,,16735,,,,,1,0,1
Song,Linguistic Limbo,True,2006,Dream Pop,True,16736,,,,2006.0,3,7,10
Person,Yong Lin,,,,,16737,,,,,1,0,1
Person,Robin Harris,,,,,16738,,,,,2,0,2
Song,Words Without Borders,True,2023,Doom Metal,True,16739,,,,2023.0,2,3,5
Person,Shelia Miller,,,,,16740,,Spectral Harvest,,,1,0,1
Song,Harmonic Fragments,False,1994,Southern Gothic Rock,True,16741,,,,1994.0,1,5,6
Person,Edward Ellis,,,,,16742,,,,,1,0,1
Person,Holly Lucero,,,,,16743,,,,,1,0,1
MusicalGroup,Quattro Voci,,,,,16744,,,,,34,2,36
MusicalGroup,Sonic Renegade,,,,,16745,,,,,18,4,22
MusicalGroup,Arctic Scholars,,,,,16746,,,,,15,2,17
MusicalGroup,The Wandering Pulse,,,,,16747,,,,,14,4,18
MusicalGroup,Ochre,,,,,16748,,,,,15,4,19
MusicalGroup,Radical Syntax,,,,,16749,,,,,9,2,11
MusicalGroup,Zenith Horizon,,,,,16750,,,,,10,4,14
MusicalGroup,Nordic Kitchen Collective,,,,,16751,,,,,10,4,14
MusicalGroup,Verdant Pulse,,,,,16752,,,,,8,2,10
MusicalGroup,Crimson Theorem,,,,,16753,,,,,8,4,12
MusicalGroup,Nordic Echo,,,,,16754,,,,,10,2,12
MusicalGroup,Interval Shift,,,,,16755,,,,,9,3,12
MusicalGroup,Triassic Collective,,,,,16756,,,,,7,2,9
MusicalGroup,Artisans of Rhythm,,,,,16757,,,,,6,4,10
MusicalGroup,Joker's Smile,,,,,16758,,,,,8,4,12
MusicalGroup,Jam & Honey,,,,,16759,,,,,7,2,9
MusicalGroup,Fiesta Nocturna,,,,,16760,,,,,8,2,10
MusicalGroup,Neon Horizon,,,,,16761,,,,,7,2,9
MusicalGroup,SideShift,,,,,16762,,,,,8,2,10
MusicalGroup,Martial Harmonies,,,,,16763,,,,,7,5,12
MusicalGroup,Burrowing Rodent,,,,,16764,,,,,6,3,9
MusicalGroup,Renegade Harmony,,,,,16765,,,,,5,4,9
MusicalGroup,Synaptic Collapse,,,,,16766,,,,,7,2,9
MusicalGroup,Whispers & Echoes,,,,,16767,,,,,5,2,7
MusicalGroup,Liquid Vortex,,,,,16768,,,,,6,3,9
MusicalGroup,Blueprints,,,,,16769,,,,,7,3,10
MusicalGroup,Lunar Syntax,,,,,16770,,,,,6,5,11
MusicalGroup,Undetected,,,,,16771,,,,,7,3,10
MusicalGroup,Silver Seraph,,,,,16772,,,,,7,4,11
MusicalGroup,Midnight Recursion,,,,,16773,,,,,9,3,12
MusicalGroup,Echoes of Arcadia,,,,,16774,,,,,8,2,10
MusicalGroup,Starseed,,,,,16775,,,,,8,2,10
MusicalGroup,Archipelago,,,,,16776,,,,,5,3,8
MusicalGroup,Luna Spark,,,,,16777,,,,,4,2,6
MusicalGroup,Buzz Collective,,,,,16778,,,,,5,2,7
MusicalGroup,Syncopated Symphony Collective,,,,,16779,,,,,5,2,7
MusicalGroup,Midnight Harvest,,,,,16780,,,,,4,3,7
MusicalGroup,Sovereign Elect,,,,,16781,,,,,5,2,7
MusicalGroup,Primal Rhythm,,,,,16782,,,,,4,4,8
MusicalGroup,Encrucijada,,,,,16783,,,,,5,3,8
MusicalGroup,The Cedar Lane Collective,,,,,16784,,,,,6,4,10
MusicalGroup,Midnight Prism,,,,,16785,,,,,4,2,6
MusicalGroup,Nomadic Resonance,,,,,16786,,,,,4,2,6
MusicalGroup,Ascendant,,,,,16787,,,,,5,2,7
MusicalGroup,Shared Secrets,,,,,16788,,,,,4,3,7
MusicalGroup,The Chaotic Realm of Elliot Flame,,,,,16789,,,,,5,2,7
MusicalGroup,Collettivo Moderno,,,,,16790,,,,,5,2,7
MusicalGroup,Operatic Insurgence,,,,,16791,,,,,5,2,7
MusicalGroup,Civic Ensemble,,,,,16792,,,,,5,2,7
MusicalGroup,Snout Noise,,,,,16793,,,,,4,2,6
MusicalGroup,Prisma Flux,,,,,16794,,,,,5,5,10
MusicalGroup,Twilight Riders,,,,,16795,,,,,5,3,8
MusicalGroup,Liquid Prism,,,,,16796,,,,,5,2,7
MusicalGroup,Loro,,,,,16797,,,,,4,5,9
MusicalGroup,Hex Collective,,,,,16798,,,,,5,2,7
MusicalGroup,Crossroads & Cipher,,,,,16799,,,,,5,2,7
MusicalGroup,Lunar Echo,,,,,16800,,,,,5,2,7
MusicalGroup,Luminescence,,,,,16801,,,,,6,2,8
MusicalGroup,Cosmic Drift,,,,,16802,,,,,5,3,8
MusicalGroup,Coastal Horizon,,,,,16803,,,,,4,2,6
MusicalGroup,Mutual Orbit,,,,,16804,,,,,4,2,6
MusicalGroup,Pulse Collective,,,,,16805,,,,,4,3,7
MusicalGroup,The Omega Collective,,,,,16806,,,,,4,2,6
MusicalGroup,Narrow Passages,,,,,16807,,,,,6,4,10
MusicalGroup,Final Order,,,,,16808,,,,,4,3,7
MusicalGroup,Razor's Lament,,,,,16809,,,,,4,3,7
MusicalGroup,Peripheral Circuit,,,,,16810,,,,,4,2,6
MusicalGroup,Preset Protocol,,,,,16811,,,,,4,2,6
MusicalGroup,Spectral Junk,,,,,16812,,,,,6,4,10
MusicalGroup,The Seekers,,,,,16813,,,,,6,2,8
MusicalGroup,Sonic Pulse,,,,,16814,,,,,5,3,8
MusicalGroup,Sync Shift,,,,,16815,,,,,4,2,6
MusicalGroup,Psycho Twang,,,,,16816,,,,,3,2,5
MusicalGroup,Sonora Flux,,,,,16817,,,,,3,2,5
MusicalGroup,The Feast,,,,,16818,,,,,5,2,7
MusicalGroup,Electric Novella,,,,,16819,,,,,5,3,8
MusicalGroup,Melodic Mischief,,,,,16820,,,,,5,2,7
MusicalGroup,Celestial Ink,,,,,16821,,,,,3,3,6
MusicalGroup,Rhythm Brothers,,,,,16822,,,,,5,2,7
MusicalGroup,Ursus,,,,,16823,,,,,4,2,6
MusicalGroup,Brass Horizon Ensemble,,,,,16824,,,,,4,2,6
MusicalGroup,Neon Pulse,,,,,16825,,,,,4,2,6
MusicalGroup,The Three Drafts,,,,,16826,,,,,4,2,6
MusicalGroup,Harmonic Collective,,,,,16827,,,,,4,3,7
MusicalGroup,Voltage Veil,,,,,16828,,,,,3,2,5
MusicalGroup,Lunar Pulse,,,,,16829,,,,,3,2,5
MusicalGroup,Klok en Snaar,,,,,16830,,,,,3,2,5
MusicalGroup,Intermezzo Collective,,,,,16831,,,,,5,2,7
MusicalGroup,Whisper the Thistles,,,,,16832,,,,,4,2,6
MusicalGroup,Whispered Strings,,,,,16833,,,,,4,2,6
MusicalGroup,Moonlit Avenue,,,,,16834,,,,,3,2,5
MusicalGroup,The Rhythm Rascals,,,,,16835,,,,,4,2,6
MusicalGroup,Terra Nova,,,,,16836,,,,,3,2,5
MusicalGroup,Mineral Breath Asphalt,,,,,16837,,,,,3,2,5
MusicalGroup,Borderlands,,,,,16838,,,,,4,2,6
MusicalGroup,Whispered Embers,,,,,16839,,,,,4,4,8
MusicalGroup,Surveillance,,,,,16840,,,,,3,3,6
MusicalGroup,Phantom Syntax,,,,,16841,,,,,5,3,8
MusicalGroup,Midnight Feather,,,,,16842,,,,,4,3,7
MusicalGroup,Immortal Spark,,,,,16843,,,,,3,2,5
MusicalGroup,Lueur,,,,,16844,,,,,5,2,7
MusicalGroup,Bureaucracy,,,,,16845,,,,,3,2,5
MusicalGroup,The Forgotten Archives,,,,,16846,,,,,3,2,5
MusicalGroup,Celestial Horizon,,,,,16847,,,,,4,2,6
MusicalGroup,Blazing Collective,,,,,16848,,,,,5,2,7
MusicalGroup,Velvet Rogue,,,,,16849,,,,,3,2,5
MusicalGroup,Silent Horizon,,,,,16850,,,,,5,2,7
MusicalGroup,Kinship Harmony,,,,,16851,,,,,4,2,6
MusicalGroup,Sonic Disintegration Protocol,,,,,16852,,,,,4,2,6
MusicalGroup,Stormens Sång,,,,,16853,,,,,5,2,7
MusicalGroup,Knarren,,,,,16854,,,,,4,2,6
MusicalGroup,Velvet Prism,,,,,16855,,,,,3,2,5
MusicalGroup,Parallel Static,,,,,16856,,,,,5,3,8
MusicalGroup,Lunar Drift,,,,,16857,,,,,4,4,8
MusicalGroup,Subtle Noise,,,,,16858,,,,,4,2,6
MusicalGroup,Glide,,,,,16859,,,,,3,2,5
MusicalGroup,Sly Notion,,,,,16860,,,,,5,5,10
MusicalGroup,Cosmic Sankey,,,,,16861,,,,,3,2,5
MusicalGroup,Operatic Pulse,,,,,16862,,,,,4,2,6
MusicalGroup,Restless Verse,,,,,16863,,,,,5,2,7
MusicalGroup,Nocturnal Drifters,,,,,16864,,,,,3,2,5
MusicalGroup,Rusty Anvil,,,,,16865,,,,,5,2,7
MusicalGroup,Whisper Cascade,,,,,16866,,,,,4,4,8
MusicalGroup,Velvet Haze,,,,,16867,,,,,5,2,7
MusicalGroup,Stormheart,,,,,16868,,,,,4,3,7
MusicalGroup,Electric Twist,,,,,16869,,,,,3,2,5
MusicalGroup,Luminous Fracture,,,,,16870,,,,,4,2,6
MusicalGroup,Midnight Protocol,,,,,16871,,,,,3,3,6
MusicalGroup,Collective Conscience,,,,,16872,,,,,4,2,6
MusicalGroup,Animated Antics,,,,,16873,,,,,4,2,6
MusicalGroup,Split Persona,,,,,16874,,,,,5,2,7
MusicalGroup,Subterranean Whispers,,,,,16875,,,,,3,2,5
MusicalGroup,Moral Friction,,,,,16876,,,,,5,2,7
MusicalGroup,Misfit Bistro,,,,,16877,,,,,4,2,6
MusicalGroup,Quantum Sonic Architects,,,,,16878,,,,,4,2,6
MusicalGroup,Nordisk Resonans,,,,,16879,,,,,3,2,5
MusicalGroup,Talvikierros,,,,,16880,,,,,3,2,5
MusicalGroup,Green Haze Collective,,,,,16881,,,,,3,2,5
MusicalGroup,Rebel Scream,,,,,16882,,,,,4,3,7
MusicalGroup,Fixx'd,,,,,16883,,,,,3,2,5
MusicalGroup,Balkan Prisms,,,,,16884,,,,,4,3,7
MusicalGroup,Diaspora Rising,,,,,16885,,,,,4,2,6
MusicalGroup,Vperyod Siyanie!,,,,,16886,,,,,4,2,6
MusicalGroup,Jazzy Wanderers,,,,,16887,,,,,4,3,7
MusicalGroup,Pivotal Trinity,,,,,16888,,,,,5,2,7
MusicalGroup,Echoes of Eternity,,,,,16889,,,,,4,3,7
MusicalGroup,Estación Sonora,,,,,16890,,,,,6,2,8
MusicalGroup,Insurgencia,,,,,16891,,,,,4,2,6
MusicalGroup,Embers of Wrath,,,,,16892,,,,,3,3,6
MusicalGroup,Neue Schicht,,,,,16893,,,,,3,2,5
MusicalGroup,Phantom Harmony,,,,,16894,,,,,4,3,7
MusicalGroup,Narrer på Vagt,,,,,16895,,,,,4,2,6
MusicalGroup,The Garage Dolls,,,,,16896,,,,,4,2,6
MusicalGroup,Bouncy Gong,,,,,16897,,,,,5,2,7
MusicalGroup,Citrus Spirit,,,,,16898,,,,,3,4,7
MusicalGroup,Arco Luminoso,,,,,16899,,,,,3,2,5
MusicalGroup,The Midnight Sentinels,,,,,16900,,,,,3,2,5
MusicalGroup,Jovens Sujos,,,,,16901,,,,,4,2,6
MusicalGroup,The Wayfarers,,,,,16902,,,,,4,2,6
MusicalGroup,Velvet Horizon,,,,,16903,,,,,4,2,6
MusicalGroup,Necropolis Noir,,,,,16904,,,,,3,2,5
MusicalGroup,Fractured Mirrors,,,,,16905,,,,,3,2,5
MusicalGroup,Midnight Terrain,,,,,16906,,,,,3,2,5
MusicalGroup,Lunar Prism,,,,,16907,,,,,3,2,5
MusicalGroup,Rhythm Collective,,,,,16908,,,,,3,2,5
MusicalGroup,Urban Decay Theorem,,,,,16909,,,,,4,2,6
MusicalGroup,Phantom Roots,,,,,16910,,,,,3,2,5
MusicalGroup,Sawyer and the Frontiers,,,,,16911,,,,,4,3,7
MusicalGroup,Ivory Pulse,,,,,16912,,,,,4,2,6
MusicalGroup,Synaptic Stream,,,,,16913,,,,,3,2,5
MusicalGroup,Phantom Sync,,,,,16914,,,,,3,4,7
MusicalGroup,Highway Vibes,,,,,16915,,,,,4,2,6
MusicalGroup,Radiant Siblings,,,,,16916,,,,,5,4,9
MusicalGroup,Crimson Harvest,,,,,16917,,,,,3,2,5
MusicalGroup,The Nulls,,,,,16918,,,,,3,2,5
MusicalGroup,Spirit & Rhythm,,,,,16919,,,,,3,2,5
MusicalGroup,Whispered Alibi,,,,,16920,,,,,3,2,5
MusicalGroup,Ethereal Chorus,,,,,16921,,,,,4,2,6
MusicalGroup,Obsidian Harmony,,,,,16922,,,,,4,2,6
MusicalGroup,LyriCrest,,,,,16923,,,,,3,4,7
MusicalGroup,Rhythmic Echo,,,,,16924,,,,,3,2,5
MusicalGroup,Valhalla's Fury,,,,,16925,,,,,4,2,6
MusicalGroup,Brüderklang,,,,,16926,,,,,4,3,7
MusicalGroup,Electric Collective,,,,,16927,,,,,5,3,8
MusicalGroup,Whispered Resonance,,,,,16928,,,,,5,2,7
MusicalGroup,Sovereign Riders,,,,,16929,,,,,4,2,6
MusicalGroup,Phantom Resonance,,,,,16930,,,,,4,4,8
MusicalGroup,Forjadura,,,,,16931,,,,,4,2,6
MusicalGroup,Double Chance,,,,,16932,,,,,3,2,5
MusicalGroup,Warm Circuit,,,,,16933,,,,,3,2,5
MusicalGroup,Los Leones del Valle,,,,,16934,,,,,3,2,5
MusicalGroup,Fallen Cherubs,,,,,16935,,,,,6,2,8
MusicalGroup,Radiation Pulse,,,,,16936,,,,,3,2,5
MusicalGroup,Echo Syntax,,,,,16937,,,,,3,3,6
MusicalGroup,Andean Horizon,,,,,16938,,,,,3,2,5
MusicalGroup,Cardboard Twenty-Five,,,,,16939,,,,,3,2,5
Person,Luna Skye,,,,,16940,,,,,3,0,3
Person,Max Wilder,,,,,16941,,,,,3,0,3
Person,Nova Blaze,,,,,16942,,,,,3,0,3
MusicalGroup,The Lunar Tides,,,,,16943,,,,,6,4,10
Album,Salt,,2035,Dream Pop,True,16944,2034,,,2035.0,1,5,6
Album,Neon Wasteland,,2033,Dream Pop,False,16945,2032,,,2033.0,1,5,6
Song,Celestial Drifter,True,2035,Dream Pop,False,16946,,,,2035.0,0,1,1
Song,Fading into Foam,True,2033,Dream Pop,False,16947,,,,2033.0,0,1,1
Person,Aria Stone,,,,,16948,,Rune Aurora,,,3,0,3
Person,Jaxon Rivers,,,,,16949,,Zephyr Wilds,,,3,0,3
Person,Lila Green,,,,,16950,,,,,3,0,3
Person,Theo Gray,,,,,16951,,,,,3,0,3
MusicalGroup,Rust & Reverie,,,,,16952,,,,,6,5,11
Album,Ghosts in the Grain,,2032,Indie Folk,False,16953,2031,,,2032.0,0,6,6
Album,The Last Transmission,,2033,Indie Folk,True,16954,2032,,,2033.0,1,6,7
Song,Beneath the Pines,True,2032,Indie Folk,True,16955,,,,2032.0,2,1,3
Song,Fading Lanterns,False,2035,Indie Folk,False,16956,,,,2035.0,0,1,1
Song,Stories Left Untold,False,2037,Indie Folk,False,16957,,,,2037.0,1,1,2
Person,Zane Cruz,,,,,16958,,,,,3,0,3
Person,Iris Moon,,,,,16959,,,,,3,0,3
MusicalGroup,Violet Engines,,,,,16960,,,,,7,3,10
Album,Neon Heartbeat,,2031,Synthwave,False,16961,2030,,,2031.0,0,5,5
Album,Cosmic Lullabies,,2035,Synthwave,True,16962,2034,,,2035.0,0,4,4
Song,Highway Lights,False,2031,Synthwave,False,16963,,,,2031.0,1,1,2
Song,The Ghost in the Drive,False,2031,Synthwave,True,16964,,,,2031.0,1,1,2
Song,Hologram Love,False,2035,Synthwave,False,16965,,,,2035.0,0,1,1
Person,Solace Vesper,,,,,16966,,River Vale,,,7,1,8
Album,Chapel of Ash,,2036,Doom Metal,True,16967,2035,,,2036.0,0,3,3
Song,Summoning the End,True,2036,Doom Metal,False,16968,,,,2036.0,0,1,1
Song,Obsidian Throne,True,2036,Doom Metal,False,16969,,,,2036.0,0,1,1
Song,The Hourglass Empties,True,2036,Doom Metal,True,16970,,,,2036.0,2,1,3
Person,Jasper Quinn,,,,,16971,,,,,9,1,10
Album,Glass Horizons,,2039,Alternative Rock,True,16972,2038,,,2039.0,1,3,4
Album,Lies We Tell the Moon,,2037,Alternative Rock,False,16973,2036,,,2037.0,0,3,3
Song,Everything Breaks Eventually,True,2039,Alternative Rock,False,16974,,,,2039.0,0,1,1
Song,Fire Escape Dreams,True,2039,Alternative Rock,False,16975,,,,2039.0,1,1,2
Song,The Morning After,False,2037,Alternative Rock,False,16976,,,,2037.0,0,1,1
Person,Mira Everly,,,,,16977,,Ivy Lux,,,9,1,10
Album,Serpents & Salvations,,2031,Southern Gothic Rock,False,16978,2030,,,2031.0,2,3,5
Album,Disco Apocalypse,,2033,Southern Gothic Rock,False,16979,2032,,,2033.0,2,3,5
Song,Black River Run,True,2031,Southern Gothic Rock,True,16980,,,,2031.0,0,1,1
Song,The Preacher's Gun,False,2031,Southern Gothic Rock,True,16981,,,,2031.0,0,1,1
Song,Bones in the Dust,False,2033,Southern Gothic Rock,True,16982,,,,2033.0,0,1,1
Person,Sophie Bennett,,,,,16983,,Luna Vibe,,,3,0,3
Person,Michael Harris,,,,,16984,,Axel Blaze,,,3,0,3
Person,Kara Lee,,,,,16985,,Jade Sky,,,3,0,3
Person,Ethan Clarke,,,,,16986,,Maverick Storm,,,3,0,3
MusicalGroup,Tidal Reverie,,,,,16987,,,,,7,5,12
Album,Songs from the Drowned World,,2035,Oceanus Folk,True,16988,2034,,,2035.0,0,7,7
Album,Ballads for the End of Time,,2033,Oceanus Folk,True,16989,2032,,,2033.0,0,7,7
Song,The Bells Beneath the Waves,True,2035,Oceanus Folk,False,16990,,,,2035.0,1,1,2
Song,Forgotten Harbors,False,2035,Oceanus Folk,False,16991,,,,2035.0,0,1,1
Song,Beneath the Coral Veil,True,2033,Oceanus Folk,False,16992,,,,2033.0,0,1,1
Person,Olivia Carter,,,,,16993,,Echo Wilde,,,4,0,4
Person,Lucas Bennett,,,,,16994,,,,,4,0,4
Person,Maya Torres,,,,,16995,,Selene Noir,,,4,0,4
MusicalGroup,Crimson Carriage,,,,,16996,,,,,9,4,13
Album,Rust & Ruin,,2030,Americana,False,16997,2029,,,2030.0,0,5,5
Album,Glitches in the Rain,,2035,Americana,False,16998,2034,,,2035.0,0,5,5
Album,Melancholy Circuitry,,2033,Americana,True,16999,2032,,,2033.0,1,6,7
Song,Dust and Whiskey,True,2030,Americana,False,17000,,,,2030.0,1,1,2
Song,Last Train to Nowhere,True,2035,Americana,False,17001,,,,2035.0,0,1,1
Song,Under a Dying Sun,False,2035,Americana,True,17002,,,,2035.0,2,1,3
Song,The Road Calls Again,True,2033,Americana,False,17003,,,,2033.0,1,1,2
Person,Willow Sage,,,,,17004,,Horizon Fable,,,12,1,13
Album,A Lush Dystopia,,2031,Psychedelic Rock,True,17005,2030,,,2031.0,0,3,3
Album,Cigarettes & Daydreams,,2032,Psychedelic Rock,True,17006,2031,,,2032.0,2,3,5
Album,Fables for the Fading,,2033,Psychedelic Rock,True,17007,2032,,,2033.0,0,3,3
Song,Echoes in the Alleyway,True,2031,Psychedelic Rock,False,17008,,,,2031.0,0,1,1
Song,Mirage of the Mind,True,2032,Psychedelic Rock,False,17009,,,,2032.0,0,1,1
Song,Paper Sunsets,True,2033,Psychedelic Rock,True,17010,,,,2033.0,2,1,3
Song,Velvet Catacombs,True,2033,Psychedelic Rock,True,17011,,,,2033.0,2,1,3
Person,Sienna Fox,,,,,17012,,,,,10,1,11
Album,Liturgies of the Abyss,,2038,Indie Rock,True,17013,2037,,,2038.0,0,4,4
Album,Holographic Heartache,,2035,Indie Rock,True,17014,2034,,,2035.0,0,4,4
Song,Sacrificial Dawn,True,2038,Indie Rock,True,17015,,,,2038.0,2,1,3
Song,Choirs of the Nameless,False,2038,Indie Rock,False,17016,,,,2038.0,0,1,1
Song,Writ in Blood,False,2038,Indie Rock,True,17017,,,,2038.0,2,1,3
Song,Chants for the Devoured,True,2035,Indie Rock,False,17018,,,,2035.0,1,1,2
Song,Beneath the Sepulcher Moon,False,2035,Indie Rock,True,17019,,,,2035.0,2,1,3
Person,Zara Quinn,,,,,17020,,,,,3,0,3
Person,Milo Knight,,,,,17021,,,,,3,0,3
MusicalGroup,Cassette Future,,,,,17022,,,,,9,3,12
Album,Magnetized Nostalgia,,2032,Lo-Fi Electronica,True,17023,2031,,,2032.0,0,4,4
Album,Midnight Static,,2034,Lo-Fi Electronica,True,17024,2033,,,2034.0,0,4,4
Song,Dusty Frequencies,False,2032,Lo-Fi Electronica,False,17025,,,,2032.0,0,1,1
Song,AM Radio Ghosts,False,2034,Lo-Fi Electronica,True,17026,,,,2034.0,2,1,3
Song,Betamax Dreams,True,2034,Lo-Fi Electronica,True,17027,,,,2034.0,2,1,3
Song,Neon Memory Glitch,False,2034,Lo-Fi Electronica,False,17028,,,,2034.0,0,1,1
Song,Pixel Heartache,False,2034,Lo-Fi Electronica,False,17029,,,,2034.0,0,1,1
Person,Eliza Brooks,,,,,17030,,Midnight Atlas,,,4,0,4
Person,Jasper Reed,,,,,17031,,,,,4,0,4
MusicalGroup,Silver Veil,,,,,17032,,,,,10,3,13
Album,Horizon Line Blur,,2031,Indie Pop,True,17033,2030,,,2031.0,0,5,5
Album,Heartbreak in 4K,,2033,Indie Pop,False,17034,2032,,,2033.0,0,4,4
Album,Nocturnal Alibi,,2035,Indie Pop,True,17035,2034,,,2035.0,1,5,6
Song,Summer’s End (Forever),True,2031,Indie Pop,True,17036,,,,2031.0,2,1,3
Song,Paper Planes and Daydreams,True,2033,Indie Pop,False,17037,,,,2033.0,0,1,1
Song,Skyline Glow,True,2035,Indie Pop,False,17038,,,,2035.0,2,1,3
Song,A Letter Never Sent,False,2035,Indie Pop,False,17039,,,,2035.0,0,1,1
Song,Fading Footsteps in the Sand,False,2035,Indie Pop,False,17040,,,,2035.0,0,1,1
Person,Arlo Sterling,,,,,17041,,,,,4,0,4
Person,Lyra Blaze,,,,,17042,,,,,4,0,4
Person,Orion Cruz,,,,,17043,,,,,4,0,4
Person,Elara May,,,,,17044,,,,,4,0,4
Person,Cassian Rae,,,,,17045,,,,,4,0,4
MusicalGroup,The Brine Choir,,,,,17046,,,,,9,6,15
Album,Drifting Between the Stars and the Sea,,2034,Oceanus Folk,True,17047,2033,,,2034.0,0,8,8
Album,Artificial Sunsets,,2035,Oceanus Folk,True,17048,2034,,,2035.0,0,8,8
Album,Electric Reverie,,2038,Oceanus Folk,True,17049,2037,,,2038.0,2,8,10
Song,Star-Touched Tides,True,2034,Oceanus Folk,True,17050,,,,2034.0,2,1,3
Song,Echoes in a Seashell,False,2034,Oceanus Folk,False,17051,,,,2034.0,0,1,1
Song,Beneath the Celestial Wake,True,2035,Oceanus Folk,False,17052,,,,2035.0,0,1,1
Song,Driftwood and Stardust,True,2038,Oceanus Folk,False,17053,,,,2038.0,0,1,1
Person,Jax Holloway,,,,,17054,,,,,3,0,3
Person,Riley Vex,,,,,17055,,,,,3,0,3
Person,Ash Mercer,,,,,17056,,,,,3,0,3
MusicalGroup,Desert Echoes,,,,,17057,,,,,5,4,9
Song,Cactus Bloom Serenade,True,2033,Desert Rock,True,17058,2032,,,2033.0,1,6,7
Album,Broken Anthems,,2031,Desert Rock,False,17059,2030,,,2031.0,2,6,8
Song,Dunes of Time,False,2031,Desert Rock,True,17060,,,,2031.0,1,2,3
Person,Juno Ray,,,,,17061,,,,,3,0,3
Person,Savannah Teal,,,,,17062,,,,,3,0,3
MusicalGroup,The Phantom Operators,,,,,17063,,,,,7,3,10
Album,Secret Frequencies,,2034,Jazz Surf Rock,False,17064,2033,,,2034.0,2,6,8
Album,The Algorithm of Love,,2036,Jazz Surf Rock,False,17065,2035,,,2036.0,0,5,5
Song,Codebreaker’s Waltz,False,2034,Jazz Surf Rock,True,17066,,,,2034.0,2,1,3
Song,The Getaway Route,False,2036,Jazz Surf Rock,True,17067,,,,2036.0,2,1,3
Song,Classified Groove,False,2036,Jazz Surf Rock,True,17068,,,,2036.0,2,1,3
Person,Quinn Rivers,,,,,17069,,,,,3,0,3
Person,Ryder Lyons,,,,,17070,,,,,3,0,3
MusicalGroup,Cosmic Reverberation,,,,,17071,,,,,6,3,9
Album,Time Loops & Stargazing,,2030,Space Rock,False,17072,2029,,,2030.0,2,4,6
Album,Vultures & Violins,,2033,Space Rock,True,17073,2032,,,2033.0,1,4,5
Song,The Universe Listens,True,2030,Space Rock,False,17074,,,,2030.0,1,1,2
Song,Pulsar Hymn,True,2033,Space Rock,False,17075,,,,2033.0,0,1,1
Song,When We Were Stars,False,2033,Space Rock,False,17076,,,,2033.0,0,1,1
Person,Ashen Valor,,,,,17077,,Lena Nightingale,,,8,1,9
Album,Smokestack Ballads,,2033,Blues Rock,False,17078,2032,,,2033.0,0,4,4
Album,Echo Chamber Blues,,2035,Blues Rock,False,17079,2034,,,2035.0,0,3,3
Song,Crossroads Again,False,2033,Blues Rock,False,17080,,,,2033.0,0,1,1
Song,Devil’s Overtime,False,2033,Blues Rock,False,17081,,,,2033.0,1,1,2
Song,The River Won’t Let Go,True,2035,Blues Rock,False,17082,,,,2035.0,1,1,2
Person,Sylas Dune,,,,,17083,,,,,7,1,8
Album,Glass & Ghosts,,2036,Darkwave,True,17084,2035,,,2036.0,1,3,4
Song,Midnight Cathedral,False,2036,Darkwave,True,17085,,,,2036.0,2,1,3
Song,Phantom Waltz,True,2036,Darkwave,False,17086,,,,2036.0,0,1,1
Song,A Garden of Forgotten Names,True,2036,Darkwave,True,17087,,,,2036.0,0,1,1
Song,Shattered Reflections,False,2036,Darkwave,True,17088,,,,2036.0,2,1,3
Person,Clara Henderson,,,,,17089,,,,,3,0,3
Person,Ethan Crowley,,,,,17090,,,,,3,0,3
MusicalGroup,Turbo Kill,,,,,17091,,,,,7,3,10
Album,Razorblade Nights,,2034,Speed Metal,True,17092,2033,,,2034.0,1,4,5
Album,Echoes of the Neon Void,,2036,Speed Metal,True,17093,2035,,,2036.0,1,4,5
Song,Speed Demon’s Hymn,True,2034,Speed Metal,False,17094,,,,2034.0,1,1,2
Song,Highway Vengeance,False,2034,Speed Metal,False,17095,,,,2034.0,0,1,1
Song,The Blade Always Wins,True,2036,Speed Metal,False,17096,,,,2036.0,1,1,2
Person,Cole Pierce,,,,,17097,,,,,3,0,3
Person,Holden Rhys,,,,,17098,,,,,3,0,3
Person,Max Everhart,,,,,17099,,,,,3,0,3
MusicalGroup,Rainfall Fiction,,,,,17100,,,,,8,4,12
Album,Everything Feels Like Yesterday,,2033,Emo/Pop Punk,False,17101,2032,,,2033.0,1,5,6
Album,Velvet Aftermath,,2034,Emo/Pop Punk,False,17102,2033,,,2034.0,0,5,5
Song,The Notes You Left Behind,True,2033,Emo/Pop Punk,True,17103,,,,2033.0,2,1,3
Song,Letters in the Attic,False,2033,Emo/Pop Punk,True,17104,,,,2033.0,2,1,3
Song,Fumbling for Words,False,2034,Emo/Pop Punk,False,17105,,,,2034.0,0,1,1
Song,Maybe We Were Meant to Fade,False,2034,Emo/Pop Punk,True,17106,,,,2034.0,1,1,2
Person,Chloe Montgomery,,,,,17107,,Lane Taylor,,,1,0,1
Person,Nathaniel Brooks,,,,,17108,,David Cole,,,1,0,1
Person,Clara Davis,,,,,17109,,Rosemary Banks,,,1,0,1
MusicalGroup,The Hollow Monarchs,,,,,17110,,,,,9,4,13
Album,Kingdoms of Dust,,2034,Post-Apocalyptic Folk,True,17111,2033,,,2034.0,1,6,7
Album,Embers & Echoes,,2031,Post-Apocalyptic Folk,True,17112,2030,,,2031.0,2,6,8
Album,Burn After Listening,,2035,Post-Apocalyptic Folk,True,17113,2034,,,2035.0,2,5,7
Song,Smoke on the Horizon,True,2031,Post-Apocalyptic Folk,False,17114,,,,2031.0,0,1,1
Song,Echoes in the Barren Lands,False,2031,Post-Apocalyptic Folk,True,17115,,,,2031.0,2,1,3
Song,"Forgotten Names, Fading Faces",True,2034,Post-Apocalyptic Folk,False,17116,,,,2034.0,1,1,2
Song,Farewell to the Fading Sun,True,2035,Post-Apocalyptic Folk,True,17117,,,,2035.0,2,1,3
Person,Zachary Cole,,,,,17118,,,,,2,0,2
Person,Lia Grant,,,,,17119,,,,,2,0,2
MusicalGroup,Selkie's Hollow,,,,,17120,,,,,7,3,10
Album,Ballads for the Low Tide,,2037,Oceanus Folk,True,17121,2036,,,2037.0,0,6,6
Song,Skin and Saltwater,False,2037,Oceanus Folk,False,17122,,,,2037.0,1,1,2
Song,Sea Glass Memories,True,2037,Oceanus Folk,False,17123,,,,2037.0,2,1,3
Song,Vanished with the Current,True,2037,Oceanus Folk,False,17124,,,,2037.0,0,1,1
Song,When the Tide Calls My Name,False,2037,Oceanus Folk,True,17125,,,,2037.0,1,1,2
Person,Cassian Storm,,,,,17126,,Seraphina Vale,,,13,1,14
Album,Rituals of the Unseen,,2035,Avant-Garde Folk,True,17127,2034,,,2035.0,0,3,3
Album,Doomscrolling Forever,,2039,Avant-Garde Folk,False,17128,2038,,,2039.0,0,3,3
Album,The Silence Between Us,,2033,Avant-Garde Folk,False,17129,2032,,,2033.0,2,3,5
Song,Howl to the Hollow Moon,True,2035,Avant-Garde Folk,False,17130,,,,2035.0,0,1,1
Song,Voices in the Timberline,True,2033,Avant-Garde Folk,True,17131,,,,2033.0,1,2,3
Song,When the Wind Remembers,True,2039,Avant-Garde Folk,False,17132,,,,2039.0,0,1,1
Song,Ancestral Echoes,False,2039,Avant-Garde Folk,True,17133,,,,2039.0,2,1,3
Song,The Dance of the Forgotten,False,2035,Avant-Garde Folk,True,17134,,,,2035.0,2,1,3
Person,Benjamin Clark,,,,,17135,,Ben Ryder,,,4,0,4
Person,Sophia Brooks,,,,,17136,,Kaelan Frost,,,4,0,4
Person,Maximus Grey,,,,,17137,,,,,4,0,4
MusicalGroup,Iron Cathedral,,,,,17138,,,,,8,4,12
Album,Hymns for the Fallen,,2033,Symphonic Metal,False,17139,2032,,,2033.0,0,5,5
Album,Symphony for the Lost,,2032,Symphonic Metal,False,17140,2031,,,2032.0,2,5,7
Album,Astronaut Tears,,2036,Symphonic Metal,False,17141,2035,,,2036.0,1,5,6
Song,The Last Oath,True,2036,Symphonic Metal,True,17142,,,,2036.0,2,1,3
Song,Glory in Ruins,False,2036,Symphonic Metal,False,17143,,,,2036.0,0,1,1
Song,Blood Upon the Tapestry,False,2033,Symphonic Metal,False,17144,,,,2033.0,1,1,2
Song,An Elegy for the Lost,True,2032,Symphonic Metal,False,17145,,,,2032.0,1,1,2
Person,Julia Carter,,,,,17146,,Jude Rivers,,,12,1,13
Album,Radio Silence,,2035,Indie Rock,True,17147,2034,,,2035.0,2,3,5
Album,Ghosts in the Rearview,,2038,Indie Rock,False,17148,2037,,,2038.0,2,3,5
Album,Sunsick & Starborn,,2034,Indie Rock,True,17149,2033,,,2034.0,2,3,5
Song,Signals in the Static,True,2035,Indie Rock,True,17150,,,,2035.0,2,1,3
Song,Cities Without Sound,True,2035,Indie Rock,True,17151,,,,2035.0,2,1,3
Song,Tuning Out the Past,True,2038,Indie Rock,True,17152,,,,2038.0,0,1,1
Song,The Final Broadcast,True,2034,Indie Rock,True,17153,,,,2034.0,2,1,3
Song,Silence at the End of the World,True,2034,Indie Rock,False,17154,,,,2034.0,1,1,2
Person,Claire Holmes,,,,,17155,,Jaye Finch,,,13,1,14
Album,City Lights & Cigarette Dreams,,2031,Synthpop,True,17156,2030,,,2031.0,2,3,5
Album,Infinite Detour,,2032,Synthpop,True,17157,2031,,,2032.0,1,3,4
Album,Synthetic Daydreams,,2033,Synthpop,True,17158,2032,,,2033.0,2,3,5
Song,Streetlights and Synthesizers,True,2031,Synthpop,False,17159,,,,2031.0,0,1,1
Song,Melancholy Machine,False,2031,Synthpop,False,17160,,,,2031.0,0,1,1
Song,"Glass Towers, Broken Hearts",True,2032,Synthpop,True,17161,,,,2032.0,2,1,3
Song,Electric Afterglow,True,2033,Synthpop,True,17162,,,,2033.0,1,1,2
Song,"The City Never Sleeps, But We Do",False,2033,Synthpop,False,17163,,,,2033.0,1,1,2
Person,Rusty Riggins,,,,,17164,,,,,7,0,7
Person,Finn McGraw,,,,,17165,,,,,6,0,6
Person,William Tidewell,,,,,17166,,,,,6,0,6
MusicalGroup,The Salty Wakes,,,,,17167,,,,,21,5,26
Album,Tales from the Briny Deep,,1975,Sea Shanties,True,17168,1975,,,1975.0,0,5,5
Album,Rum & Reckoning,,1977,Sea Shanties,True,17169,1976,,,1977.0,0,5,5
Album,Sailors & Ghosts,,1979,Sea Shanties,True,17170,1978,,,1979.0,0,5,5
Album,Blackwater Ballads,,1981,Sea Shanties,True,17171,1980,,,1981.0,0,5,5
Song,"Heave Away, My Lads",False,1975,Sea Shanties,False,17172,,,,1975.0,0,1,1
Song,The Mermaid's Random,True,1975,Sea Shanties,False,17173,,,,1975.0,0,1,1
Song,Bones in the Sand,False,1975,Sea Shanties,False,17174,,,,1975.0,0,1,1
Song,Sing for the Drowned,False,1975,Sea Shanties,False,17175,,,,1975.0,0,1,1
Song,"Brass Compass, Broken Oath",True,1977,Sea Shanties,False,17176,,,,1977.0,0,1,1
Song,Fire in the Hold,False,1977,Sea Shanties,False,17177,,,,1977.0,0,1,1
Song,Blood in the Brine,False,1977,Sea Shanties,False,17178,,,,1977.0,0,1,1
Song,Rum for the Dead,False,1977,Sea Shanties,False,17179,,,,1977.0,0,1,1
Song,Bound for No Return,True,1979,Sea Shanties,False,17180,,,,1979.0,0,1,1
Song,The Gallows Tide,False,1979,Sea Shanties,False,17181,,,,1979.0,0,1,1
Song,Three Fathoms Down,False,1979,Sea Shanties,False,17182,,,,1979.0,0,1,1
Song,Port Royal Nights,False,1979,Sea Shanties,False,17183,,,,1979.0,0,1,1
Song,The Bell That Never Rings,False,1979,Sea Shanties,False,17184,,,,1979.0,0,1,1
Song,The Devil's Bargain,False,1981,Sea Shanties,False,17185,,,,1981.0,0,1,1
Song,Seven Days to Port,True,1981,Sea Shanties,False,17186,,,,1981.0,0,1,1
Song,"Drink Up, Me Boys",False,1981,Sea Shanties,False,17187,,,,1981.0,0,1,1
Song,The Silver Compass,False,1981,Sea Shanties,False,17188,,,,1981.0,0,1,1
Person,Ewan MacCrae,,,,,17189,,,,,6,0,6
Person,Astrid Nørgaard,,,,,17190,,,,,5,0,5
Person,Freya Lindholm,,,,,17191,,,,,6,0,6
MusicalGroup,The Fiddle & The Fjord,,,,,17192,,,,,12,8,20
Album,Echoes of the Old Way,,1980,Celtic Folk,True,17193,1979,,,1980.0,0,5,5
Album,Runes & Reverie,,1981,Celtic Folk,True,17194,1980,,,1981.0,0,5,5
Album,Blood & Heather,,1982,Celtic Folk,True,17195,1981,,,1982.0,0,5,5
Song,Mist Over Skye,False,1980,Celtic Folk,False,17196,,,,1980.0,0,1,1
Song,Where the Ravens Roam,False,1980,Celtic Folk,False,17197,,,,1980.0,0,1,1
Song,Storm & Stone,True,1980,Celtic Folk,False,17198,,,,1980.0,0,1,1
Song,The Wanderer's Oath,True,1981,Celtic Folk,False,17199,,,,1981.0,0,1,1
Song,Silver and Salt,False,1981,Celtic Folk,False,17200,,,,1981.0,0,2,2
Song,Lost at Sea,False,1981,Celtic Folk,False,17201,,,,1981.0,0,1,1
Song,The Icebound Maiden,False,1982,Celtic Folk,False,17202,,,,1982.0,0,1,1
Song,Echoes of Skalds,True,1982,Celtic Folk,False,17203,,,,1982.0,0,1,1
Song,Wild Hunt Waltz,False,1982,Celtic Folk,False,17204,,,,1982.0,0,1,1
Person,Liam O'Sullivan,,,,,17205,,,,,6,0,6
Person,Fiona Mercer,,,,,17206,,,,,6,0,6
MusicalGroup,Wayfinder's Lament,,,,,17207,,,,,18,5,23
Album,Miles & Moments,,1984,Acoustic Folk,True,17208,1983,,,1984.0,0,4,4
Album,Echoes and Embers,,1987,Acoustic Folk,True,17209,1986,,,1987.0,0,4,4
Album,The Road & The Reckoning,,1989,Acoustic Folk,True,17210,1988,,,1989.0,0,4,4
Album,Homeward Winds,,1991,Acoustic Folk,True,17211,1990,,,1991.0,0,4,4
Song,Songs We Left Behind,True,1984,Acoustic Folk,False,17212,,,,1984.0,0,1,1
Song,Three Coins and a Compass,False,1984,Acoustic Folk,False,17213,,,,1984.0,0,1,1
Song,Postcards from Nowhere,False,1984,Acoustic Folk,False,17214,,,,1984.0,0,1,1
Song,Where the Wildflowers Grow,False,1984,Acoustic Folk,False,17215,,,,1984.0,0,1,1
Song,The River Knows My Name,True,1987,Acoustic Folk,False,17216,,,,1987.0,0,1,1
Song,Cairns & Crossroads,False,1987,Acoustic Folk,False,17217,,,,1987.0,0,1,1
Song,Through the Pines,False,1987,Acoustic Folk,False,17218,,,,1987.0,0,1,1
Song,The Ballad of Hollow Creek,True,1989,Acoustic Folk,True,17219,,,,1989.0,0,1,1
Song,To the West We Go,False,1989,Acoustic Folk,True,17220,,,,1989.0,0,1,1
Song,Blackbirds in November,False,1989,Acoustic Folk,False,17221,,,,1989.0,0,1,1
Song,Lanterns on the Shore,False,1991,Acoustic Folk,False,17222,,,,1991.0,0,1,1
Song,Songs My Father Sang,False,1991,Acoustic Folk,False,17223,,,,1991.0,0,1,1
Song,Dandelion Wishes,True,1991,Acoustic Folk,False,17224,,,,1991.0,0,1,1
Song,The Hearthside Waltz,False,1991,Acoustic Folk,True,17225,,,,1991.0,0,1,1
Person,Kai Reynolds,,,,,17226,,,,,4,0,4
Person,Aiden Harper,,,,,17227,,,,,3,0,3
Person,Finn Morgan,,,,,17228,,,,,3,0,3
Person,Skylar Brooks,,,,,17229,,,,,3,0,3
MusicalGroup,The Wave Riders,,,,,17230,,,,,5,5,10
Album,Tides of Echos,,2029,Oceanus Folk,True,17231,2028,,,2029.0,2,7,9
Album,Driftwood Dreams,,2032,Oceanus Folk,True,17232,2031,,,2032.0,2,6,8
Song,Sunset Harmony,True,2029,Oceanus Folk,False,17233,,,,2029.0,1,1,2
Song,Whispering Waves,True,2032,Oceanus Folk,False,17234,,,,2032.0,0,1,1
Person,Genevieve Bell,,,,,17235,,Lux Ravenna,,,8,1,9
Album,Oceanic Rythms,,2027,Oceanus Folk,False,17236,2026,,,2027.0,0,3,3
Album,Seafarer's Lullaby,,2031,Oceanus Folk,True,17237,2030,,,2031.0,1,3,4
Song,Ocean Breeze,False,2027,Oceanus Folk,True,17238,,,,2027.0,2,1,3
Song,Siren's Song,True,2031,Oceanus Folk,False,17239,,,,2031.0,0,1,1
Person,Leo Hamilton,,,,,17240,,,,,3,0,3
Person,Noah Bennett,,,,,17241,,,,,3,0,3
Person,Ella Parker,,,,,17242,,,,,4,0,4
MusicalGroup,Mariner's Refrain,,,,,17243,,,,,6,4,10
Album,Harbor Lights,,2028,Oceanus Folk,False,17244,2027,,,2028.0,2,5,7
Album,Cresting Waves,,2030,Oceanus Folk,False,17245,2029,,,2030.0,0,7,7
Song,Buoyant Heart,True,2028,Oceanus Folk,False,17246,,,,2028.0,0,1,1
Song,Anchored Love,True,2030,Oceanus Folk,True,17247,,,,2030.0,2,3,5
Person,Mia Waters,,,,,17248,,,,,3,0,3
Person,Lila Rivers,,,,,17249,,,,,3,0,3
MusicalGroup,Siren's Call,,,,,17250,,,,,6,3,9
Album,Echos Below,,2028,Oceanus Folk,True,17251,2027,,,2028.0,1,4,5
Album,Hidden Depths,,2031,Oceanus Folk,True,17252,2030,,,2031.0,0,5,5
Song,Shoreline,False,2028,Oceanus Folk,False,17253,,,,2028.0,1,1,2
Song,Moonlit Tide,False,2031,Oceanus Folk,False,17254,,,,2031.0,0,1,1
Person,Sailor Shift,,,,,17255,,,,,52,8,60
Person,Maya Jensen,,,,,17256,,,,,6,0,6
Person,"Lila ""Lilly"" Hartman",,,,,17257,,,,,4,0,4
Person,Jade Thompson,,,,,17258,,,,,4,0,4
Person,Sophie Ramirez,,,,,17259,,,,,6,0,6
MusicalGroup,Ivy Echos,,,,,17260,,,,,15,19,34
Album,The Kelp Forest Canticles,,2024,Oceanus Folk,True,17261,2023,,,2024.0,2,10,12
Album,Luminescent Tides,,2025,Oceanus Folk,True,17262,2024,,,2025.0,0,7,7
Album,Shoreline Sonnets,,2026,Oceanus Folk,True,17263,2025,,,2026.0,0,8,8
Song,Sunken Bell Song,True,2024,Oceanus Folk,False,17264,,,,2024.0,0,1,1
Song,Dancer of the Dappled Light,False,2024,Oceanus Folk,False,17265,,,,2024.0,0,1,1
Song,Whispers in the Fronds,False,2024,Oceanus Folk,False,17266,,,,2024.0,0,1,1
Song,The Angler's Lantern,True,2025,Oceanus Folk,False,17267,,,,2025.0,0,1,1
Song,Deepsea Fireflies,False,2025,Oceanus Folk,False,17268,,,,2025.0,0,2,2
Song,Sandpiper's Serenade,False,2026,Oceanus Folk,False,17269,,,,2026.0,0,1,1
Song,Salt-Kissed Rhymes,True,2026,Oceanus Folk,True,17270,,,,2026.0,2,1,3
Song,Tidepool Epigrams,False,2026,Oceanus Folk,False,17271,,,,2026.0,0,1,1
Album,Tidal Pop Waves,,2028,Oceanus Folk,True,17272,2027,,,2028.0,0,5,5
Album,Salty Dreams,,2030,Oceanus Folk,True,17273,2029,,,2030.0,2,3,5
Album,The Current & The Chord,,2032,Oceanus Folk,True,17274,2031,,,2032.0,0,3,3
Album,Coral Beats,,2034,Oceanus Folk,True,17275,2033,,,2034.0,2,6,8
Album,Tides & Ballads,,2036,Oceanus Folk,True,17276,2035,,,2036.0,0,5,5
Album,Oceanbound,,2038,Oceanus Folk,True,17277,2037,,,2038.0,2,5,7
Album,Echoes of the Deep,,2040,Oceanus Folk,True,17278,2039,,,2040.0,0,5,5
Song,High Tide Heartbeat,True,2028,Oceanus Folk,False,17279,,,,2028.0,1,1,2
Song,Electric Eel Love,False,2028,Oceanus Folk,True,17280,,,,2028.0,2,1,3
Song,Sun-Drenched Daydream,False,2028,Oceanus Folk,False,17281,,,,2028.0,0,1,1
Song,Chord of the Deep,False,2028,Oceanus Folk,False,17282,,,,2028.0,0,1,1
Song,Heart of the Habitat,True,2030,Oceanus Folk,False,17283,,,,2030.0,0,1,1
Song,Reef Rhythm,False,2030,Oceanus Folk,False,17284,,,,2030.0,0,1,1
Song,Driftwood Lullaby,False,2030,Oceanus Folk,False,17285,,,,2030.0,1,1,2
Song,Saltwater Hymn,False,2032,Oceanus Folk,False,17286,,,,2032.0,1,1,2
Song,Moon Over the Tide,False,2034,Oceanus Folk,True,17287,,,,2034.0,2,1,3
Song,Into the Current,True,2034,Oceanus Folk,False,17288,,,,2034.0,0,1,1
Song,Barnacle Heart,False,2034,Oceanus Folk,False,17289,,,,2034.0,1,1,2
Song,Fog & Fiddle,False,2036,Oceanus Folk,True,17290,,,,2036.0,2,1,3
Song,The Fisherman's Prayer,True,2036,Oceanus Folk,False,17291,,,,2036.0,0,1,1
Song,Stormsong,True,2038,Oceanus Folk,True,17292,,,,2038.0,2,1,3
Song,Salt in My Veins,False,2040,Oceanus Folk,False,17293,,,,2040.0,0,1,1
Song,The Last Mariner,False,2040,Oceanus Folk,False,17294,,,,2040.0,0,1,1
Person,Silas Finch,,,,,17295,,,,,5,0,5
Person,Coralia Bellweather,,,,,17296,,,,,6,0,6
Person,Barnaby Quill,,,,,17297,,,,,5,0,5
Person,Marina Grey,,,,,17298,,,,,5,0,5
MusicalGroup,The Saltwater Weavers,,,,,17299,,,,,9,21,30
Album,Beneath the Coral Moon,,1995,Oceanus Folk,True,17300,1994,,,1995.0,0,6,6
Album,Salt-Stained Chronicles,,1997,Oceanus Folk,True,17301,1996,,,1997.0,0,6,6
Album,The Kelp Forest Ballads,,1999,Oceanus Folk,True,17302,1998,,,1999.0,0,6,6
Album,Tempest's Wake,,2001,Oceanus Folk,True,17303,2000,,,2001.0,1,6,7
Song,Tripping on the Water,True,1995,Oceanus Folk,False,17304,,,,1995.0,0,1,1
Song,The One,False,1997,Oceanus Folk,False,17305,,,,1997.0,0,1,1
Song,Alight,True,1999,Oceanus Folk,False,17306,,,,1999.0,0,1,1
Song,Albatross,False,2001,Oceanus Folk,False,17307,,,,2001.0,1,1,2
Song,By the Stars,False,2001,Oceanus Folk,False,17308,,,,2001.0,1,1,2
Person,Levi Holloway,,,,,17309,,,,,5,0,5
Person,Marin Thorne,,,,,17310,,,,,5,0,5
Person,Jonah Calloway,,,,,17311,,,,,5,0,5
Person,Eleanor Wren,,,,,17312,,,,,4,0,4
Person,Caleb Foster,,,,,17313,,,,,4,0,4
MusicalGroup,The Tide Singer's Knot,,,,,17314,,,,,8,18,26
Album,Ghostlights & Galleons,,1993,Oceanus Folk,True,17315,1992,,,1993.0,0,7,7
Album,Currents & Curses,,1994,Oceanus Folk,True,17316,1993,,,1994.0,0,7,7
Album,The Quiet of the Deep,,1995,Oceanus Folk,True,17317,1994,,,1995.0,0,7,7
Song,Lanterns on the Water,True,1993,Oceanus Folk,False,17318,,,,1993.0,0,1,1
Song,Knot & Tether,False,1993,Oceanus Folk,True,17319,,,,1993.0,0,1,1
Song,Bones in the Brig,False,1994,Oceanus Folk,False,17320,,,,1994.0,0,2,2
Song,Stormglass,True,1995,Oceanus Folk,False,17321,,,,1995.0,0,1,1
Song,Widow’s Walk,False,1995,Oceanus Folk,False,17322,,,,1995.0,0,1,1
Person,Orin Caldwell,,,,,17323,,,,,5,0,5
Person,Selena Marrow,,,,,17324,,,,,5,0,5
Person,Thorne Rivenhall,,,,,17325,,,,,5,0,5
Person,Jonas Fenwick,,,,,17326,,,,,5,0,5
MusicalGroup,Drowned Harbor,,,,,17327,,,,,12,18,30
Album,Wreck and Reverie,,2005,Oceanus Folk,True,17328,2004,,,2005.0,0,6,6
Album,Ossuary of the Deep,,2008,Oceanus Folk,True,17329,2007,,,2008.0,0,6,6
Album,Phantom Currents,,2010,Oceanus Folk,True,17330,2009,,,2010.0,1,6,7
Album,Lodestone & Lament,,2013,Oceanus Folk,True,17331,2012,,,2013.0,2,6,8
Song,Where the Lanterns Fade,True,2005,Oceanus Folk,False,17332,,,,2005.0,0,1,1
Song,The Undertow Waltz,False,2005,Oceanus Folk,False,17333,,,,2005.0,1,1,2
Song,Sable Waves,True,2008,Oceanus Folk,False,17334,,,,2008.0,0,1,1
Song,Blackwater Hymn,False,2010,Oceanus Folk,True,17335,,,,2010.0,0,1,1
Song,The Coral Spire,True,2010,Oceanus Folk,False,17336,,,,2010.0,0,1,1
Song,Wake Drinker,False,2013,Oceanus Folk,False,17337,,,,2013.0,0,1,1
Song,Vanishing Point,False,2013,Oceanus Folk,False,17338,,,,2013.0,1,1,2
Song,The Sompass Spins,False,2013,Oceanus Folk,False,17339,,,,2013.0,1,1,2
Person,Orla Seabloom,,,,,17340,,,,,12,1,13
Album,Whispers of the Deep,,2029,Oceanus Folk,True,17341,2028,,,2029.0,0,3,3
Song,Beneath the Whispering Waves,True,2029,Oceanus Folk,True,17342,,,2029,2029.0,2,1,3
Song,Seasheel Lullaby,False,2029,Oceanus Folk,True,17343,,,2029,2029.0,1,1,2
Song,Riding the Moon's Reflection,False,2029,Oceanus Folk,True,17344,,,2029,2029.0,2,1,3
Song,Tidal Journey,False,2029,Oceanus Folk,True,17345,,,2029,2029.0,1,1,2
Song,Ebbing Heart,False,2029,Oceanus Folk,True,17346,,,2029,2029.0,0,1,1
Song,The Shifting Sands,False,2029,Oceanus Folk,True,17347,,,2029,2029.0,1,1,2
Song,The Song of Forgotten Shores,False,2029,Oceanus Folk,True,17348,,,2029,2029.0,0,1,1
Person,Beatrice Albright,,,,,17349,,Bea Azure,,,14,1,15
Album,Tidesworn Ballads,,2031,Oceanus Folk,True,17350,2030,,,2031.0,1,6,7
Song,The Siren's Sigh,False,2031,Oceanus Folk,True,17351,,,2031,2031.0,1,1,2
Song,Whispers on the Jetty Wind,True,2031,Oceanus Folk,True,17352,,,2031,2031.0,2,1,3
Song,Moonlit Kelp Forest Dance,False,2031,Oceanus Folk,True,17353,,,2031,2031.0,1,1,2
Song,Seven Fathoms Deep,False,2031,Oceanus Folk,True,17354,,,2031,2031.0,2,1,3
Person,Daniel O'Connell,,,,,17355,,Kael Storm,,,14,1,15
Album,Submerged Sonatas,,2031,Oceanus Folk,True,17356,2030,,,2031.0,0,6,6
Song,The Language of the Tides,False,2031,Oceanus Folk,True,17357,,,2031,2031.0,0,1,1
Song,Coral Bloom Energy,False,2031,Oceanus Folk,True,17358,,,2031,2031.0,0,1,1
Song,Song of the Wandering Whale,True,2031,Oceanus Folk,True,17359,,,2031,2031.0,0,1,1
Song,Deep Sea Reverie,False,2031,Oceanus Folk,True,17360,,,2031,2031.0,0,1,1
MusicalGroup,Copper Canyon Ghosts,,,,,17361,,,,,9,3,12
Album,Tide-Worn Tales,,2034,Oceanus Folk,True,17362,2033,,,2034.0,2,6,8
Album,The Sunken Compass,,2035,Oceanus Folk,True,17363,2034,,,2035.0,2,6,8
Song,Crimson Cliffs Awakening,False,2034,Oceanus Folk,True,17364,,,2034,2034.0,1,1,2
Song,Salt-Stained Letters,False,2034,Oceanus Folk,True,17365,,,2034,2034.0,0,1,1
Song,"Canyon Echoes, Ocean Dreams",True,2034,Oceanus Folk,True,17366,,,2034,2034.0,0,1,1
Song,The Cartographer's Curse,False,2035,Oceanus Folk,True,17367,,,2035,2035.0,1,1,2
Song,Shadows in Smuggler's Cove,False,2035,Oceanus Folk,True,17368,,,2035,2035.0,1,1,2
RecordLabel,Coastal Harmony Studios,,,,,17369,,,,,18,0,18
RecordLabel,Oceanic Records,,,,,17370,,,,,38,0,38
RecordLabel,Calende Sound,,,,,17371,,,,,3,0,3
RecordLabel,Radiant Echo,,,,,17372,,,,,3,0,3
RecordLabel,Sovereign Sound Archives,,,,,17373,,,,,3,0,3
RecordLabel,Freefall Music,,,,,17374,,,,,2,0,2
RecordLabel,Starbound Studios,,,,,17375,,,,,3,0,3
RecordLabel,MTJ Horizon,,,,,17376,,,,,3,0,3
RecordLabel,Vertical Ascent Records,,,,,17377,,,,,4,0,4
RecordLabel,Zenith Records,,,,,17378,,,,,4,0,4
RecordLabel,Highland Harmony,,,,,17379,,,,,3,0,3
RecordLabel,Center Sound,,,,,17380,,,,,3,0,3
RecordLabel,Indigenous Echo,,,,,17381,,,,,4,0,4
RecordLabel,Soliloquy Sounds,,,,,17382,,,,,3,0,3
RecordLabel,Medoc Music,,,,,17383,,,,,3,0,3
RecordLabel,StarRoc Music,,,,,17384,,,,,3,0,3
RecordLabel,Serra Soundtrack,,,,,17385,,,,,3,0,3
RecordLabel,Honeydew Harmony,,,,,17386,,,,,2,0,2
RecordLabel,Little Pine Records,,,,,17387,,,,,3,0,3
RecordLabel,Agata Records,,,,,17388,,,,,3,0,3
RecordLabel,Plenary Sound,,,,,17389,,,,,4,0,4
RecordLabel,Cultural Harmony,,,,,17390,,,,,4,0,4
RecordLabel,Silverlight Sound,,,,,17391,,,,,4,0,4
RecordLabel,Parallax Sounds,,,,,17392,,,,,4,0,4
RecordLabel,Vertical Altitude,,,,,17393,,,,,4,0,4
RecordLabel,Oceanus Records,,,,,17394,,,,,14,0,14
Person,B.D. Wolf,,,,,17395,,,,,1,0,1
Person,Bronze Tiger,,,,,17396,,,,,1,0,1
Person,The Lunar Manifesto,,,,,17397,,,,,1,0,1
Person,Eon,,,,,17398,,,,,1,0,1
Person,Echelon,,,,,17399,,,,,1,0,1
Person,PRVISE,,,,,17400,,,,,1,0,1
Person,DRIP$ETTA,,,,,17401,,,,,1,0,1
Person,N.V. Blake,,,,,17402,,,,,2,0,2
Person,Omnira,,,,,17403,,,,,1,0,1
Person,The Hollow Vestige,,,,,17404,,,,,1,0,1
Person,Isa Carmichael,,,,,17405,,,,,1,0,1
Person,Ivy Steele,,,,,17406,,,,,3,0,3
Person,Nate Wild,,,,,17407,,,,,3,0,3
Person,Scarlett Moon,,,,,17408,,,,,3,0,3
Person,Isla Quinn,,,,,17409,,,,,1,0,1
Song,Seashell Serenade,True,2030,Oceanus Folk,True,17410,,,2030,2030.0,0,2,2
Song,Tidal Whisper,True,2033,Oceanus Folk,True,17411,,,2033,2033.0,1,2,3
